split,image,reason,num_boxes
train,/content/American-Language-1/train/images/A-10-_jpeg.rf.00deb6ff0107f727d6a37da1c627f9fc.jpg,no_hand_detected,1
train,/content/American-Language-1/train/images/A-11-_jpeg.rf.3c571ad9b96314f11e3271ed4b36cbf6.jpg,no_hand_detected,1
train,/content/American-Language-1/train/images/A-11-_jpeg.rf.72d7a562557a36eb2022841a32c86855.jpg,no_hand_detected,1
train,/content/American-Language-1/train/images/A-12-_jpeg.rf.b74cd91919c88f12b4ec87e39775144e.jpg,no_hand_detected,1
train,/content/American-Language-1/train/images/A-12-_jpeg.rf.f74f5197133e3b617c2894dbd899696e.jpg,no_hand_detected,1
train,/content/American-Language-1/train/images/A-12-_jpeg.rf.fbc8c42f4b050c7ba5479729774ae4d2.jpg,no_hand_detected,1
train,/content/American-Language-1/train/images/A-13-_jpeg.rf.5e922aaa433b3e12887e1d8a1d01ad26.jpg,no_hand_detected,1
train,/content/American-Language-1/train/images/A-13-_jpeg.rf.9751b608eb04ff8234cf93f5ca5fa003.jpg,no_hand_detected,1
train,/content/American-Language-1/train/images/A-14-_jpeg.rf.656460f9052887517a7819317b7de8a3.jpg,no_hand_detected,1
train,/content/American-Language-1/train/images/A-14-_jpeg.rf.b93de2d244c5ea27729471b1c3545004.jpg,no_hand_detected,1
train,/content/American-Language-1/train/images/A-15-_jpeg.rf.095304fb5b12bc5afcbcc7ee42c2923e.jpg,no_hand_detected,1
train,/content/American-Language-1/train/images/A-15-_jpeg.rf.9f68b5503eb74a3e226a483ac6223c15.jpg,no_hand_detected,1
train,/content/American-Language-1/train/images/A-15-_jpeg.rf.b6594538bdff2ef76993c1564c62f73e.jpg,no_hand_detected,1
train,/content/American-Language-1/train/images/A-17-_jpeg.rf.be46ebb560f3ba30c3903ab7fda77e59.jpg,no_hand_detected,1
train,/content/American-Language-1/train/images/A-17-_jpeg.rf.d85025438364713040ee6a13502c4fd1.jpg,no_hand_detected,1
train,/content/American-Language-1/train/images/A-17-_jpeg.rf.db289e77f2126f0ffc3dc6ef2947d122.jpg,no_hand_detected,1
train,/content/American-Language-1/train/images/A-18-_jpeg.rf.3aea132672f0fac19ba0247c18c10bac.jpg,no_hand_detected,1
train,/content/American-Language-1/train/images/A-18-_jpeg.rf.8da12e34ee8d0fbd6d1f283170790f07.jpg,no_hand_detected,1
train,/content/American-Language-1/train/images/A-18-_jpeg.rf.a456c25daa5ab3776771f81378fdf197.jpg,no_hand_detected,1
train,/content/American-Language-1/train/images/A-19-_jpeg.rf.b6257e367ee0aa07a07847fea5d488df.jpg,no_hand_detected,1
train,/content/American-Language-1/train/images/A-20-_jpeg.rf.569fec2d43fedab224504d36a11530e6.jpg,no_hand_detected,1
train,/content/American-Language-1/train/images/A-22-_jpeg.rf.df278430f8873a0776dba58b50beb962.jpg,no_hand_detected,1
train,/content/American-Language-1/train/images/A-24-_jpeg.rf.81c32991fbd08d0f8ec7595db40051d7.jpg,no_hand_detected,1
train,/content/American-Language-1/train/images/A-24-_jpeg.rf.86c805374193bdbe768d18b973a37de7.jpg,no_hand_detected,1
train,/content/American-Language-1/train/images/A-24-_jpeg.rf.94a0f59d2c46f3aaba90a61d44560542.jpg,no_hand_detected,1
train,/content/American-Language-1/train/images/A-25-_jpeg.rf.7c2a32363843c3ffcfc858e336739a20.jpg,no_hand_detected,1
train,/content/American-Language-1/train/images/A-25-_jpeg.rf.91cb79f9748506f56e6f0e0a62db5bf1.jpg,no_hand_detected,1
train,/content/American-Language-1/train/images/A-25-_jpeg.rf.950882fa51e1223397add4b9ec4352a7.jpg,no_hand_detected,1
train,/content/American-Language-1/train/images/A-26-_jpeg.rf.106813e3104332a29029cfbf7f12467d.jpg,no_hand_detected,1
train,/content/American-Language-1/train/images/A-26-_jpeg.rf.44ab4f8141018383ee9345dbf1b8a5fa.jpg,no_hand_detected,1
train,/content/American-Language-1/train/images/A-26-_jpeg.rf.5f1c9340bc579a8a35f87dbe4dcee57b.jpg,no_hand_detected,1
train,/content/American-Language-1/train/images/A-28-_jpeg.rf.c0cac034b492151b950c77c71130d6b3.jpg,no_hand_detected,1
train,/content/American-Language-1/train/images/A-28-_jpeg.rf.f628df5796577afa281bcf4550d59a08.jpg,no_hand_detected,1
train,/content/American-Language-1/train/images/A-3-_jpeg.rf.c1acd389766cb926aa1ebf4410120319.jpg,no_hand_detected,1
train,/content/American-Language-1/train/images/A-3-_jpeg.rf.c70cc217d7d93ab10a239d4e91ab769d.jpg,no_hand_detected,1
train,/content/American-Language-1/train/images/A-3-_jpeg.rf.fee014cf0cea5f3c1dda08068bfa6fc5.jpg,no_hand_detected,1
train,/content/American-Language-1/train/images/A-30-_jpeg.rf.64f1a72842f095168955674a8d0d8e6f.jpg,no_hand_detected,1
train,/content/American-Language-1/train/images/A-30-_jpeg.rf.840fbdbf62b5eb9bbc3de5297cb45ed6.jpg,no_hand_detected,1
train,/content/American-Language-1/train/images/A-32-_jpeg.rf.59c373cf5c54bc166b65188ada4b7dcd.jpg,no_hand_detected,1
train,/content/American-Language-1/train/images/A-32-_jpeg.rf.6be3816638ba09768c94abcc29c99d2f.jpg,no_hand_detected,1
train,/content/American-Language-1/train/images/A-33-_jpeg.rf.012c35ad04169114feb6e0391b0b8e7a.jpg,no_hand_detected,1
train,/content/American-Language-1/train/images/A-34-_jpeg.rf.2f56965311c3d1da15aa3568d1ab83f2.jpg,no_hand_detected,1
train,/content/American-Language-1/train/images/A-34-_jpeg.rf.5d9db2d7b61ed796eb73b69e447c7d06.jpg,no_hand_detected,1
train,/content/American-Language-1/train/images/A-34-_jpeg.rf.f6c52d9e8b2d0e3ac9bb8b5682b639f6.jpg,no_hand_detected,1
train,/content/American-Language-1/train/images/A-36-_jpeg.rf.32cb433cfa5e82eec747831c8e5277f3.jpg,no_hand_detected,1
train,/content/American-Language-1/train/images/A-36-_jpeg.rf.59b5904f74de08aed11e01713e7317f4.jpg,no_hand_detected,1
train,/content/American-Language-1/train/images/A-36-_jpeg.rf.f75cce510a21af157e1be39d5ef7d0a2.jpg,no_hand_detected,1
train,/content/American-Language-1/train/images/A-37-_jpeg.rf.20191634e10e08840fc0a70ec1259d43.jpg,no_hand_detected,1
train,/content/American-Language-1/train/images/A-37-_jpeg.rf.44eca7fa87edbb1658cfd274d7d7108e.jpg,no_hand_detected,1
train,/content/American-Language-1/train/images/A-37-_jpeg.rf.ad1aee8775fa350e3077c1ab01bfedfe.jpg,no_hand_detected,1
train,/content/American-Language-1/train/images/A-38-_jpeg.rf.02e2da5a1552ddc4ce9f39c188fc2662.jpg,no_hand_detected,1
train,/content/American-Language-1/train/images/A-38-_jpeg.rf.b2c17aacf4cbc989eaf8558ec6cbeb3d.jpg,no_hand_detected,1
train,/content/American-Language-1/train/images/A-38-_jpeg.rf.e40bdf6ba18ad44324090988be317be2.jpg,no_hand_detected,1
train,/content/American-Language-1/train/images/A-39-_jpeg.rf.3f9568fc67dfccb3d8f8c6970c96f0b9.jpg,no_hand_detected,1
train,/content/American-Language-1/train/images/A-41-_jpeg.rf.17e14650a6deb7e39552deb526e42159.jpg,no_hand_detected,1
train,/content/American-Language-1/train/images/A-41-_jpeg.rf.303c687240f36a6864f3ad556ace0891.jpg,no_hand_detected,1
train,/content/American-Language-1/train/images/A-44-_jpeg.rf.127b7bbe9d640115b5440be364d1827d.jpg,no_hand_detected,1
train,/content/American-Language-1/train/images/A-44-_jpeg.rf.7991630304cd63ab2656f05ee150c51f.jpg,no_hand_detected,1
train,/content/American-Language-1/train/images/A-44-_jpeg.rf.fe0cacf25c86cd47598c91b71790e3b5.jpg,no_hand_detected,1
train,/content/American-Language-1/train/images/A-45-_jpeg.rf.2605642e5bcb09de2d9af7edfc2ef15d.jpg,no_hand_detected,1
train,/content/American-Language-1/train/images/A-45-_jpeg.rf.84b0fc0e268186c4d1d2f48c0b98671b.jpg,no_hand_detected,1
train,/content/American-Language-1/train/images/A-45-_jpeg.rf.eafc7357f600dc34255e0e97c237ac53.jpg,no_hand_detected,1
train,/content/American-Language-1/train/images/A-47-_jpeg.rf.15cabfcc8e338a9e568cb2d8827faade.jpg,no_hand_detected,1
train,/content/American-Language-1/train/images/A-47-_jpeg.rf.22528caf9c37d957dcd431d27bd55faa.jpg,no_hand_detected,1
train,/content/American-Language-1/train/images/A-47-_jpeg.rf.332c36cd18b73ea0f63db716a0a41d37.jpg,no_hand_detected,1
train,/content/American-Language-1/train/images/A-48-_jpeg.rf.648a1f37889e6382ad0892ff83cc48d6.jpg,no_hand_detected,1
train,/content/American-Language-1/train/images/A-48-_jpeg.rf.9fd2f512bd4a323e6fa771f1d5c52255.jpg,no_hand_detected,1
train,/content/American-Language-1/train/images/A-48-_jpeg.rf.a6b8351f5d0450f32562ca3e2bad44bb.jpg,no_hand_detected,1
train,/content/American-Language-1/train/images/A-49-_jpeg.rf.1a9f725d6efefae7e6ba773a7d64a7af.jpg,no_hand_detected,1
train,/content/American-Language-1/train/images/A-49-_jpeg.rf.26296a223b41fee33fef622bddaf9506.jpg,no_hand_detected,1
train,/content/American-Language-1/train/images/A-49-_jpeg.rf.aee529b3671361cf37b90680b837479c.jpg,no_hand_detected,1
train,/content/American-Language-1/train/images/A-5-_jpeg.rf.bd00cf34fc77c08cded05609e195c2f9.jpg,no_hand_detected,1
train,/content/American-Language-1/train/images/A-50-_jpeg.rf.5903f334e7028b0cfa7ff38c9c608ed6.jpg,no_hand_detected,1
train,/content/American-Language-1/train/images/A-50-_jpeg.rf.768344bd2c5b256817ba6ea338d29f04.jpg,no_hand_detected,1
train,/content/American-Language-1/train/images/A-50-_jpeg.rf.f007fcae9b3089d58e543654c7dde294.jpg,no_hand_detected,1
train,/content/American-Language-1/train/images/A-51-_jpeg.rf.231f06bf2e61c06578c150b508f934e1.jpg,no_hand_detected,1
train,/content/American-Language-1/train/images/A-51-_jpeg.rf.d9d418d43c41c5bbc6795d7654d90ee4.jpg,no_hand_detected,1
train,/content/American-Language-1/train/images/A-51-_jpeg.rf.fa3cfa5bfeffb804bd62bd3b7f89b430.jpg,no_hand_detected,1
train,/content/American-Language-1/train/images/A-52-_jpeg.rf.64a98881e5fd5681a2af6b0b3d051a0c.jpg,no_hand_detected,1
train,/content/American-Language-1/train/images/A-53-_jpeg.rf.54d9d97ad36e08405f9c9cb94c9c48d4.jpg,no_hand_detected,1
train,/content/American-Language-1/train/images/A-53-_jpeg.rf.81bbe56df47c00dbf682bbb21e257fa3.jpg,no_hand_detected,1
train,/content/American-Language-1/train/images/A-53-_jpeg.rf.d6ed45d26fa63c72476f6125682921ca.jpg,no_hand_detected,1
train,/content/American-Language-1/train/images/A-54-_jpeg.rf.2da83285457b6a792f2b696bee4f810d.jpg,no_hand_detected,1
train,/content/American-Language-1/train/images/A-54-_jpeg.rf.6b13e17516fa298adaf717d7fd83620a.jpg,no_hand_detected,1
train,/content/American-Language-1/train/images/A-54-_jpeg.rf.c381f2eab9bb808cf1d26ba2f443a2bd.jpg,no_hand_detected,1
train,/content/American-Language-1/train/images/A-55-_jpeg.rf.2213940dca2fec0c096134197096ef7d.jpg,no_hand_detected,1
train,/content/American-Language-1/train/images/A-55-_jpeg.rf.8d40dbc4076d5dd855116ae27d554f57.jpg,no_hand_detected,1
train,/content/American-Language-1/train/images/A-56-_jpeg.rf.89f8b83aa088ee141f0c56a350166d66.jpg,no_hand_detected,1
train,/content/American-Language-1/train/images/A-56-_jpeg.rf.b1290bc376222a88cfbc3512476e3429.jpg,no_hand_detected,1
train,/content/American-Language-1/train/images/A-56-_jpeg.rf.cbb43ed15d9d7452b2cf9cb099791b98.jpg,no_hand_detected,1
train,/content/American-Language-1/train/images/A-57-_jpeg.rf.5725ad5ee46c6e8cd2e6ed856c0e0360.jpg,no_hand_detected,1
train,/content/American-Language-1/train/images/A-57-_jpeg.rf.92884cdd42103f01abcd663e4d7a5312.jpg,no_hand_detected,1
train,/content/American-Language-1/train/images/A-58-_jpeg.rf.3cdd382cc2bfaa00e72abdf83667c9c5.jpg,no_hand_detected,1
train,/content/American-Language-1/train/images/A-58-_jpeg.rf.4e186da8edcf2cc9f89d37356182e830.jpg,no_hand_detected,1
train,/content/American-Language-1/train/images/A-58-_jpeg.rf.9cd0b56e64e05659a36e1ab8706bbd35.jpg,no_hand_detected,1
train,/content/American-Language-1/train/images/A-60-_jpeg.rf.4030ad390bc8a06ad45188e7e31ed49c.jpg,no_hand_detected,1
train,/content/American-Language-1/train/images/A-60-_jpeg.rf.da3647592bf03961f9b6ca6a879dd7d9.jpg,no_hand_detected,1
train,/content/American-Language-1/train/images/A-60-_jpeg.rf.dc61065eac4df7737bcc99ce7fd0ba93.jpg,no_hand_detected,1
train,/content/American-Language-1/train/images/A-61-_jpeg.rf.97be088389e53d3b06ee4503df62e09f.jpg,no_hand_detected,1
train,/content/American-Language-1/train/images/A-61-_jpeg.rf.ac6513881fa2101045276134f93b38e7.jpg,no_hand_detected,1
train,/content/American-Language-1/train/images/A-62-_jpeg.rf.7b009993dbd802252c03402b93e5e3de.jpg,no_hand_detected,1
train,/content/American-Language-1/train/images/A-64-_jpeg.rf.5197f192690b179367cef7fe5ac17ef0.jpg,no_hand_detected,1
train,/content/American-Language-1/train/images/A-64-_jpeg.rf.c6b244fb46bab2a51effd64e47e0c526.jpg,no_hand_detected,1
train,/content/American-Language-1/train/images/A-64-_jpeg.rf.f0147229b0b1734660bf8eeb92ff15c4.jpg,no_hand_detected,1
train,/content/American-Language-1/train/images/A-66-_jpeg.rf.9c69949da3e8e3f05e443ac126942614.jpg,no_hand_detected,1
train,/content/American-Language-1/train/images/A-66-_jpeg.rf.b8e86b1e550d743e029c4c83e27f507b.jpg,no_hand_detected,1
train,/content/American-Language-1/train/images/A-66-_jpeg.rf.ff56d309aee91edb2ade5706a302491f.jpg,no_hand_detected,1
train,/content/American-Language-1/train/images/A-67-_jpeg.rf.aea8f7aa238c5f2e2729ded74d79e415.jpg,no_hand_detected,1
train,/content/American-Language-1/train/images/A-67-_jpeg.rf.ebeeaacfde2a638a0733c309b143c608.jpg,no_hand_detected,1
train,/content/American-Language-1/train/images/A-67-_jpeg.rf.f9386a498be272fd6e267fae56a7313c.jpg,no_hand_detected,1
train,/content/American-Language-1/train/images/A-69-_jpeg.rf.3c846d736c51ab9adcc078ec48e0b725.jpg,no_hand_detected,1
train,/content/American-Language-1/train/images/A-69-_jpeg.rf.a7e843c492445f4c0460cd352e7a445c.jpg,no_hand_detected,1
train,/content/American-Language-1/train/images/A-7-_jpeg.rf.7a7d7ffff2754a72d8f5a16113172d9d.jpg,no_hand_detected,1
train,/content/American-Language-1/train/images/A-7-_jpeg.rf.b2cc84dfb29ba9ff772d88b2c3a35325.jpg,no_hand_detected,1
train,/content/American-Language-1/train/images/A-70-_jpeg.rf.060b09bb605a226605def981f212113b.jpg,no_hand_detected,1
train,/content/American-Language-1/train/images/A-70-_jpeg.rf.19a4b37b92cd1e6ce355b237fef53488.jpg,no_hand_detected,1
train,/content/American-Language-1/train/images/A-70-_jpeg.rf.d61e82aef8565bbe04da899f45e06107.jpg,no_hand_detected,1
train,/content/American-Language-1/train/images/A-8-_jpeg.rf.9636be230de0cf99317398d80b493ad2.jpg,no_hand_detected,1
train,/content/American-Language-1/train/images/A-8-_jpeg.rf.e3f1b901aef4564bc1f15eb09d94d996.jpg,no_hand_detected,1
train,/content/American-Language-1/train/images/A-9-_jpeg.rf.4763682c8aa35498658174e64d37b931.jpg,no_hand_detected,1
train,/content/American-Language-1/train/images/A-9-_jpeg.rf.ad2daa2f413c5cd6b0651479514bfb60.jpg,no_hand_detected,1
train,/content/American-Language-1/train/images/A-9-_jpeg.rf.e7d57b0b4c2c730ca3ca15cb77a32faf.jpg,no_hand_detected,1
train,/content/American-Language-1/train/images/A0_jpg.rf.087caf8930c0abbda17c8d09e81317eb.jpg,no_hand_detected,1
train,/content/American-Language-1/train/images/A0_jpg.rf.9c13f61b10391b6ab92593ba458d20b4.jpg,no_hand_detected,1
train,/content/American-Language-1/train/images/A0_jpg.rf.a96e1e7fa8da55208d4437029333eb75.jpg,no_hand_detected,1
train,/content/American-Language-1/train/images/A0_jpg.rf.b9767a1453125ff14cf7bf3fe53e9538.jpg,no_hand_detected,1
train,/content/American-Language-1/train/images/A11_jpg.rf.49dd6269e479b99f034377d38ea25891.jpg,no_hand_detected,1
train,/content/American-Language-1/train/images/A11_jpg.rf.8489f161cdeb21b796ba027a96524c5c.jpg,no_hand_detected,1
train,/content/American-Language-1/train/images/A11_jpg.rf.d9d3501a70a17eb240db5b92c9051fc9.jpg,no_hand_detected,1
train,/content/American-Language-1/train/images/A15_jpg.rf.9a25de8c62c812d146a77a08f2e722ce.jpg,no_hand_detected,1
train,/content/American-Language-1/train/images/A16_jpg.rf.08ed015b95a9215685cf7c825097f557.jpg,no_hand_detected,1
train,/content/American-Language-1/train/images/A16_jpg.rf.0f7a1b6ad36cd22dcbe5a2d6e27ce3e8.jpg,no_hand_detected,1
train,/content/American-Language-1/train/images/A17_jpg.rf.3bf11350c19a415d729b8e299790fdaa.jpg,no_hand_detected,1
train,/content/American-Language-1/train/images/A17_jpg.rf.6145c7659d746f4121116a7bff1ba7ce.jpg,no_hand_detected,1
train,/content/American-Language-1/train/images/A17_jpg.rf.64550463f3cc568dab2e7b5618886e8f.jpg,no_hand_detected,1
train,/content/American-Language-1/train/images/A18_jpg.rf.0ce8b6e09e5624c5a3610a5f0c5f3c6d.jpg,no_hand_detected,1
train,/content/American-Language-1/train/images/A18_jpg.rf.ccc3d1733151ccab6846ae33f71c41a5.jpg,no_hand_detected,1
train,/content/American-Language-1/train/images/A19_jpg.rf.ab4f3d0504534172025ad0e03fc98cd7.jpg,no_hand_detected,1
train,/content/American-Language-1/train/images/A23_jpg.rf.0a8524753d9c744b51de91f17bd6281c.jpg,no_hand_detected,1
train,/content/American-Language-1/train/images/A23_jpg.rf.23fa2d70c74509364947836b0370f59b.jpg,no_hand_detected,1
train,/content/American-Language-1/train/images/A23_jpg.rf.3d64fc775fedc3bdc1730cb234d73c46.jpg,no_hand_detected,1
train,/content/American-Language-1/train/images/A23_jpg.rf.f58f27e6888f420cb2c14392cf593526.jpg,no_hand_detected,1
train,/content/American-Language-1/train/images/A24_jpg.rf.3167b03c6fa0e709f4764e6b51bb4b10.jpg,no_hand_detected,1
train,/content/American-Language-1/train/images/A24_jpg.rf.964f92b912945c816bcff4bab410c8cd.jpg,no_hand_detected,1
train,/content/American-Language-1/train/images/A24_jpg.rf.bf6fb6d781cfb8dbe418f802f53f33e4.jpg,no_hand_detected,1
train,/content/American-Language-1/train/images/A25_jpg.rf.41fe92d6ac9f3ed493c69bda482168a0.jpg,no_hand_detected,1
train,/content/American-Language-1/train/images/A25_jpg.rf.60a65da0ec66265c0695e070f8efcc05.jpg,no_hand_detected,1
train,/content/American-Language-1/train/images/A25_jpg.rf.ac674502b44ef1a18ecfc9ff17cadd88.jpg,no_hand_detected,1
train,/content/American-Language-1/train/images/A25_jpg.rf.f4ce4066d1146013c3f3e38b055cdc61.jpg,no_hand_detected,1
train,/content/American-Language-1/train/images/A27_jpg.rf.43177c93fe3a8e6e986feb1324c6799d.jpg,no_hand_detected,1
train,/content/American-Language-1/train/images/A4_jpg.rf.42e7ee113b0652ccda9f148b72973d7a.jpg,no_hand_detected,1
train,/content/American-Language-1/train/images/A4_jpg.rf.8ea155790abd371bbab8a727fbab7c06.jpg,no_hand_detected,1
train,/content/American-Language-1/train/images/A5_jpg.rf.a992381890bbf1c306e684ee30550027.jpg,no_hand_detected,1
train,/content/American-Language-1/train/images/A5_jpg.rf.ba53d8e94a4e9e8138f1bf92312b01c2.jpg,no_hand_detected,1
train,/content/American-Language-1/train/images/A5_jpg.rf.f6b882b2975a1a20cd7cc09803574f16.jpg,no_hand_detected,1
train,/content/American-Language-1/train/images/A6_jpg.rf.93e3108c62e1d7ace8b4eec547ab8f9b.jpg,no_hand_detected,1
train,/content/American-Language-1/train/images/A6_jpg.rf.cc654fb1f39f15842f1fd04ed79159b7.jpg,no_hand_detected,1
train,/content/American-Language-1/train/images/A7_jpg.rf.eca050c464bb3354c415c564d1fc9a2f.jpg,no_hand_detected,1
train,/content/American-Language-1/train/images/A8_jpg.rf.70e2fcfba29108f35050e915c490dc6d.jpg,no_hand_detected,1
train,/content/American-Language-1/train/images/A8_jpg.rf.ad37077731ea24f9aeaec59998d73ad1.jpg,no_hand_detected,1
train,/content/American-Language-1/train/images/B-12-_jpeg.rf.3c7bdcc3454a4c052cff10d3c4392c84.jpg,no_hand_detected,1
train,/content/American-Language-1/train/images/B-12-_jpeg.rf.81bd19d24de46a0668f00d43d66f6331.jpg,no_hand_detected,1
train,/content/American-Language-1/train/images/B-29-_jpeg.rf.d1385e989521fba09160adae5a5f7cf0.jpg,no_hand_detected,1
train,/content/American-Language-1/train/images/B-32-_jpeg.rf.cd3a4f45978eb0e9139ad5cf3f3bbada.jpg,no_hand_detected,1
train,/content/American-Language-1/train/images/B-39-_jpeg.rf.48f6bceb29b78a810218c97a65261fab.jpg,no_hand_detected,1
train,/content/American-Language-1/train/images/B-39-_jpeg.rf.c539ef39fde428b32b9dbdeddf711ffc.jpg,no_hand_detected,1
train,/content/American-Language-1/train/images/B-39-_jpeg.rf.ea5bd70420dc7fd0ba44cbb32116da58.jpg,no_hand_detected,1
train,/content/American-Language-1/train/images/B-40-_jpeg.rf.0774c1d550efdcc7d22951c2717d33d7.jpg,no_hand_detected,1
train,/content/American-Language-1/train/images/B-40-_jpeg.rf.950ebb91c6341906e883e9d75d6f4931.jpg,no_hand_detected,1
train,/content/American-Language-1/train/images/B-40-_jpeg.rf.e0651b72087450723ae162cf1460e4c0.jpg,no_hand_detected,1
train,/content/American-Language-1/train/images/B-41-_jpeg.rf.6e8a50bbf368c1a5407f4c11cb6f714c.jpg,no_hand_detected,1
train,/content/American-Language-1/train/images/B-41-_jpeg.rf.97cb51976dd0d2ef1b7cc77ff9cb30c3.jpg,no_hand_detected,1
train,/content/American-Language-1/train/images/B-42-_jpeg.rf.324138fdbeabb41c712b9dda06a49e8d.jpg,no_hand_detected,1
train,/content/American-Language-1/train/images/B-42-_jpeg.rf.e35688f80a348e69ed20956994afc516.jpg,no_hand_detected,1
train,/content/American-Language-1/train/images/B-8-_jpeg.rf.4f3f74e3c7bb1710ef2ddda4b3415811.jpg,no_hand_detected,1
train,/content/American-Language-1/train/images/B3_jpg.rf.06d236dfa99dbea60818a52ed7ce952f.jpg,no_hand_detected,1
train,/content/American-Language-1/train/images/B3_jpg.rf.89c5240a596fc4e9ce2a7734d40ad2b1.jpg,no_hand_detected,1
train,/content/American-Language-1/train/images/B3_jpg.rf.8e7460e354f7bf575dd22d7befae1af5.jpg,no_hand_detected,1
train,/content/American-Language-1/train/images/B3_jpg.rf.9165f1736b59d08d42c297bd40d02af0.jpg,no_hand_detected,1
train,/content/American-Language-1/train/images/B4_jpg.rf.0c2e6e644b10b499e7cefd4270da40cb.jpg,no_hand_detected,1
train,/content/American-Language-1/train/images/B4_jpg.rf.7b48b9f1557d63ddabbd058d53358538.jpg,no_hand_detected,1
train,/content/American-Language-1/train/images/B4_jpg.rf.8186255c657b76fe7debe72f817156df.jpg,no_hand_detected,1
train,/content/American-Language-1/train/images/B7_jpg.rf.3aaaf31f10ad2155826ae457bf071dc7.jpg,no_hand_detected,1
train,/content/American-Language-1/train/images/B7_jpg.rf.5bd193afaa9a84e4d25f4c5bd5af69c6.jpg,no_hand_detected,1
train,/content/American-Language-1/train/images/B7_jpg.rf.e7713c9076ea334909351a434187ef57.jpg,no_hand_detected,1
train,/content/American-Language-1/train/images/C-1-_jpeg.rf.197fc552e76eeea112522e4728639e08.jpg,no_hand_detected,1
train,/content/American-Language-1/train/images/C-1-_jpeg.rf.19c66edd272c582e8c770314fa7901fc.jpg,no_hand_detected,1
train,/content/American-Language-1/train/images/C-18-_jpeg.rf.68b41ed2bbdd9107460f6e555209c0fe.jpg,no_hand_detected,1
train,/content/American-Language-1/train/images/C-18-_jpeg.rf.b567e13336157dfb6a335300f5b11754.jpg,no_hand_detected,1
train,/content/American-Language-1/train/images/C-2-_jpeg.rf.131bd7d64316ec27539de67ea737c1ff.jpg,no_hand_detected,1
train,/content/American-Language-1/train/images/C-2-_jpeg.rf.664ea8519a7ead4e27c0f58dc187f986.jpg,no_hand_detected,1
train,/content/American-Language-1/train/images/C-24-_jpeg.rf.b499d9b1e9c4a822a2be2341f9292e7f.jpg,no_hand_detected,1
train,/content/American-Language-1/train/images/C-25-_jpeg.rf.88f8fa79360ec41042cff1e551d9ded5.jpg,no_hand_detected,1
train,/content/American-Language-1/train/images/C-25-_jpeg.rf.90816255f79c16c1e5efc78c745857a7.jpg,no_hand_detected,1
train,/content/American-Language-1/train/images/C-25-_jpeg.rf.9b5ce0a0e973e49acd07e096b92e05d9.jpg,no_hand_detected,1
train,/content/American-Language-1/train/images/C-26-_jpeg.rf.1dfdfc02ec02d23904fd321ee7d050ea.jpg,no_hand_detected,1
train,/content/American-Language-1/train/images/C-26-_jpeg.rf.ddcb86ec768d80d7cc551678a9de7e81.jpg,no_hand_detected,1
train,/content/American-Language-1/train/images/C-26-_jpeg.rf.e76061fd343b463c78afc611f80e3314.jpg,no_hand_detected,1
train,/content/American-Language-1/train/images/C-29-_jpeg.rf.289a490167ca9949055d0201cc4abab8.jpg,no_hand_detected,1
train,/content/American-Language-1/train/images/C-29-_jpeg.rf.8c9918e6b145ffd1147b53a8dd6a7382.jpg,no_hand_detected,1
train,/content/American-Language-1/train/images/C-29-_jpeg.rf.8e68346131a14b454f3d4223b7d7e9eb.jpg,no_hand_detected,1
train,/content/American-Language-1/train/images/C-30-_jpeg.rf.59e14a3be97cb2abb2323f61f9e61763.jpg,no_hand_detected,1
train,/content/American-Language-1/train/images/C-31-_jpeg.rf.14655e9422d80800e5975d5b47047c8f.jpg,no_hand_detected,1
train,/content/American-Language-1/train/images/C-32-_jpeg.rf.fa9dbe8d35dd3b5416d28c2643fd092f.jpg,no_hand_detected,1
train,/content/American-Language-1/train/images/C-33-_jpeg.rf.48f4f3aebf22a65055b46ea67867923c.jpg,no_hand_detected,1
train,/content/American-Language-1/train/images/C-34-_jpeg.rf.71815d64b2f2696f7b654b984677f833.jpg,no_hand_detected,1
train,/content/American-Language-1/train/images/C-35-_jpeg.rf.47a8937e8c49391adf03de664690ebb2.jpg,no_hand_detected,1
train,/content/American-Language-1/train/images/C-35-_jpeg.rf.4b601cb76d97b3744279eab2eea048a8.jpg,no_hand_detected,1
train,/content/American-Language-1/train/images/C-38-_jpeg.rf.4b21d672528a9ffc8d47b89ec30544e9.jpg,no_hand_detected,1
train,/content/American-Language-1/train/images/C-39-_jpeg.rf.9a5181f4eac1714b8c2ad9f12a7d1d15.jpg,no_hand_detected,1
train,/content/American-Language-1/train/images/C-39-_jpeg.rf.fac42a266015f7db01e8d3a6474d6a70.jpg,no_hand_detected,1
train,/content/American-Language-1/train/images/C-4-_jpeg.rf.1e2a33d694f43a4778d8f8e95380ceff.jpg,no_hand_detected,1
train,/content/American-Language-1/train/images/C-4-_jpeg.rf.6aca5289e79a8222be274ccc19940616.jpg,no_hand_detected,1
train,/content/American-Language-1/train/images/C-41-_jpeg.rf.e94f97ede719bac5d7f481208ecd664d.jpg,no_hand_detected,1
train,/content/American-Language-1/train/images/C-43-_jpeg.rf.68dd12398b495fb38916bb98d4e6a98d.jpg,no_hand_detected,1
train,/content/American-Language-1/train/images/C-44-_jpeg.rf.1a51634969ef9152306984c8f06837cd.jpg,no_hand_detected,1
train,/content/American-Language-1/train/images/C-44-_jpeg.rf.60363fe464aa09d03c7bb3a1bdd3fd9c.jpg,no_hand_detected,1
train,/content/American-Language-1/train/images/C-49-_jpeg.rf.a063b8d65384e7b2c561d2a9926b5c5d.jpg,no_hand_detected,1
train,/content/American-Language-1/train/images/C-49-_jpeg.rf.cad9c889737a9c4d1cb1cea752d01e4d.jpg,no_hand_detected,1
train,/content/American-Language-1/train/images/C-50-_jpeg.rf.26a3cf298319ac2c4efd73991a613b52.jpg,no_hand_detected,1
train,/content/American-Language-1/train/images/C-50-_jpeg.rf.358737cb5190ebeb42b67cf2d166df05.jpg,no_hand_detected,1
train,/content/American-Language-1/train/images/C-50-_jpeg.rf.f6c16783eea3bf0fa476c83c90dc4d04.jpg,no_hand_detected,1
train,/content/American-Language-1/train/images/C-53-_jpeg.rf.7e4a44efc5228972a469120c309e14a8.jpg,no_hand_detected,1
train,/content/American-Language-1/train/images/C-53-_jpeg.rf.e3e3ec8b3eddea567ee33f76c97a7b95.jpg,no_hand_detected,1
train,/content/American-Language-1/train/images/C-53-_jpeg.rf.f007eb05fc27c3ed9ed82b757538329e.jpg,no_hand_detected,1
train,/content/American-Language-1/train/images/C-58-_jpeg.rf.ae50113bc60bf2491d1fcc9746ede00b.jpg,no_hand_detected,1
train,/content/American-Language-1/train/images/C-58-_jpeg.rf.d6cddd0e5784bdcfb715fafbe0f521d1.jpg,no_hand_detected,1
train,/content/American-Language-1/train/images/C-6-_jpeg.rf.61a569296f6e0964a0e98c40fea67d9a.jpg,no_hand_detected,1
train,/content/American-Language-1/train/images/C-6-_jpeg.rf.72e29f1fa375f7eb455ee2895a9e89b8.jpg,no_hand_detected,1
train,/content/American-Language-1/train/images/C-6-_jpeg.rf.a36fe27baf2a14549620ee8f671b5b95.jpg,no_hand_detected,1
train,/content/American-Language-1/train/images/C-60-_jpeg.rf.9411acd718be7fb1c26fce6dd885b40c.jpg,no_hand_detected,1
train,/content/American-Language-1/train/images/C-61-_jpeg.rf.50afb7fa470b34555219fa176091a2dc.jpg,no_hand_detected,1
train,/content/American-Language-1/train/images/C-61-_jpeg.rf.d6b95d6c6a86e13493ea3e26e5b18ac7.jpg,no_hand_detected,1
train,/content/American-Language-1/train/images/C-61-_jpeg.rf.dd7e63ec53ac9108f272236fea274cd0.jpg,no_hand_detected,1
train,/content/American-Language-1/train/images/C-62-_jpeg.rf.4376db580cb333970b008d206e5e2941.jpg,no_hand_detected,1
train,/content/American-Language-1/train/images/C-62-_jpeg.rf.c6a3ddf1973212f1a09ef272c55cdeb9.jpg,no_hand_detected,1
train,/content/American-Language-1/train/images/C-63-_jpeg.rf.314efd57dc5a6e52f2c96afaffafc928.jpg,no_hand_detected,1
train,/content/American-Language-1/train/images/C-63-_jpeg.rf.4700f11d777c93df1b92195bf0dcc53e.jpg,no_hand_detected,1
train,/content/American-Language-1/train/images/C-63-_jpeg.rf.99f2ae4eca7dcf09daec45e59fe35878.jpg,no_hand_detected,1
train,/content/American-Language-1/train/images/C-64-_jpeg.rf.49e8eebc6acef52dcaed81c537b195cd.jpg,no_hand_detected,1
train,/content/American-Language-1/train/images/C-65-_jpeg.rf.2a5de019f36dd10640d7fa97884e10c7.jpg,no_hand_detected,1
train,/content/American-Language-1/train/images/C-65-_jpeg.rf.9c19c570be7e98cbfd4d78f581769e42.jpg,no_hand_detected,1
train,/content/American-Language-1/train/images/C-65-_jpeg.rf.e719be4b6825d89fee95ac7d6a8cb413.jpg,no_hand_detected,1
train,/content/American-Language-1/train/images/C-66-_jpeg.rf.0256ed92ddaad1a7fcd1c06f54ecc567.jpg,no_hand_detected,1
train,/content/American-Language-1/train/images/C-66-_jpeg.rf.213cd7383b9506c14d840b5946f58cd0.jpg,no_hand_detected,1
train,/content/American-Language-1/train/images/C-66-_jpeg.rf.283ef5d6ac611ee17b753ef8bf61ce02.jpg,no_hand_detected,1
train,/content/American-Language-1/train/images/C-67-_jpeg.rf.2848c30201a781c5801158af8b8599a9.jpg,no_hand_detected,1
train,/content/American-Language-1/train/images/C-67-_jpeg.rf.2ba3a0f16fc98f06046f1118fbac01fb.jpg,no_hand_detected,1
train,/content/American-Language-1/train/images/C-67-_jpeg.rf.66bf89e054b2d3b9d7c3b70e6cf84e9a.jpg,no_hand_detected,1
train,/content/American-Language-1/train/images/C-68-_jpeg.rf.63e231cee48546b87980ce58b3f4987d.jpg,no_hand_detected,1
train,/content/American-Language-1/train/images/C-68-_jpeg.rf.ba21ed7647ab804f438a5914b3e6be7c.jpg,no_hand_detected,1
train,/content/American-Language-1/train/images/C-68-_jpeg.rf.c5c63986cdea31e27d274b6880880361.jpg,no_hand_detected,1
train,/content/American-Language-1/train/images/C-7-_jpeg.rf.a79b1cb9c522618cc0076ace06675ca2.jpg,no_hand_detected,1
train,/content/American-Language-1/train/images/C-8-_jpeg.rf.211bbcf3434d7be4e373083849b67bea.jpg,no_hand_detected,1
train,/content/American-Language-1/train/images/C-8-_jpeg.rf.f8d38ed2f8008cfb0c3c14a3b906b7ec.jpg,no_hand_detected,1
train,/content/American-Language-1/train/images/C0_jpg.rf.2f8c4a7be598733c8899633720cd9fce.jpg,no_hand_detected,1
train,/content/American-Language-1/train/images/C0_jpg.rf.9d2d93d5d473011747d2abbf408988de.jpg,no_hand_detected,1
train,/content/American-Language-1/train/images/C0_jpg.rf.d3ec87f52ef6678acca2ab5009aef230.jpg,no_hand_detected,1
train,/content/American-Language-1/train/images/C11_jpg.rf.0c4f840eb6e37717bd722c8fb64c5b08.jpg,no_hand_detected,1
train,/content/American-Language-1/train/images/C11_jpg.rf.51325baee7fa5b77080b1fa6939cad6b.jpg,no_hand_detected,1
train,/content/American-Language-1/train/images/C11_jpg.rf.566a9e1a0720a3f82db43f4d1e122768.jpg,no_hand_detected,1
train,/content/American-Language-1/train/images/C11_jpg.rf.5e0e1f6bc35fd8165af4be6b030b37f0.jpg,no_hand_detected,1
train,/content/American-Language-1/train/images/C11_jpg.rf.808eccca29f4fa6a804e33738613635d.jpg,no_hand_detected,1
train,/content/American-Language-1/train/images/C11_jpg.rf.a5ce1a1f1396bfe49c528ab59e22e9e4.jpg,no_hand_detected,1
train,/content/American-Language-1/train/images/C11_jpg.rf.b1c6c9453747eef5d09b7cbbf228cbae.jpg,no_hand_detected,1
train,/content/American-Language-1/train/images/C11_jpg.rf.c26758490cf5344857b1c3d9c427b9a5.jpg,no_hand_detected,1
train,/content/American-Language-1/train/images/C11_jpg.rf.c2b80bd62650375e992555b95291f871.jpg,no_hand_detected,1
train,/content/American-Language-1/train/images/C12_jpg.rf.0e9c1a652b17d2e3d8630379339bf90a.jpg,no_hand_detected,1
train,/content/American-Language-1/train/images/C12_jpg.rf.4e63d190be3ea47b311e9f4f71514fa7.jpg,no_hand_detected,1
train,/content/American-Language-1/train/images/C12_jpg.rf.590e97a20832a615435936b5f243e013.jpg,no_hand_detected,1
train,/content/American-Language-1/train/images/C12_jpg.rf.814df7b475076a4ac14725fc2dde91c5.jpg,no_hand_detected,1
train,/content/American-Language-1/train/images/C12_jpg.rf.e14b59e3e9f707f60efd09c4805d16a1.jpg,no_hand_detected,1
train,/content/American-Language-1/train/images/C13_jpg.rf.5c0fbbcb756d0243428e3a437d558367.jpg,no_hand_detected,1
train,/content/American-Language-1/train/images/C13_jpg.rf.aefa6e94e310a4e030dbb0561c05d6df.jpg,no_hand_detected,1
train,/content/American-Language-1/train/images/C16_jpg.rf.c080eb4aba1ed9e843a9de75482df1fc.jpg,no_hand_detected,1
train,/content/American-Language-1/train/images/C16_jpg.rf.f3df9c7013f5ad1eb8df3169ce2cbe81.jpg,no_hand_detected,1
train,/content/American-Language-1/train/images/C20_jpg.rf.183bb0385acdafe0f5fe419c0ce3f157.jpg,no_hand_detected,1
train,/content/American-Language-1/train/images/C20_jpg.rf.2a3cca117f852ca3a09924e1dbe385e9.jpg,no_hand_detected,1
train,/content/American-Language-1/train/images/C20_jpg.rf.91a1d4c0470ffb2219faa5b34e0cc74c.jpg,no_hand_detected,1
train,/content/American-Language-1/train/images/C20_jpg.rf.94c1bacfa28441647811c6739d4e1eba.jpg,no_hand_detected,1
train,/content/American-Language-1/train/images/C20_jpg.rf.bbf5cd57427a4beea074a2d14ce426fc.jpg,no_hand_detected,1
train,/content/American-Language-1/train/images/C20_jpg.rf.fcb74c8eb04fcececec17ce3dd5463c5.jpg,no_hand_detected,1
train,/content/American-Language-1/train/images/C21_jpg.rf.0c9a39cc2e88a0d0fde266714365d9de.jpg,no_hand_detected,1
train,/content/American-Language-1/train/images/C21_jpg.rf.2759d0a757e78fb30799078622dca1d2.jpg,no_hand_detected,1
train,/content/American-Language-1/train/images/C21_jpg.rf.479d29648ba04fecfcac98f381febbc9.jpg,no_hand_detected,1
train,/content/American-Language-1/train/images/C21_jpg.rf.4d390b60995fbd6c8e73ec4c1a2f9bca.jpg,no_hand_detected,1
train,/content/American-Language-1/train/images/C21_jpg.rf.980888fab618397d52d11c86e5b79ea8.jpg,no_hand_detected,1
train,/content/American-Language-1/train/images/C21_jpg.rf.98d962a4433ec0b1aa2d7cb7d634ea5a.jpg,no_hand_detected,1
train,/content/American-Language-1/train/images/C22_jpg.rf.428517a29d21ba7117967eea4fdd6009.jpg,no_hand_detected,1
train,/content/American-Language-1/train/images/C22_jpg.rf.bfe063bb3a9edba6bb79a1ba00a5a296.jpg,no_hand_detected,1
train,/content/American-Language-1/train/images/C24_jpg.rf.291860290a7924e901f5d2fc560fb7b6.jpg,no_hand_detected,1
train,/content/American-Language-1/train/images/C24_jpg.rf.f6e46e3be2f718eda8599be3b5ad6bdc.jpg,no_hand_detected,1
train,/content/American-Language-1/train/images/C2_jpg.rf.0aea6df8f16eb1ad4d6e861c4be2f6ea.jpg,no_hand_detected,1
train,/content/American-Language-1/train/images/C2_jpg.rf.13c86c292e01a4e66ad589229ee96a06.jpg,no_hand_detected,1
train,/content/American-Language-1/train/images/C2_jpg.rf.15081e4e69d290eb9e2bc406867fe788.jpg,no_hand_detected,1
train,/content/American-Language-1/train/images/C2_jpg.rf.169912aa7ad04b0be355f848cd8ad688.jpg,no_hand_detected,1
train,/content/American-Language-1/train/images/C2_jpg.rf.3962fb4476babe69f981ec05b7af9788.jpg,no_hand_detected,1
train,/content/American-Language-1/train/images/C2_jpg.rf.3cc24e2241c9cc36792d75f52ea1ff4f.jpg,no_hand_detected,1
train,/content/American-Language-1/train/images/C2_jpg.rf.68655badb5e742badbbda9ed756c0754.jpg,no_hand_detected,1
train,/content/American-Language-1/train/images/C2_jpg.rf.81d1c61474b6db8d4cc2022ba38aa048.jpg,no_hand_detected,1
train,/content/American-Language-1/train/images/C2_jpg.rf.9f3e973c2104b9717f433fe2f36356f1.jpg,no_hand_detected,1
train,/content/American-Language-1/train/images/C3_jpg.rf.10fc37c7ea0bdc6d25ffc13fc7f3cd35.jpg,no_hand_detected,1
train,/content/American-Language-1/train/images/C3_jpg.rf.35baf2298324a7d9577a1e619ac6df2c.jpg,no_hand_detected,1
train,/content/American-Language-1/train/images/C3_jpg.rf.92eac47e153afa039b738b88aa179d03.jpg,no_hand_detected,1
train,/content/American-Language-1/train/images/C3_jpg.rf.c19b5b5e159c4041f22b5b7439d523ea.jpg,no_hand_detected,1
train,/content/American-Language-1/train/images/C3_jpg.rf.fc947ced7931dfc09854b343184b4572.jpg,no_hand_detected,1
train,/content/American-Language-1/train/images/C3_jpg.rf.feb5ec4fd275b52ca5bd7f6e0f22d263.jpg,no_hand_detected,1
train,/content/American-Language-1/train/images/C4_jpg.rf.fc6c37cbc7eb8b897d5cee8eaa3024f4.jpg,no_hand_detected,1
train,/content/American-Language-1/train/images/C5_jpg.rf.301d7fabe860dc93885457d70d3d89b2.jpg,no_hand_detected,1
train,/content/American-Language-1/train/images/C5_jpg.rf.834d62f04bd90da0326c7ed4f05230fc.jpg,no_hand_detected,1
train,/content/American-Language-1/train/images/C5_jpg.rf.94c1ea9c6eaa56a7f0bf65b999310f28.jpg,no_hand_detected,1
train,/content/American-Language-1/train/images/C5_jpg.rf.985b0c58aea72028e17981c1acff3429.jpg,no_hand_detected,1
train,/content/American-Language-1/train/images/C5_jpg.rf.b6fa0fd995e273fa24b29349ed0b3fce.jpg,no_hand_detected,1
train,/content/American-Language-1/train/images/C6_jpg.rf.2c1bee7a76b088c82c85554723f791d1.jpg,no_hand_detected,1
train,/content/American-Language-1/train/images/C6_jpg.rf.ac759aea81abac655c27286db13802ff.jpg,no_hand_detected,1
train,/content/American-Language-1/train/images/C6_jpg.rf.ce64bc1f2e64224c4504a049af705b07.jpg,no_hand_detected,1
train,/content/American-Language-1/train/images/C6_jpg.rf.d1d45b9e0543ee811c842a3370ad6e1a.jpg,no_hand_detected,1
train,/content/American-Language-1/train/images/C6_jpg.rf.d60ac0d2a8cc4357e3de6eaeebf00992.jpg,no_hand_detected,1
train,/content/American-Language-1/train/images/C6_jpg.rf.f9b4151b970e78f87d286fe79f8fb6f2.jpg,no_hand_detected,1
train,/content/American-Language-1/train/images/C8_jpg.rf.024e8288287fa9dc391751846f5734c7.jpg,no_hand_detected,1
train,/content/American-Language-1/train/images/C8_jpg.rf.4d9fb1180043a2b1c883b1f00a9ab13a.jpg,no_hand_detected,1
train,/content/American-Language-1/train/images/C8_jpg.rf.53afd80086a5f1b8a57368d0d2693207.jpg,no_hand_detected,1
train,/content/American-Language-1/train/images/C8_jpg.rf.9d510bef4fbfea55eb36ba2a8314c49e.jpg,no_hand_detected,1
train,/content/American-Language-1/train/images/C8_jpg.rf.d99199f5548b7028ab5e7b0d1f7db827.jpg,no_hand_detected,1
train,/content/American-Language-1/train/images/D-1-_jpeg.rf.84527dc8d4cf1a387babe1c5ad0d1564.jpg,no_hand_detected,1
train,/content/American-Language-1/train/images/D-11-_jpeg.rf.4fb0d874b57ce38cdb784292d0ad8db3.jpg,no_hand_detected,1
train,/content/American-Language-1/train/images/D-11-_jpeg.rf.e531c15e5b80ec45f55c8fbc39cacbe1.jpg,no_hand_detected,1
train,/content/American-Language-1/train/images/D-14-_jpeg.rf.5893107320196b1a6a03e68cdb97ca00.jpg,no_hand_detected,1
train,/content/American-Language-1/train/images/D-16-_jpeg.rf.0ecd7418ccc471a2e43703f76f672b2b.jpg,no_hand_detected,1
train,/content/American-Language-1/train/images/D-16-_jpeg.rf.54c6f89840dc1dab9da5c6d3982bae17.jpg,no_hand_detected,1
train,/content/American-Language-1/train/images/D-24-_jpeg.rf.7f7855c3d03768ff77c075173b8446c7.jpg,no_hand_detected,1
train,/content/American-Language-1/train/images/D-3-_jpeg.rf.2e4c0815bcd17198415a45becd0b5341.jpg,no_hand_detected,1
train,/content/American-Language-1/train/images/D-36-_jpeg.rf.e08e5800ae8825707cedc54529a49827.jpg,no_hand_detected,1
train,/content/American-Language-1/train/images/D-42-_jpeg.rf.739209ff33ee0360e68342a8e87cd0f8.jpg,no_hand_detected,1
train,/content/American-Language-1/train/images/D-43-_jpeg.rf.29b48c99d95ffa9f34f9b199451028b3.jpg,no_hand_detected,1
train,/content/American-Language-1/train/images/D-63-_jpeg.rf.0cf72325471d9e6c106d50b2c1e0cc78.jpg,no_hand_detected,1
train,/content/American-Language-1/train/images/D-64-_jpeg.rf.1a7d4744824b688ff4f739310511b0e2.jpg,no_hand_detected,1
train,/content/American-Language-1/train/images/D-69-_jpeg.rf.8385308a0a842a8013091906039c2126.jpg,no_hand_detected,1
train,/content/American-Language-1/train/images/D-70-_jpeg.rf.8e4db8d203e467876397f9acc0019544.jpg,no_hand_detected,1
train,/content/American-Language-1/train/images/D-70-_jpeg.rf.b1101181728c8a14447ea919864a6ed2.jpg,no_hand_detected,1
train,/content/American-Language-1/train/images/D10_jpg.rf.e041fb8b0f4bb98e5e139fb49ad2dafe.jpg,no_hand_detected,1
train,/content/American-Language-1/train/images/D10_jpg.rf.e1285b9984b2e2b08e41b487a607c269.jpg,no_hand_detected,1
train,/content/American-Language-1/train/images/D10_jpg.rf.efec468beb02780b8086ef82af917a60.jpg,no_hand_detected,1
train,/content/American-Language-1/train/images/D11_jpg.rf.2658ae474f68e100712564cf6bf49bc1.jpg,no_hand_detected,1
train,/content/American-Language-1/train/images/D11_jpg.rf.69270dd8618486441ebbbc04cbeda112.jpg,no_hand_detected,1
train,/content/American-Language-1/train/images/D11_jpg.rf.8e2d31c315f6b9f8315db27cea08e0d3.jpg,no_hand_detected,1
train,/content/American-Language-1/train/images/D11_jpg.rf.c28cc74d46015d2be724e99bde14ea79.jpg,no_hand_detected,1
train,/content/American-Language-1/train/images/D11_jpg.rf.ef8cfbd0c06b611b4c050339d762232e.jpg,no_hand_detected,1
train,/content/American-Language-1/train/images/D11_jpg.rf.ffcb94bf498182f36e80b827c31d25ef.jpg,no_hand_detected,1
train,/content/American-Language-1/train/images/D14_jpg.rf.2958976f24dcf6e5e497b4cda6983510.jpg,no_hand_detected,1
train,/content/American-Language-1/train/images/D14_jpg.rf.4f17d2bc9b61965c6c56bf5bbaebf8f0.jpg,no_hand_detected,1
train,/content/American-Language-1/train/images/D14_jpg.rf.c2a1e667959024671aa7b28c3374c5d6.jpg,no_hand_detected,1
train,/content/American-Language-1/train/images/D14_jpg.rf.d7c3fc8e0e45967daf20d30d0b663ad9.jpg,no_hand_detected,1
train,/content/American-Language-1/train/images/D16_jpg.rf.45ea5aafae2a6d805b466c9099e64456.jpg,no_hand_detected,1
train,/content/American-Language-1/train/images/D16_jpg.rf.7681e0978f042d647f74d5a73899b466.jpg,no_hand_detected,1
train,/content/American-Language-1/train/images/D16_jpg.rf.7ebc434c089c58707f863c1dba4f6ec8.jpg,no_hand_detected,1
train,/content/American-Language-1/train/images/D16_jpg.rf.94c8fa961f4526fa65f097d733d5185f.jpg,no_hand_detected,1
train,/content/American-Language-1/train/images/D18_jpg.rf.1050e635133a7d9ef6a67b3ee8f54f40.jpg,no_hand_detected,1
train,/content/American-Language-1/train/images/D18_jpg.rf.1b7f59c40505782c95a1475640f489a5.jpg,no_hand_detected,1
train,/content/American-Language-1/train/images/D18_jpg.rf.1f512c3ff4197ed47b8c7994132e3c56.jpg,no_hand_detected,1
train,/content/American-Language-1/train/images/D18_jpg.rf.41d921cedf1a464175fa850ce16bd051.jpg,no_hand_detected,1
train,/content/American-Language-1/train/images/D18_jpg.rf.91afb34b8b78537fa0e96521d18db1ae.jpg,no_hand_detected,1
train,/content/American-Language-1/train/images/D18_jpg.rf.feca4b0ed7b9e9266f10c9026b2d1294.jpg,no_hand_detected,1
train,/content/American-Language-1/train/images/D1_jpg.rf.50c3ea37970ad7a4343fd4e6ed0e642b.jpg,no_hand_detected,1
train,/content/American-Language-1/train/images/D21_jpg.rf.4122d2a7d2aeef720320b32baae068a0.jpg,no_hand_detected,1
train,/content/American-Language-1/train/images/D21_jpg.rf.66655ef76c807f0ad883b533313b49f6.jpg,no_hand_detected,1
train,/content/American-Language-1/train/images/D21_jpg.rf.9de351face5caccd1343f195d791f187.jpg,no_hand_detected,1
train,/content/American-Language-1/train/images/D21_jpg.rf.b28bb920cc64a10f551579133c8c4d4d.jpg,no_hand_detected,1
train,/content/American-Language-1/train/images/D21_jpg.rf.cc88bb97dd8922565e6022f4f49b9ea9.jpg,no_hand_detected,1
train,/content/American-Language-1/train/images/D21_jpg.rf.d0bf5bd5db7d84e8ffc42cf2b7c4faab.jpg,no_hand_detected,1
train,/content/American-Language-1/train/images/D22_jpg.rf.4c161a09e45b460211a3f697d09649cc.jpg,no_hand_detected,1
train,/content/American-Language-1/train/images/D23_jpg.rf.0b46a2bab08894fbac3bcd660a469a8f.jpg,no_hand_detected,1
train,/content/American-Language-1/train/images/D23_jpg.rf.6625d38281a305bf52b298a484111a2a.jpg,no_hand_detected,1
train,/content/American-Language-1/train/images/D23_jpg.rf.678ef4992f0c2bf214fdd591b68a6882.jpg,no_hand_detected,1
train,/content/American-Language-1/train/images/D23_jpg.rf.69de68f04caa0cc89bc785eb9f42c7bf.jpg,no_hand_detected,1
train,/content/American-Language-1/train/images/D23_jpg.rf.786cc9c5f32fa579985782f1dc3c8a2a.jpg,no_hand_detected,1
train,/content/American-Language-1/train/images/D23_jpg.rf.8bc5534779e5dfdc4216bca787c728a6.jpg,no_hand_detected,1
train,/content/American-Language-1/train/images/D23_jpg.rf.b607cfb7861b8d1489b3679781b57d28.jpg,no_hand_detected,1
train,/content/American-Language-1/train/images/D23_jpg.rf.c4eb494d3c8fe423c5c66e6f278f2d71.jpg,no_hand_detected,1
train,/content/American-Language-1/train/images/D23_jpg.rf.e7f7808e02f75d9909f00a2961053464.jpg,no_hand_detected,1
train,/content/American-Language-1/train/images/D24_jpg.rf.070a46c6de6c76ff1dfa0dab5ecc7592.jpg,no_hand_detected,1
train,/content/American-Language-1/train/images/D24_jpg.rf.572499f50b40cde0c68a635832a53624.jpg,no_hand_detected,1
train,/content/American-Language-1/train/images/D24_jpg.rf.a12bee7e4a7c222791a591e4f6321f2c.jpg,no_hand_detected,1
train,/content/American-Language-1/train/images/D24_jpg.rf.bf139bfde26e7470ef824fe3114e3a02.jpg,no_hand_detected,1
train,/content/American-Language-1/train/images/D24_jpg.rf.d421e0356bdeda411fee09e64ea525ac.jpg,no_hand_detected,1
train,/content/American-Language-1/train/images/D24_jpg.rf.d8b1e6b24de47ea3267a519be5b8948a.jpg,no_hand_detected,1
train,/content/American-Language-1/train/images/D24_jpg.rf.ff5747586d3d4be6df598168884b9996.jpg,no_hand_detected,1
train,/content/American-Language-1/train/images/D25_jpg.rf.1bacceb97e3eaa49ec59f949e8698a09.jpg,no_hand_detected,1
train,/content/American-Language-1/train/images/D25_jpg.rf.8282d4f86c23edc71f226095c12ff760.jpg,no_hand_detected,1
train,/content/American-Language-1/train/images/D25_jpg.rf.900efcc0dc2ece1a6358a219deece857.jpg,no_hand_detected,1
train,/content/American-Language-1/train/images/D25_jpg.rf.c79a8e70cba57fe2bf4e6bf69f590ac4.jpg,no_hand_detected,1
train,/content/American-Language-1/train/images/D26_jpg.rf.0b7cc24656db8866ff33daf30220e14c.jpg,no_hand_detected,1
train,/content/American-Language-1/train/images/D26_jpg.rf.72d4fa2b08a792982079df2b650386e9.jpg,no_hand_detected,1
train,/content/American-Language-1/train/images/D26_jpg.rf.b8ac7a781ea6cbdd0421090cefed7228.jpg,no_hand_detected,1
train,/content/American-Language-1/train/images/D26_jpg.rf.bd08584e0e552cdf8f64635c7d93248d.jpg,no_hand_detected,1
train,/content/American-Language-1/train/images/D3_jpg.rf.5742d731bd9f7b7770c0d7f51f5e0711.jpg,no_hand_detected,1
train,/content/American-Language-1/train/images/D3_jpg.rf.b4cacdd2af2bc74753132795fcd7e415.jpg,no_hand_detected,1
train,/content/American-Language-1/train/images/D4_jpg.rf.183c1234ec5083ea8a15af46c0d245a7.jpg,no_hand_detected,1
train,/content/American-Language-1/train/images/D4_jpg.rf.6cc41305c39fd93cdac6c28033c5c3f8.jpg,no_hand_detected,1
train,/content/American-Language-1/train/images/D6_jpg.rf.0e9005d766c04609903061f6992d79f2.jpg,no_hand_detected,1
train,/content/American-Language-1/train/images/D6_jpg.rf.99a7633c3b81741d900804070ce67238.jpg,no_hand_detected,1
train,/content/American-Language-1/train/images/D6_jpg.rf.bb283070f671ac4fcf6ec61d8b8b15bc.jpg,no_hand_detected,1
train,/content/American-Language-1/train/images/D8_jpg.rf.670e3fa7231d1af6e5eb2a1681c71009.jpg,no_hand_detected,1
train,/content/American-Language-1/train/images/D8_jpg.rf.b6117f6e9c1d1e2d514802a1c4732268.jpg,no_hand_detected,1
train,/content/American-Language-1/train/images/D8_jpg.rf.f9859344bbaf896c7e849ac79a08a949.jpg,no_hand_detected,1
train,/content/American-Language-1/train/images/D9_jpg.rf.1c11c2dafbff77d10cacb1683efde2b4.jpg,no_hand_detected,1
train,/content/American-Language-1/train/images/D9_jpg.rf.21b11f85086dbb5fc9e94910701e6a0b.jpg,no_hand_detected,1
train,/content/American-Language-1/train/images/D9_jpg.rf.c08b9ada42d92bfcd50773896049a607.jpg,no_hand_detected,1
train,/content/American-Language-1/train/images/D9_jpg.rf.c3eb7019035a45b620109a8acf587ba2.jpg,no_hand_detected,1
train,/content/American-Language-1/train/images/D9_jpg.rf.f919dd1d16c7032f04492e8868e36fd7.jpg,no_hand_detected,1
train,/content/American-Language-1/train/images/E-1-_jpeg.rf.34012c914aa6599910243dbe812eba71.jpg,no_hand_detected,1
train,/content/American-Language-1/train/images/E-1-_jpeg.rf.4bbdb09db39c779d07c0d7f63892c9cf.jpg,no_hand_detected,1
train,/content/American-Language-1/train/images/E-10-_jpeg.rf.81867e1e7a5f52433881748f643caa25.jpg,no_hand_detected,1
train,/content/American-Language-1/train/images/E-10-_jpeg.rf.a5cd7e54a4ed99e202a6fa439a115ae0.jpg,no_hand_detected,1
train,/content/American-Language-1/train/images/E-10-_jpeg.rf.c1250082b0b3cf6da618135785b3b3d4.jpg,no_hand_detected,1
train,/content/American-Language-1/train/images/E-12-_jpeg.rf.5f8cfb4e5ff217d6a4f698fe3b1d5466.jpg,no_hand_detected,1
train,/content/American-Language-1/train/images/E-12-_jpeg.rf.e8deeb1ac3dbdec996971c567f762c0f.jpg,no_hand_detected,1
train,/content/American-Language-1/train/images/E-13-_jpeg.rf.0e5cc2de9486b9dc84b49d437d33f02d.jpg,no_hand_detected,1
train,/content/American-Language-1/train/images/E-13-_jpeg.rf.a3a02d90c27e64247f756e178149dc3b.jpg,no_hand_detected,1
train,/content/American-Language-1/train/images/E-14-_jpeg.rf.1e09ae56e315eaba4d73b85308f8cf13.jpg,no_hand_detected,1
train,/content/American-Language-1/train/images/E-14-_jpeg.rf.7063a7c7ea4ae7029a9046fe42dbd8a5.jpg,no_hand_detected,1
train,/content/American-Language-1/train/images/E-14-_jpeg.rf.cd109dcd6e08562c366053f80a53c23b.jpg,no_hand_detected,1
train,/content/American-Language-1/train/images/E-17-_jpeg.rf.d510874ac9f88a0cafc04191d62e364c.jpg,no_hand_detected,1
train,/content/American-Language-1/train/images/E-2-_jpeg.rf.a9976beaa6035cc88b3810858ec8d109.jpg,no_hand_detected,1
train,/content/American-Language-1/train/images/E-2-_jpeg.rf.aae918d1b6cad6fa1393a3974995fb2e.jpg,no_hand_detected,1
train,/content/American-Language-1/train/images/E-2-_jpeg.rf.af54e1bd06f5b0776344cbd35365ae6f.jpg,no_hand_detected,1
train,/content/American-Language-1/train/images/E-20-_jpeg.rf.b4ca3c36d0713b9dd807384792916ac3.jpg,no_hand_detected,1
train,/content/American-Language-1/train/images/E-23-_jpeg.rf.1ab69e371eb0b71da78f16f3c07d5b34.jpg,no_hand_detected,1
train,/content/American-Language-1/train/images/E-23-_jpeg.rf.2e968da1bcef1e3b2dadd28bb4cc29d1.jpg,no_hand_detected,1
train,/content/American-Language-1/train/images/E-23-_jpeg.rf.9b06bcde38a90cec9456ce0b72fde64d.jpg,no_hand_detected,1
train,/content/American-Language-1/train/images/E-24-_jpeg.rf.d903007f6833abe34c8063233c2a268a.jpg,no_hand_detected,1
train,/content/American-Language-1/train/images/E-25-_jpeg.rf.38820848203c33257de5fffe33d1587f.jpg,no_hand_detected,1
train,/content/American-Language-1/train/images/E-28-_jpeg.rf.5fcef0abbc7d6376a1e9431d894c0e20.jpg,no_hand_detected,1
train,/content/American-Language-1/train/images/E-28-_jpeg.rf.c0a2e5aa3c4faa17e2a79be0377b3144.jpg,no_hand_detected,1
train,/content/American-Language-1/train/images/E-28-_jpeg.rf.c888510bc1b8529f8e521857a3a6b070.jpg,no_hand_detected,1
train,/content/American-Language-1/train/images/E-3-_jpeg.rf.10efdd2f3e0d27dbe1c622ef982b453c.jpg,no_hand_detected,1
train,/content/American-Language-1/train/images/E-3-_jpeg.rf.435e8061b830a6dfe2da347e9d5f146e.jpg,no_hand_detected,1
train,/content/American-Language-1/train/images/E-3-_jpeg.rf.f46c81d3d5a1f34400ad9da4816a1c51.jpg,no_hand_detected,1
train,/content/American-Language-1/train/images/E-33-_jpeg.rf.11be2d9e92efd28ae75ea157588c3c96.jpg,no_hand_detected,1
train,/content/American-Language-1/train/images/E-34-_jpeg.rf.798cac2ed805c5eff89781934d03b94f.jpg,no_hand_detected,1
train,/content/American-Language-1/train/images/E-34-_jpeg.rf.a04eeabb8346041f2afb732dba95e3e8.jpg,no_hand_detected,1
train,/content/American-Language-1/train/images/E-34-_jpeg.rf.adcd5888aece9a1074290555376c1fd4.jpg,no_hand_detected,1
train,/content/American-Language-1/train/images/E-35-_jpeg.rf.3b8ea8bd9e48bf6064ad9a4557d47021.jpg,no_hand_detected,1
train,/content/American-Language-1/train/images/E-36-_jpeg.rf.706167e90adc258bf2db97e5056943c9.jpg,no_hand_detected,1
train,/content/American-Language-1/train/images/E-36-_jpeg.rf.70894dc1e5393391f720dd6d7b7f9604.jpg,no_hand_detected,1
train,/content/American-Language-1/train/images/E-37-_jpeg.rf.b2d00d1d6d720a9fc13d81e37cd81fbe.jpg,no_hand_detected,1
train,/content/American-Language-1/train/images/E-38-_jpeg.rf.19ea0d915347dd49ac3f741ae262d16d.jpg,no_hand_detected,1
train,/content/American-Language-1/train/images/E-38-_jpeg.rf.5cca961e88d0a5bc23656f8fe3fc0221.jpg,no_hand_detected,1
train,/content/American-Language-1/train/images/E-39-_jpeg.rf.1eef6261255c55545636c1a1eae41bfb.jpg,no_hand_detected,1
train,/content/American-Language-1/train/images/E-39-_jpeg.rf.b84ef710f82159fd70ec8e7f8200ce21.jpg,no_hand_detected,1
train,/content/American-Language-1/train/images/E-39-_jpeg.rf.bbd5fab29e3d0b978f737e1b87143884.jpg,no_hand_detected,1
train,/content/American-Language-1/train/images/E-40-_jpeg.rf.597e4bd318532e45b7c4eb59497210e1.jpg,no_hand_detected,1
train,/content/American-Language-1/train/images/E-40-_jpeg.rf.f1c1b0fcb2335a56ca00b994579a53a5.jpg,no_hand_detected,1
train,/content/American-Language-1/train/images/E-41-_jpeg.rf.0e20484f58cf494f1fed6a517d54f76f.jpg,no_hand_detected,1
train,/content/American-Language-1/train/images/E-41-_jpeg.rf.10dfe88ffd9b85cc27c78fc89c2d7118.jpg,no_hand_detected,1
train,/content/American-Language-1/train/images/E-41-_jpeg.rf.3f4f94b5dad47fd1f2768567d805547c.jpg,no_hand_detected,1
train,/content/American-Language-1/train/images/E-42-_jpeg.rf.19ac2dde221a190ba4c14658ca119b62.jpg,no_hand_detected,1
train,/content/American-Language-1/train/images/E-42-_jpeg.rf.dfeffed4b96416e36dc769a33dc8802f.jpg,no_hand_detected,1
train,/content/American-Language-1/train/images/E-42-_jpeg.rf.f4c8951aaf3b040e7b8a78fcfed0d8c6.jpg,no_hand_detected,1
train,/content/American-Language-1/train/images/E-43-_jpeg.rf.634a0f8e5579ffd0f857b13ab75116ae.jpg,no_hand_detected,1
train,/content/American-Language-1/train/images/E-43-_jpeg.rf.947ebcd0ff42dce881c0834ac6e05a48.jpg,no_hand_detected,1
train,/content/American-Language-1/train/images/E-44-_jpeg.rf.41c327009682703b453bba7713cbdb45.jpg,no_hand_detected,1
train,/content/American-Language-1/train/images/E-44-_jpeg.rf.b2a2769d2e0706b4402d284564167e66.jpg,no_hand_detected,1
train,/content/American-Language-1/train/images/E-45-_jpeg.rf.1666f545e2b43618deb5ca3e320e56a5.jpg,no_hand_detected,1
train,/content/American-Language-1/train/images/E-45-_jpeg.rf.49d6b4956c73efffd10255f77324a671.jpg,no_hand_detected,1
train,/content/American-Language-1/train/images/E-5-_jpeg.rf.3cdd2e65aeab852b14afae803de62ba8.jpg,no_hand_detected,1
train,/content/American-Language-1/train/images/E-5-_jpeg.rf.a055254f9cce63725fec224914e725d4.jpg,no_hand_detected,1
train,/content/American-Language-1/train/images/E-5-_jpeg.rf.ad2544b47120815b95e69af124095ace.jpg,no_hand_detected,1
train,/content/American-Language-1/train/images/E-51-_jpeg.rf.7d4e2ef17b07ea1ea27979e9620c09e1.jpg,no_hand_detected,1
train,/content/American-Language-1/train/images/E-51-_jpeg.rf.b0f01f25274c8b0f61d1b2399ae0d3d2.jpg,no_hand_detected,1
train,/content/American-Language-1/train/images/E-51-_jpeg.rf.ceb3af90cb05389fd1c5c0ff33c74b4f.jpg,no_hand_detected,1
train,/content/American-Language-1/train/images/E-52-_jpeg.rf.2b4ff24c1af5be4bcf079ef12fec20c2.jpg,no_hand_detected,1
train,/content/American-Language-1/train/images/E-52-_jpeg.rf.39d52bcaf9aaeecdb64764055d14c1ab.jpg,no_hand_detected,1
train,/content/American-Language-1/train/images/E-52-_jpeg.rf.9957b8ad71c3d5721736f1ecda925e15.jpg,no_hand_detected,1
train,/content/American-Language-1/train/images/E-53-_jpeg.rf.25de830f55189a0bdffb9c94e38c5cdf.jpg,no_hand_detected,1
train,/content/American-Language-1/train/images/E-53-_jpeg.rf.99fad221405bc0a91768705a4f61d62b.jpg,no_hand_detected,1
train,/content/American-Language-1/train/images/E-53-_jpeg.rf.b84b0ee96655b5c49f81649613bb1906.jpg,no_hand_detected,1
train,/content/American-Language-1/train/images/E-55-_jpeg.rf.3d2e7ce9721bb0dfbf334111f720adf1.jpg,no_hand_detected,1
train,/content/American-Language-1/train/images/E-55-_jpeg.rf.5bbcbde610245bc8ac3ee6a1a80bc626.jpg,no_hand_detected,1
train,/content/American-Language-1/train/images/E-55-_jpeg.rf.6e02eead40c3e85322de0ec758264697.jpg,no_hand_detected,1
train,/content/American-Language-1/train/images/E-56-_jpeg.rf.0d87cca49a9c3f1db2f5f456d0a6fd81.jpg,no_hand_detected,1
train,/content/American-Language-1/train/images/E-56-_jpeg.rf.20f1e5252026880c8e517526a6ad193c.jpg,no_hand_detected,1
train,/content/American-Language-1/train/images/E-56-_jpeg.rf.d65f7fa260486d6d86e684d809161478.jpg,no_hand_detected,1
train,/content/American-Language-1/train/images/E-58-_jpeg.rf.6b5fe9bee6faa3317919002836cbd79b.jpg,no_hand_detected,1
train,/content/American-Language-1/train/images/E-58-_jpeg.rf.7e897ca8519cd6683cd1f0579b2d3e92.jpg,no_hand_detected,1
train,/content/American-Language-1/train/images/E-58-_jpeg.rf.f4969b5306b86a2dd1f5756b2905763a.jpg,no_hand_detected,1
train,/content/American-Language-1/train/images/E-6-_jpeg.rf.0a864c42c9c864ba583f7c75719bf0dc.jpg,no_hand_detected,1
train,/content/American-Language-1/train/images/E-6-_jpeg.rf.2d397c0da493dadc6fcd5ba4c6aaa6ca.jpg,no_hand_detected,1
train,/content/American-Language-1/train/images/E-6-_jpeg.rf.f06a31a05d3186cbff0be670f51104c6.jpg,no_hand_detected,1
train,/content/American-Language-1/train/images/E-60-_jpeg.rf.6d46ae6bdfe310f7fcab5b9045030f18.jpg,no_hand_detected,1
train,/content/American-Language-1/train/images/E-60-_jpeg.rf.a5724bdd0c3b2def88494526e9189657.jpg,no_hand_detected,1
train,/content/American-Language-1/train/images/E-60-_jpeg.rf.b1205a6f25d95734fffd13276f7b6ded.jpg,no_hand_detected,1
train,/content/American-Language-1/train/images/E-62-_jpeg.rf.81d3f0b87095ca4c2eae70734fdd37f4.jpg,no_hand_detected,1
train,/content/American-Language-1/train/images/E-62-_jpeg.rf.910166bb7ed60a5f67dd13f9a49afd62.jpg,no_hand_detected,1
train,/content/American-Language-1/train/images/E-62-_jpeg.rf.f364fdc5ec2d32e208cd8868382dac2b.jpg,no_hand_detected,1
train,/content/American-Language-1/train/images/E-64-_jpeg.rf.676d63326094321730d9053d365f250f.jpg,no_hand_detected,1
train,/content/American-Language-1/train/images/E-64-_jpeg.rf.7338e3d633735ed02b8d8b072d970134.jpg,no_hand_detected,1
train,/content/American-Language-1/train/images/E-64-_jpeg.rf.746d295770c0c27bf7d79d2605068f0b.jpg,no_hand_detected,1
train,/content/American-Language-1/train/images/E-65-_jpeg.rf.003a65b0960f21fc86f4641614db5752.jpg,no_hand_detected,1
train,/content/American-Language-1/train/images/E-65-_jpeg.rf.6bdbbc2bba3c4219da5e0c650cb2ce03.jpg,no_hand_detected,1
train,/content/American-Language-1/train/images/E-65-_jpeg.rf.b8b3ba022088e65a1a1e3573ad875a3f.jpg,no_hand_detected,1
train,/content/American-Language-1/train/images/E-7-_jpeg.rf.088f47c2a0411ef2362663f423c8b2fd.jpg,no_hand_detected,1
train,/content/American-Language-1/train/images/E-7-_jpeg.rf.21593c178a9ebbe6c669da8760fecfbf.jpg,no_hand_detected,1
train,/content/American-Language-1/train/images/E-7-_jpeg.rf.ef45f2550085e43fd2cc4acb64336b49.jpg,no_hand_detected,1
train,/content/American-Language-1/train/images/E-8-_jpeg.rf.6da4be42eba2a78a456d6b0c387bd657.jpg,no_hand_detected,1
train,/content/American-Language-1/train/images/E-8-_jpeg.rf.d8e1a065eec10768bd922c65bfac83a2.jpg,no_hand_detected,1
train,/content/American-Language-1/train/images/E-9-_jpeg.rf.5e817ccef2572e30c3e3c5efa715e988.jpg,no_hand_detected,1
train,/content/American-Language-1/train/images/E-9-_jpeg.rf.894cdd3e866bec2889ac7deb3e3fb2d1.jpg,no_hand_detected,1
train,/content/American-Language-1/train/images/E10_jpg.rf.10166bd74a4ffc7372a0beb61c1b3f7e.jpg,no_hand_detected,1
train,/content/American-Language-1/train/images/E10_jpg.rf.27463663f397a98ca50a4280c7f174e5.jpg,no_hand_detected,1
train,/content/American-Language-1/train/images/E10_jpg.rf.3549dd9e8530bec267edf5acdfd22213.jpg,no_hand_detected,1
train,/content/American-Language-1/train/images/E10_jpg.rf.4e355e8a8d74a045ed575cdc33cc47c2.jpg,no_hand_detected,1
train,/content/American-Language-1/train/images/E10_jpg.rf.73acf1c22edaa74864f6a3f0c0f5ebae.jpg,no_hand_detected,1
train,/content/American-Language-1/train/images/E10_jpg.rf.8e49c13870a1aa0e0113c9d69dec2671.jpg,no_hand_detected,1
train,/content/American-Language-1/train/images/E10_jpg.rf.f918c737e22095c2069ef2106f38bd1b.jpg,no_hand_detected,1
train,/content/American-Language-1/train/images/E11_jpg.rf.141bc4ca16f0e4e22ed218057bdd2764.jpg,no_hand_detected,1
train,/content/American-Language-1/train/images/E11_jpg.rf.bca0c2b3a00141d84087b1555b133253.jpg,no_hand_detected,1
train,/content/American-Language-1/train/images/E12_jpg.rf.2e3680f09c4cc5bf35e1b6afd68e7d9c.jpg,no_hand_detected,1
train,/content/American-Language-1/train/images/E12_jpg.rf.6e9addec2947153d2a4dacd8e434440b.jpg,no_hand_detected,1
train,/content/American-Language-1/train/images/E12_jpg.rf.cf37bbba14dad99bb7e0e4ec9a250725.jpg,no_hand_detected,1
train,/content/American-Language-1/train/images/E14_jpg.rf.1b4b6a71b27bec26e064ac3014d1d16c.jpg,no_hand_detected,1
train,/content/American-Language-1/train/images/E14_jpg.rf.5845dea921cc0146ed5831222f1eee60.jpg,no_hand_detected,1
train,/content/American-Language-1/train/images/E14_jpg.rf.753805a8d68501fdb52ce46c5a641570.jpg,no_hand_detected,1
train,/content/American-Language-1/train/images/E14_jpg.rf.95187b461bcf037e47bbbf2972cfad96.jpg,no_hand_detected,1
train,/content/American-Language-1/train/images/E14_jpg.rf.a582ef5ba573cef0f8198abfe5b48c02.jpg,no_hand_detected,1
train,/content/American-Language-1/train/images/E14_jpg.rf.b357a9b480073b46781b3060acb1a6ae.jpg,no_hand_detected,1
train,/content/American-Language-1/train/images/E14_jpg.rf.d0a52e285e4a5f9b3108cbcd7b756b5a.jpg,no_hand_detected,1
train,/content/American-Language-1/train/images/E14_jpg.rf.dd43dc11b480026da065b8c493acaf27.jpg,no_hand_detected,1
train,/content/American-Language-1/train/images/E14_jpg.rf.e328cf4525f8307a4c581f03109fcece.jpg,no_hand_detected,1
train,/content/American-Language-1/train/images/E15_jpg.rf.8fe900abb1efee881b1e7dbae7be7901.jpg,no_hand_detected,1
train,/content/American-Language-1/train/images/E15_jpg.rf.b3e84ddb56ab3a14bcb67d5c493fa375.jpg,no_hand_detected,1
train,/content/American-Language-1/train/images/E15_jpg.rf.eea7168efb5054b8de992197b4f3ff0a.jpg,no_hand_detected,1
train,/content/American-Language-1/train/images/E17_jpg.rf.afdf373400065c8c4e624a3da7fbc5aa.jpg,no_hand_detected,1
train,/content/American-Language-1/train/images/E19_jpg.rf.17daa6c0859fc5a8557a9b8450dde88b.jpg,no_hand_detected,1
train,/content/American-Language-1/train/images/E19_jpg.rf.7db42390ea8a46b748005d082926b149.jpg,no_hand_detected,1
train,/content/American-Language-1/train/images/E19_jpg.rf.a5a3000c76005cc8cf32142274f2fdd9.jpg,no_hand_detected,1
train,/content/American-Language-1/train/images/E20_jpg.rf.0dbb8457d5f6ef019e2899a08ee01ea1.jpg,no_hand_detected,1
train,/content/American-Language-1/train/images/E20_jpg.rf.1f6c1aed4506bad8d15f77aa43601654.jpg,no_hand_detected,1
train,/content/American-Language-1/train/images/E20_jpg.rf.296f99461c5ab8e02906cfbd3e311162.jpg,no_hand_detected,1
train,/content/American-Language-1/train/images/E20_jpg.rf.47e8b71525bd7232d57a3b6795fb6b28.jpg,no_hand_detected,1
train,/content/American-Language-1/train/images/E20_jpg.rf.65c795cb421e4af3b3f246dd031ce63b.jpg,no_hand_detected,1
train,/content/American-Language-1/train/images/E20_jpg.rf.6d90a48cc7693a2818ee7155eadbc2a7.jpg,no_hand_detected,1
train,/content/American-Language-1/train/images/E20_jpg.rf.bc348ac96ee13e685f44f1005ae61595.jpg,no_hand_detected,1
train,/content/American-Language-1/train/images/E20_jpg.rf.cc3928dc099b37ac2024c2b724f88e55.jpg,no_hand_detected,1
train,/content/American-Language-1/train/images/E20_jpg.rf.de3c2d33038db05521b47f5a0465bf24.jpg,no_hand_detected,1
train,/content/American-Language-1/train/images/E21_jpg.rf.47451bca0cd6b41ac6abcdca147c90ea.jpg,no_hand_detected,1
train,/content/American-Language-1/train/images/E21_jpg.rf.4769bfaecb124e535fa05797dbdb0115.jpg,no_hand_detected,1
train,/content/American-Language-1/train/images/E21_jpg.rf.4b606852e6a73eca18597f988a617768.jpg,no_hand_detected,1
train,/content/American-Language-1/train/images/E21_jpg.rf.4ec72277c970127a1183a44353911495.jpg,no_hand_detected,1
train,/content/American-Language-1/train/images/E21_jpg.rf.5811defe9a0189da593956ece17a771e.jpg,no_hand_detected,1
train,/content/American-Language-1/train/images/E21_jpg.rf.5debd2508654e86e5b7575fe6c6709e9.jpg,no_hand_detected,1
train,/content/American-Language-1/train/images/E21_jpg.rf.9469bd7658436a8c7e204f0148358adc.jpg,no_hand_detected,1
train,/content/American-Language-1/train/images/E21_jpg.rf.beeb81a088537e2abef5f0421907a70e.jpg,no_hand_detected,1
train,/content/American-Language-1/train/images/E21_jpg.rf.e4094790eb2371e1a2140d892bb32e15.jpg,no_hand_detected,1
train,/content/American-Language-1/train/images/E22_jpg.rf.20a53f3ec8a3efb6bb536d748934f5a4.jpg,no_hand_detected,1
train,/content/American-Language-1/train/images/E22_jpg.rf.4e806ac0f864786c082a3c3774d17704.jpg,no_hand_detected,1
train,/content/American-Language-1/train/images/E22_jpg.rf.5f2843bd07d9127c0745c617c963c6cb.jpg,no_hand_detected,1
train,/content/American-Language-1/train/images/E23_jpg.rf.0a94264d66ee6618fd15e850e1cc092a.jpg,no_hand_detected,1
train,/content/American-Language-1/train/images/E23_jpg.rf.134bf14bece1a028af25e60402b84a34.jpg,no_hand_detected,1
train,/content/American-Language-1/train/images/E23_jpg.rf.80df99f3f43f8608b7178bf89c068517.jpg,no_hand_detected,1
train,/content/American-Language-1/train/images/E24_jpg.rf.07eb7f66cc45965a94f3bde9c370736b.jpg,no_hand_detected,1
train,/content/American-Language-1/train/images/E24_jpg.rf.2616b839bebc9b9358805be6b41010dc.jpg,no_hand_detected,1
train,/content/American-Language-1/train/images/E24_jpg.rf.350db7cd8483bcb33fd93d9485f747e2.jpg,no_hand_detected,1
train,/content/American-Language-1/train/images/E24_jpg.rf.51f5a37d0ba3c70f5fd540aa46a67e16.jpg,no_hand_detected,1
train,/content/American-Language-1/train/images/E24_jpg.rf.5c41242dc5dd2dd9c16aeda81de1fd48.jpg,no_hand_detected,1
train,/content/American-Language-1/train/images/E24_jpg.rf.bc11e102f18db8cba891ef70dc9c0e7d.jpg,no_hand_detected,1
train,/content/American-Language-1/train/images/E2_jpg.rf.65e71a1528dd5141d5344f8595843228.jpg,no_hand_detected,1
train,/content/American-Language-1/train/images/E6_jpg.rf.0a88a9122feff3357bfe62bb928127f2.jpg,no_hand_detected,1
train,/content/American-Language-1/train/images/E8_jpg.rf.1a24850bd17093f5409204cb9ccb3ae6.jpg,no_hand_detected,1
train,/content/American-Language-1/train/images/E8_jpg.rf.82aff6e3d348977116189ac38706d400.jpg,no_hand_detected,1
train,/content/American-Language-1/train/images/E8_jpg.rf.d9aa8a52ddbc28c088833bfe842b0d8b.jpg,no_hand_detected,1
train,/content/American-Language-1/train/images/E9_jpg.rf.0cd1db3f3a4634e6c3205e3f6b630cd7.jpg,no_hand_detected,1
train,/content/American-Language-1/train/images/E9_jpg.rf.8386fb8aa34a23e045c17d679dff83b8.jpg,no_hand_detected,1
train,/content/American-Language-1/train/images/E9_jpg.rf.aceaea60194ffd693db4e1b77e0331d3.jpg,no_hand_detected,1
train,/content/American-Language-1/train/images/E9_jpg.rf.bf387fc4f2d45150c92bc8affab4ddd9.jpg,no_hand_detected,1
train,/content/American-Language-1/train/images/F-12-_jpeg.rf.0384d1ab271adbdb0e0debaf181bf5fc.jpg,no_hand_detected,1
train,/content/American-Language-1/train/images/F-19-_jpeg.rf.152ab0cdff210239865541f258353c7b.jpg,no_hand_detected,1
train,/content/American-Language-1/train/images/F-19-_jpeg.rf.4941d9737519c61e338bf8ce68a77e28.jpg,no_hand_detected,1
train,/content/American-Language-1/train/images/F-19-_jpeg.rf.86202f9323bc89a6fe91ff7739085aeb.jpg,no_hand_detected,1
train,/content/American-Language-1/train/images/F14_jpg.rf.1fcf91ad02e3f7aed8a9b711c2295b41.jpg,no_hand_detected,1
train,/content/American-Language-1/train/images/F15_jpg.rf.abdd2e2a7956a7fb715499863db46631.jpg,no_hand_detected,1
train,/content/American-Language-1/train/images/F15_jpg.rf.d20c3ff71399bff4378c8d907c4714fc.jpg,no_hand_detected,1
train,/content/American-Language-1/train/images/F15_jpg.rf.ee108ec8d63e708c12ac6311917b9991.jpg,no_hand_detected,1
train,/content/American-Language-1/train/images/F18_jpg.rf.32bc948b3c7e5ac0f64201133c3e7061.jpg,no_hand_detected,1
train,/content/American-Language-1/train/images/F18_jpg.rf.9119a9103f38860e844319cdb224e2fc.jpg,no_hand_detected,1
train,/content/American-Language-1/train/images/F1_jpg.rf.933d79807dd0ee6e20cedce9ff3e8e15.jpg,no_hand_detected,1
train,/content/American-Language-1/train/images/F1_jpg.rf.a1ece8b8f4e9ba0286ac56727a0418fc.jpg,no_hand_detected,1
train,/content/American-Language-1/train/images/F1_jpg.rf.ceaba15e0345b1d588da62d4eaa510ae.jpg,no_hand_detected,1
train,/content/American-Language-1/train/images/F24_jpg.rf.04a9cf9a6c396be71431501179de2f1b.jpg,no_hand_detected,1
train,/content/American-Language-1/train/images/F24_jpg.rf.07c712573578644cf5e4ac4c4de06b64.jpg,no_hand_detected,1
train,/content/American-Language-1/train/images/F24_jpg.rf.32b43d3b3891de7f990178068600122f.jpg,no_hand_detected,1
train,/content/American-Language-1/train/images/F24_jpg.rf.39d9893cc162188f28f5994e59539e80.jpg,no_hand_detected,1
train,/content/American-Language-1/train/images/F24_jpg.rf.874607b08e8de8eb2f2b555988c44464.jpg,no_hand_detected,1
train,/content/American-Language-1/train/images/F24_jpg.rf.f890674bee224de396c193992cdac361.jpg,no_hand_detected,1
train,/content/American-Language-1/train/images/F25_jpg.rf.07c099a146d082413fd34ecc54d16399.jpg,no_hand_detected,1
train,/content/American-Language-1/train/images/F27_jpg.rf.180d3452288147f2ee944eafd96b3cd0.jpg,no_hand_detected,1
train,/content/American-Language-1/train/images/F27_jpg.rf.941d9f66483aa910bb6bbea28da787d5.jpg,no_hand_detected,1
train,/content/American-Language-1/train/images/F28_jpg.rf.24d0972b6775eae655e93d7ea7f5ceb5.jpg,no_hand_detected,1
train,/content/American-Language-1/train/images/F28_jpg.rf.836e443c020b9228ebd275bd4c9a757e.jpg,no_hand_detected,1
train,/content/American-Language-1/train/images/F28_jpg.rf.84afd65168afebf120d55f63b8b8ad67.jpg,no_hand_detected,1
train,/content/American-Language-1/train/images/F28_jpg.rf.8731c72cebeca2244beea60d86e8bafe.jpg,no_hand_detected,1
train,/content/American-Language-1/train/images/F28_jpg.rf.b1e96ec8b8821eae190dbc8a62ff738b.jpg,no_hand_detected,1
train,/content/American-Language-1/train/images/F2_jpg.rf.a680153387004d39c767d5ad6b522ad2.jpg,no_hand_detected,1
train,/content/American-Language-1/train/images/F7_jpg.rf.895351b9e46f11ad1f302ce9bc58c313.jpg,no_hand_detected,1
train,/content/American-Language-1/train/images/F7_jpg.rf.9ed9fcba37d8a413294d87c1af237b9e.jpg,no_hand_detected,1
train,/content/American-Language-1/train/images/G-10-_jpeg.rf.2e3270647c94d81ad55a28a419d014ed.jpg,no_hand_detected,1
train,/content/American-Language-1/train/images/G-10-_jpeg.rf.d7b47249eb58346efad56fdb0dedfa93.jpg,no_hand_detected,1
train,/content/American-Language-1/train/images/G-15-_jpeg.rf.335d7ae2670cf376bfbb292235890324.jpg,no_hand_detected,1
train,/content/American-Language-1/train/images/G-17-_jpeg.rf.27d6ecc2e4e2125a4e524d130ef2b667.jpg,no_hand_detected,1
train,/content/American-Language-1/train/images/G-17-_jpeg.rf.f04b416ba3ece42622f876392fda4fe2.jpg,no_hand_detected,1
train,/content/American-Language-1/train/images/G-18-_jpeg.rf.39814849633836f7a125c4fd624b075f.jpg,no_hand_detected,1
train,/content/American-Language-1/train/images/G-26-_jpeg.rf.6e652f78ea5ab31b26380a87300bc6b1.jpg,no_hand_detected,1
train,/content/American-Language-1/train/images/G-30-_jpeg.rf.4645d3ff066768284ee323406430437f.jpg,no_hand_detected,1
train,/content/American-Language-1/train/images/G-33-_jpeg.rf.326a181d018e0e3fd49633581c2a1965.jpg,no_hand_detected,1
train,/content/American-Language-1/train/images/G-35-_jpeg.rf.3eedbf22a2ab6ec4a7a5d177e0ffa75c.jpg,no_hand_detected,1
train,/content/American-Language-1/train/images/G-38-_jpeg.rf.1611f8ba4f6d625345ab8f2d11911902.jpg,no_hand_detected,1
train,/content/American-Language-1/train/images/G-41-_jpeg.rf.42b29bb928c833b268e71292274d2004.jpg,no_hand_detected,1
train,/content/American-Language-1/train/images/G-41-_jpeg.rf.9abe9d7e698d5fb1f95a5746c3b0370f.jpg,no_hand_detected,1
train,/content/American-Language-1/train/images/G-42-_jpeg.rf.af2685015b7f2eb7e8357e1060991868.jpg,no_hand_detected,1
train,/content/American-Language-1/train/images/G-42-_jpeg.rf.b3443d9c11c4c0c99cf182a016dad758.jpg,no_hand_detected,1
train,/content/American-Language-1/train/images/G-42-_jpeg.rf.b7377572e618ec4493ea4f7fcfabbc43.jpg,no_hand_detected,1
train,/content/American-Language-1/train/images/G-43-_jpeg.rf.a7efe52fe56731545895cb5daea86fd0.jpg,no_hand_detected,1
train,/content/American-Language-1/train/images/G-43-_jpeg.rf.d8e5ec066ee2a97154c429f83fbb5e95.jpg,no_hand_detected,1
train,/content/American-Language-1/train/images/G-52-_jpeg.rf.19814955ce7b0594824425d812b4b66a.jpg,no_hand_detected,1
train,/content/American-Language-1/train/images/G-52-_jpeg.rf.7dbf2157b05a3cc3957249faed6a5992.jpg,no_hand_detected,1
train,/content/American-Language-1/train/images/G-52-_jpeg.rf.a9db63564b3b6e5c48c755a940c0572a.jpg,no_hand_detected,1
train,/content/American-Language-1/train/images/G-53-_jpeg.rf.af174d4daf497c84ea1f372ec0a27b3b.jpg,no_hand_detected,1
train,/content/American-Language-1/train/images/G-56-_jpeg.rf.af48e8a17c395cf759677b4189820b3f.jpg,no_hand_detected,1
train,/content/American-Language-1/train/images/G-57-_jpeg.rf.3bdd48e290a7a60e8fcb1ebefec345b1.jpg,no_hand_detected,1
train,/content/American-Language-1/train/images/G-57-_jpeg.rf.97705838a3d976c9e11c6a7068ada13b.jpg,no_hand_detected,1
train,/content/American-Language-1/train/images/G-58-_jpeg.rf.e6063fbc059e58af9f3c04e8e609dc41.jpg,no_hand_detected,1
train,/content/American-Language-1/train/images/G-6-_jpeg.rf.7cc93dc223a35d03bdcb793a23fec7fc.jpg,no_hand_detected,1
train,/content/American-Language-1/train/images/G-6-_jpeg.rf.f358067ee070c12267e82e847b29c6a8.jpg,no_hand_detected,1
train,/content/American-Language-1/train/images/G-61-_jpeg.rf.78819ed94962777f9e30b69240d0d67a.jpg,no_hand_detected,1
train,/content/American-Language-1/train/images/G-62-_jpeg.rf.a35116943e195ff63e4c6d86ff1850b0.jpg,no_hand_detected,1
train,/content/American-Language-1/train/images/G-67-_jpeg.rf.5f679bd1acb93cad11508f4824c38249.jpg,no_hand_detected,1
train,/content/American-Language-1/train/images/G-67-_jpeg.rf.a83ce2d3c152fb96f5b4d9af31e4885d.jpg,no_hand_detected,1
train,/content/American-Language-1/train/images/G-68-_jpeg.rf.3461e22a1f4f55dd60368711e322b183.jpg,no_hand_detected,1
train,/content/American-Language-1/train/images/G-68-_jpeg.rf.658e00fec1c283ca5491adf780f8665b.jpg,no_hand_detected,1
train,/content/American-Language-1/train/images/G-70-_jpeg.rf.4806734cad7113306a57183ed4bbda7f.jpg,no_hand_detected,1
train,/content/American-Language-1/train/images/G-70-_jpeg.rf.7e4554f295f41ebf67ddf0096aedec80.jpg,no_hand_detected,1
train,/content/American-Language-1/train/images/G-70-_jpeg.rf.cb43fef8e1eb14af314ee7d09261b20a.jpg,no_hand_detected,1
train,/content/American-Language-1/train/images/G-8-_jpeg.rf.6b5a7fcbc2fc71315266d812ac908356.jpg,no_hand_detected,1
train,/content/American-Language-1/train/images/G-8-_jpeg.rf.e75d426716dbcac60b4fd4decc6ada57.jpg,no_hand_detected,1
train,/content/American-Language-1/train/images/G-8-_jpeg.rf.e8d5bcde0e4f221139d116c6b19a8bf0.jpg,no_hand_detected,1
train,/content/American-Language-1/train/images/G-9-_jpeg.rf.809a642b64644e841a513b66b889e056.jpg,no_hand_detected,1
train,/content/American-Language-1/train/images/G-9-_jpeg.rf.da0dddd6830754ee4a698eaac67df8c7.jpg,no_hand_detected,1
train,/content/American-Language-1/train/images/G-9-_jpeg.rf.f570dbda08a0f9b9523d1ed3db298ad0.jpg,no_hand_detected,1
train,/content/American-Language-1/train/images/G13_jpg.rf.107503d2f7105c88ec3d0ad7882d4ef8.jpg,no_hand_detected,1
train,/content/American-Language-1/train/images/G13_jpg.rf.d6279bad1f293801e1dc2a7c10083d14.jpg,no_hand_detected,1
train,/content/American-Language-1/train/images/G13_jpg.rf.edd7ad717981e8bae2542e7f3105fa27.jpg,no_hand_detected,1
train,/content/American-Language-1/train/images/G15_jpg.rf.02ad36da6bf400e57ea35cc776eeac2a.jpg,no_hand_detected,1
train,/content/American-Language-1/train/images/G15_jpg.rf.511bcf9889ea180ab038f7df8cac6aee.jpg,no_hand_detected,1
train,/content/American-Language-1/train/images/G15_jpg.rf.9a4dd302c83ff386222cf475be6571b4.jpg,no_hand_detected,1
train,/content/American-Language-1/train/images/G15_jpg.rf.b76ba35b756ba80fead2d00c870e9914.jpg,no_hand_detected,1
train,/content/American-Language-1/train/images/G15_jpg.rf.bc106e88e34aa50880fadd4b6626a8f9.jpg,no_hand_detected,1
train,/content/American-Language-1/train/images/G15_jpg.rf.fed44340337eab13c09bbe02c2feaf0b.jpg,no_hand_detected,1
train,/content/American-Language-1/train/images/G17_jpg.rf.9e8190a31393f7e22c0ac7fc3c5fd3a7.jpg,no_hand_detected,1
train,/content/American-Language-1/train/images/G17_jpg.rf.b13d0407139c63f758a0966fc9720561.jpg,no_hand_detected,1
train,/content/American-Language-1/train/images/G17_jpg.rf.f53b1498e89e51202c9204321abd9a06.jpg,no_hand_detected,1
train,/content/American-Language-1/train/images/G19_jpg.rf.83a2692bbcd018863c1fc840a72178ae.jpg,no_hand_detected,1
train,/content/American-Language-1/train/images/G24_jpg.rf.487716aba1014b0ce399490b75243a1a.jpg,no_hand_detected,1
train,/content/American-Language-1/train/images/G24_jpg.rf.6b8eaffd605a700d28593fb7b7fccf35.jpg,no_hand_detected,1
train,/content/American-Language-1/train/images/G24_jpg.rf.b9c7e9f49bd56f16f69cb32f1430ec72.jpg,no_hand_detected,1
train,/content/American-Language-1/train/images/G29_jpg.rf.60ae203103d7bd8785cf1b1e9cebeb62.jpg,no_hand_detected,1
train,/content/American-Language-1/train/images/G29_jpg.rf.ebb18f6938c611dc989c4c4208fbda82.jpg,no_hand_detected,1
train,/content/American-Language-1/train/images/G29_jpg.rf.f25ec827427071004dab26e0674d3dff.jpg,no_hand_detected,1
train,/content/American-Language-1/train/images/G4_jpg.rf.198cb63b95aaf7e8811541aa1a26023e.jpg,no_hand_detected,1
train,/content/American-Language-1/train/images/G4_jpg.rf.505d161e7e37f1312dc146cbe585a608.jpg,no_hand_detected,1
train,/content/American-Language-1/train/images/G4_jpg.rf.eec65fe8441697abd9136947e202d154.jpg,no_hand_detected,1
train,/content/American-Language-1/train/images/G6_jpg.rf.4449fab3a8244183291a00e495b23ec4.jpg,no_hand_detected,1
train,/content/American-Language-1/train/images/G6_jpg.rf.959e4056a90bfcee6c7b40b693eb9aee.jpg,no_hand_detected,1
train,/content/American-Language-1/train/images/G6_jpg.rf.d22357a6c37d33e2b9f55c943bf47388.jpg,no_hand_detected,1
train,/content/American-Language-1/train/images/H-1-_jpeg.rf.979db9c01b8cb533b02793421fb2b383.jpg,no_hand_detected,1
train,/content/American-Language-1/train/images/H-1-_jpeg.rf.f60f602ea8e9392cc98f115c453b7991.jpg,no_hand_detected,1
train,/content/American-Language-1/train/images/H-10-_jpeg.rf.c293089b0644afb63019f8d0f4e32b22.jpg,no_hand_detected,1
train,/content/American-Language-1/train/images/H-10-_jpeg.rf.c3ca651fd3ce783b76c71068899e4359.jpg,no_hand_detected,1
train,/content/American-Language-1/train/images/H-12-_jpeg.rf.a0adfcba38a4dab6a4f3d2d32aec25a5.jpg,no_hand_detected,1
train,/content/American-Language-1/train/images/H-12-_jpeg.rf.b563b4f3cf2662221d92bc070ea57ade.jpg,no_hand_detected,1
train,/content/American-Language-1/train/images/H-13-_jpeg.rf.0c304a64156cddbb725f09b2e0f12d08.jpg,no_hand_detected,1
train,/content/American-Language-1/train/images/H-13-_jpeg.rf.30f846ef7a7247e9e2b4ffe07961240a.jpg,no_hand_detected,1
train,/content/American-Language-1/train/images/H-14-_jpeg.rf.4f2c55f738c6892fb18281cd9098294d.jpg,no_hand_detected,1
train,/content/American-Language-1/train/images/H-14-_jpeg.rf.766d0c4fe13b18722e2818c1d31ef14c.jpg,no_hand_detected,1
train,/content/American-Language-1/train/images/H-17-_jpeg.rf.643fc3e6dc6e4df43c1f54bff08795ba.jpg,no_hand_detected,1
train,/content/American-Language-1/train/images/H-17-_jpeg.rf.a1ce1047579ca95704377a86a9edc98a.jpg,no_hand_detected,1
train,/content/American-Language-1/train/images/H-17-_jpeg.rf.fe727e59902695fe6ff5ed90d6f0cd60.jpg,no_hand_detected,1
train,/content/American-Language-1/train/images/H-18-_jpeg.rf.50c90a44a7264fee695f9bee46c76718.jpg,no_hand_detected,1
train,/content/American-Language-1/train/images/H-18-_jpeg.rf.7b69124ef1d205570280702d243dd6f2.jpg,no_hand_detected,1
train,/content/American-Language-1/train/images/H-18-_jpeg.rf.fa84ab74ea276f941f42d38c591fc67e.jpg,no_hand_detected,1
train,/content/American-Language-1/train/images/H-2-_jpeg.rf.1307bf0ab50da0f8aeb0649fa2235dfb.jpg,no_hand_detected,1
train,/content/American-Language-1/train/images/H-2-_jpeg.rf.5c66a02d50b92be8facb09bba1cb5d5f.jpg,no_hand_detected,1
train,/content/American-Language-1/train/images/H-25-_jpeg.rf.d645e689f4bb9d4da25d63d8adb30b23.jpg,no_hand_detected,1
train,/content/American-Language-1/train/images/H-26-_jpeg.rf.bbcfb6ee3237179b322a1f441daab480.jpg,no_hand_detected,1
train,/content/American-Language-1/train/images/H-27-_jpeg.rf.0b36f41f002ae696996a4d30fe661988.jpg,no_hand_detected,1
train,/content/American-Language-1/train/images/H-27-_jpeg.rf.33abf90d118cb2ccff6096e0776a0617.jpg,no_hand_detected,1
train,/content/American-Language-1/train/images/H-3-_jpeg.rf.2ab33e92695b9c63ec21a3ccdb8f7a1b.jpg,no_hand_detected,1
train,/content/American-Language-1/train/images/H-3-_jpeg.rf.724afb3cb3e3661b59a77309d447aa73.jpg,no_hand_detected,1
train,/content/American-Language-1/train/images/H-30-_jpeg.rf.2dfad890b3ec2f1286df2f73f3d77d08.jpg,no_hand_detected,1
train,/content/American-Language-1/train/images/H-32-_jpeg.rf.d3af8fee6dd84a01a070a1c70627119a.jpg,no_hand_detected,1
train,/content/American-Language-1/train/images/H-36-_jpeg.rf.96b2dd520c42bcbc8563a453abb8be22.jpg,no_hand_detected,1
train,/content/American-Language-1/train/images/H-36-_jpeg.rf.cccb90eff92840dff99b2b8721c3570a.jpg,no_hand_detected,1
train,/content/American-Language-1/train/images/H-39-_jpeg.rf.542f4234181ad602385dd4d98a43a9d8.jpg,no_hand_detected,1
train,/content/American-Language-1/train/images/H-4-_jpeg.rf.b98a52b3f4dea3415d0dd29fa3e131e2.jpg,no_hand_detected,1
train,/content/American-Language-1/train/images/H-5-_jpeg.rf.07ffdf42de9edb1f8462a16fb534274e.jpg,no_hand_detected,1
train,/content/American-Language-1/train/images/H-5-_jpeg.rf.440ec73b318edd1883e0dbacebc4e8f7.jpg,no_hand_detected,1
train,/content/American-Language-1/train/images/H-5-_jpeg.rf.63d2fc67cf1592190b0e440341945678.jpg,no_hand_detected,1
train,/content/American-Language-1/train/images/H-51-_jpeg.rf.b228fd805ebabf2d7e6d5db91c8c7118.jpg,no_hand_detected,1
train,/content/American-Language-1/train/images/H-51-_jpeg.rf.e771688c2f9302be97e9ae0b4e05d468.jpg,no_hand_detected,1
train,/content/American-Language-1/train/images/H-51-_jpeg.rf.f9361bf9480b897a0a8088c80f219a70.jpg,no_hand_detected,1
train,/content/American-Language-1/train/images/H-53-_jpeg.rf.5fb2f2633f87e00bc329efac07899904.jpg,no_hand_detected,1
train,/content/American-Language-1/train/images/H-54-_jpeg.rf.56a755b9af926d750589c9b790e40165.jpg,no_hand_detected,1
train,/content/American-Language-1/train/images/H-54-_jpeg.rf.7bddb59da2c08c68f7027f5dcfb594d0.jpg,no_hand_detected,1
train,/content/American-Language-1/train/images/H-57-_jpeg.rf.7a5f20563b5837e9ba2f4289a7d30ea8.jpg,no_hand_detected,1
train,/content/American-Language-1/train/images/H-58-_jpeg.rf.563a986d26414adee751c1fd75e084c6.jpg,no_hand_detected,1
train,/content/American-Language-1/train/images/H-59-_jpeg.rf.ce0a79f59d56cde7da50d76603d95060.jpg,no_hand_detected,1
train,/content/American-Language-1/train/images/H-6-_jpeg.rf.c8a5c5a762d9828446080929a9bd9f1c.jpg,no_hand_detected,1
train,/content/American-Language-1/train/images/H-60-_jpeg.rf.cf0c2c7370c068b2ca7f77ac292f4008.jpg,no_hand_detected,1
train,/content/American-Language-1/train/images/H-60-_jpeg.rf.fbd028e4a0bd7d22757a195233c43375.jpg,no_hand_detected,1
train,/content/American-Language-1/train/images/H-65-_jpeg.rf.f10ab9b97da17f8166616d04532f833e.jpg,no_hand_detected,1
train,/content/American-Language-1/train/images/H-7-_jpeg.rf.fff906b3893945bbdeb51b83006b08df.jpg,no_hand_detected,1
train,/content/American-Language-1/train/images/H-8-_jpeg.rf.19980e0737ad1e8ebb3eaa1a387a043c.jpg,no_hand_detected,1
train,/content/American-Language-1/train/images/H-8-_jpeg.rf.522b1fc354f4e9dd5e46fde93f44ecce.jpg,no_hand_detected,1
train,/content/American-Language-1/train/images/H-9-_jpeg.rf.1debccaa9e046f37f2cfedf031b483ed.jpg,no_hand_detected,1
train,/content/American-Language-1/train/images/H10_jpg.rf.222ef15868e29d0301593916cfb9b6c9.jpg,no_hand_detected,1
train,/content/American-Language-1/train/images/H10_jpg.rf.3813264adbdfdad7b7b184240141e6de.jpg,no_hand_detected,1
train,/content/American-Language-1/train/images/H10_jpg.rf.487514b65ea51467b17b88d095b3d777.jpg,no_hand_detected,1
train,/content/American-Language-1/train/images/H10_jpg.rf.88aaf29738a4cc3fe5194963b25d3e9b.jpg,no_hand_detected,1
train,/content/American-Language-1/train/images/H10_jpg.rf.fe2aed9979b88ef6e3c139fe05ff0c58.jpg,no_hand_detected,1
train,/content/American-Language-1/train/images/H11_jpg.rf.7db0237d5133f931ff93f6c52ba93f58.jpg,no_hand_detected,1
train,/content/American-Language-1/train/images/H11_jpg.rf.da61c8b9f7731ed09523178cf211f134.jpg,no_hand_detected,1
train,/content/American-Language-1/train/images/H11_jpg.rf.f7db5dbcb645453c07faf240f0e58577.jpg,no_hand_detected,1
train,/content/American-Language-1/train/images/H16_jpg.rf.1490fa2e0e4be4bb5daa98693ad2de59.jpg,no_hand_detected,1
train,/content/American-Language-1/train/images/H16_jpg.rf.25a04a905e6d7c3f75f7bef8d336adb4.jpg,no_hand_detected,1
train,/content/American-Language-1/train/images/H16_jpg.rf.3caaeb12931ef1e1322674b93dc4a5ae.jpg,no_hand_detected,1
train,/content/American-Language-1/train/images/H16_jpg.rf.4a33d47f024506c78f20fedb30f3b8f8.jpg,no_hand_detected,1
train,/content/American-Language-1/train/images/H16_jpg.rf.747971b6864480a86ac12f4035db1953.jpg,no_hand_detected,1
train,/content/American-Language-1/train/images/H16_jpg.rf.fa5378f4e34a6867a83acb5d12262714.jpg,no_hand_detected,1
train,/content/American-Language-1/train/images/H17_jpg.rf.28e5669a33be9bef37ae0d7305c02e0d.jpg,no_hand_detected,1
train,/content/American-Language-1/train/images/H17_jpg.rf.55b3287f4f4bad9a62067eaf7f8ff7d5.jpg,no_hand_detected,1
train,/content/American-Language-1/train/images/H17_jpg.rf.85103ca6750e7c86ffbc3a418cda9c8b.jpg,no_hand_detected,1
train,/content/American-Language-1/train/images/H17_jpg.rf.a59ef1fb9fd513fb419b37f3ce117f8d.jpg,no_hand_detected,1
train,/content/American-Language-1/train/images/H17_jpg.rf.af412936064c04171e910c7947afe171.jpg,no_hand_detected,1
train,/content/American-Language-1/train/images/H17_jpg.rf.c29905fc8f80f8240cf958caff87d2d7.jpg,no_hand_detected,1
train,/content/American-Language-1/train/images/H19_jpg.rf.70e7b3bc58c21f8303bed7c8677a5abc.jpg,no_hand_detected,1
train,/content/American-Language-1/train/images/H19_jpg.rf.b511cb33c56c5b906b864356a5950445.jpg,no_hand_detected,1
train,/content/American-Language-1/train/images/H19_jpg.rf.c6f6ff2d322712a3dbd5142501858f08.jpg,no_hand_detected,1
train,/content/American-Language-1/train/images/H20_jpg.rf.0bfbbb2e18f716bca4716765e5188d1f.jpg,no_hand_detected,1
train,/content/American-Language-1/train/images/H20_jpg.rf.4ee9ca939bf0cef0709a7698b24d9b04.jpg,no_hand_detected,1
train,/content/American-Language-1/train/images/H20_jpg.rf.66e6a91e2b41e776c3d67144a6dc7cea.jpg,no_hand_detected,1
train,/content/American-Language-1/train/images/H24_jpg.rf.3e23f64162d85cff92cbf41488e53778.jpg,no_hand_detected,1
train,/content/American-Language-1/train/images/H24_jpg.rf.4de10270d0c6a13d27ac84983df49592.jpg,no_hand_detected,1
train,/content/American-Language-1/train/images/H24_jpg.rf.91249b7c722042a40f6d30409b42338a.jpg,no_hand_detected,1
train,/content/American-Language-1/train/images/H28_jpg.rf.621e23817837f7493dd013be5cdabe43.jpg,no_hand_detected,1
train,/content/American-Language-1/train/images/H28_jpg.rf.851926d386978b0ed8e02194f55c8ee7.jpg,no_hand_detected,1
train,/content/American-Language-1/train/images/H28_jpg.rf.c33e48d9fc283e9c8a0c6b315b7ff01f.jpg,no_hand_detected,1
train,/content/American-Language-1/train/images/H7_jpg.rf.3e7c684b9c85328cea64d8aabc94ce9e.jpg,no_hand_detected,1
train,/content/American-Language-1/train/images/H7_jpg.rf.66f54f43c99df995bde1c7ecf97957c2.jpg,no_hand_detected,1
train,/content/American-Language-1/train/images/I-10-_jpeg.rf.4ca425fda0d47c95456dcaac3fb244c5.jpg,no_hand_detected,1
train,/content/American-Language-1/train/images/I-10-_jpeg.rf.825620da503999c03bcc43ba6e81c52e.jpg,no_hand_detected,1
train,/content/American-Language-1/train/images/I-12-_jpeg.rf.47678dfe5fd0bafce84b9728ff5e091f.jpg,no_hand_detected,1
train,/content/American-Language-1/train/images/I-12-_jpeg.rf.68a1349d134f6ba11f9a1f1e80339af6.jpg,no_hand_detected,1
train,/content/American-Language-1/train/images/I-13-_jpeg.rf.5a040a7601afab53e28c4e909edd0746.jpg,no_hand_detected,1
train,/content/American-Language-1/train/images/I-13-_jpeg.rf.7735ea8ad22f411a6f789dcbea946764.jpg,no_hand_detected,1
train,/content/American-Language-1/train/images/I-13-_jpeg.rf.876f185c44b17db8885a5e01e02ee879.jpg,no_hand_detected,1
train,/content/American-Language-1/train/images/I-15-_jpeg.rf.0e5c96204d1f4b738083803b6a1dad16.jpg,no_hand_detected,1
train,/content/American-Language-1/train/images/I-15-_jpeg.rf.1578ca4c580b11113b9244b36c5978e4.jpg,no_hand_detected,1
train,/content/American-Language-1/train/images/I-15-_jpeg.rf.bc361dd77e7e32aa31e46bffe61e5264.jpg,no_hand_detected,1
train,/content/American-Language-1/train/images/I-16-_jpeg.rf.6494318fc558bbbb4c7ef2a23a67a466.jpg,no_hand_detected,1
train,/content/American-Language-1/train/images/I-16-_jpeg.rf.944d1f43c6a77fba46ffccf493851fb9.jpg,no_hand_detected,1
train,/content/American-Language-1/train/images/I-16-_jpeg.rf.9ffe72c40a4d11941ed5187dbe8e8aa1.jpg,no_hand_detected,1
train,/content/American-Language-1/train/images/I-2-_jpeg.rf.9ce816fcdacb92ab67c2872c92e98f6a.jpg,no_hand_detected,1
train,/content/American-Language-1/train/images/I-20-_jpeg.rf.1ebfc5e0ab8368561c27abc75df9f43f.jpg,no_hand_detected,1
train,/content/American-Language-1/train/images/I-20-_jpeg.rf.7176cc26b76b7077573d221ca19b7d56.jpg,no_hand_detected,1
train,/content/American-Language-1/train/images/I-20-_jpeg.rf.fdb55760d03a51614ca57d25ef48ca30.jpg,no_hand_detected,1
train,/content/American-Language-1/train/images/I-23-_jpeg.rf.cd890b3302eb6a0cbb1895b0d2a634fe.jpg,no_hand_detected,1
train,/content/American-Language-1/train/images/I-26-_jpeg.rf.064668449a1ae004144229f53505df2c.jpg,no_hand_detected,1
train,/content/American-Language-1/train/images/I-28-_jpeg.rf.1f8e3dfa34bba9e7d267262118c8ead9.jpg,no_hand_detected,1
train,/content/American-Language-1/train/images/I-28-_jpeg.rf.feffe5c8b50ff32fba62727b42d39b5b.jpg,no_hand_detected,1
train,/content/American-Language-1/train/images/I-36-_jpeg.rf.2d2753e55d5e7e2fec4e4e451ca3058c.jpg,no_hand_detected,1
train,/content/American-Language-1/train/images/I-39-_jpeg.rf.b69d7f851a2a113c67795c8113341e57.jpg,no_hand_detected,1
train,/content/American-Language-1/train/images/I-44-_jpeg.rf.26f2d14ec07240c11380ba53f964e791.jpg,no_hand_detected,1
train,/content/American-Language-1/train/images/I-48-_jpeg.rf.ef1daa49bb7d4233e3e62aae4bd3da1f.jpg,no_hand_detected,1
train,/content/American-Language-1/train/images/I-52-_jpeg.rf.64902bfc0a0d493b99329c1bac8d052f.jpg,no_hand_detected,1
train,/content/American-Language-1/train/images/I-57-_jpeg.rf.8f51bf2fa31639ee33b9a34ead893900.jpg,no_hand_detected,1
train,/content/American-Language-1/train/images/I-64-_jpeg.rf.2971de45ee8700c2012f102bb59c3a04.jpg,no_hand_detected,1
train,/content/American-Language-1/train/images/I-64-_jpeg.rf.8ef5f86b78a44589d6b0b11cfa939dba.jpg,no_hand_detected,1
train,/content/American-Language-1/train/images/I-65-_jpeg.rf.221776c9d2d82738176fedae45810595.jpg,no_hand_detected,1
train,/content/American-Language-1/train/images/I-68-_jpeg.rf.29d5980470d16912b4c748ff600b3dfc.jpg,no_hand_detected,1
train,/content/American-Language-1/train/images/I-68-_jpeg.rf.4d6be0e10895ccf7007adaa8b9ead229.jpg,no_hand_detected,1
train,/content/American-Language-1/train/images/I-68-_jpeg.rf.6fdb1acce6a21eaf59799abd05e51b0f.jpg,no_hand_detected,1
train,/content/American-Language-1/train/images/I-7-_jpeg.rf.88dfb463ba47ad6fcaae9b1f89beb0c0.jpg,no_hand_detected,1
train,/content/American-Language-1/train/images/I-70-_jpeg.rf.2be55bbe558e78c0414f7d00643aeccd.jpg,no_hand_detected,1
train,/content/American-Language-1/train/images/I-70-_jpeg.rf.b461507a2ac1fc73885d0a93257b9bae.jpg,no_hand_detected,1
train,/content/American-Language-1/train/images/I-70-_jpeg.rf.f0be32cdf30dd0a5a7dbb324d9f28fec.jpg,no_hand_detected,1
train,/content/American-Language-1/train/images/I-8-_jpeg.rf.43e446203b78eb65e34baee2c0055f0f.jpg,no_hand_detected,1
train,/content/American-Language-1/train/images/I-8-_jpeg.rf.8ede27a7d24a3ca885c829ff8b0c4606.jpg,no_hand_detected,1
train,/content/American-Language-1/train/images/I-8-_jpeg.rf.efcca7118929a40e585637e579ea1078.jpg,no_hand_detected,1
train,/content/American-Language-1/train/images/I-9-_jpeg.rf.0a77e119840eec842925ca3288ed05d6.jpg,no_hand_detected,1
train,/content/American-Language-1/train/images/I0_jpg.rf.e38d558e7758d1ce121f1bd8bbb945b5.jpg,no_hand_detected,1
train,/content/American-Language-1/train/images/I10_jpg.rf.1774ba42c83e67151eb26f3bc0e0c46d.jpg,no_hand_detected,1
train,/content/American-Language-1/train/images/I10_jpg.rf.24709e85602ad71eff82cea8fd42e2af.jpg,no_hand_detected,1
train,/content/American-Language-1/train/images/I10_jpg.rf.28298389d46851bd1d2c3d7162aae38c.jpg,no_hand_detected,1
train,/content/American-Language-1/train/images/I10_jpg.rf.52c5c68b66381092a9c286aac4c9f093.jpg,no_hand_detected,1
train,/content/American-Language-1/train/images/I10_jpg.rf.940cadc15ee212431bbb18e77b6e0212.jpg,no_hand_detected,1
train,/content/American-Language-1/train/images/I10_jpg.rf.a53b34e89945b15bb7f370ccfd2e1848.jpg,no_hand_detected,1
train,/content/American-Language-1/train/images/I10_jpg.rf.ea06ee537728d6d616e26360fe9aef26.jpg,no_hand_detected,1
train,/content/American-Language-1/train/images/I10_jpg.rf.f17166d20480652afcabb8031e0afdb2.jpg,no_hand_detected,1
train,/content/American-Language-1/train/images/I11_jpg.rf.4dccb1be3d81ef329012f54675e311c3.jpg,no_hand_detected,1
train,/content/American-Language-1/train/images/I11_jpg.rf.6e09750c345536b12516e98f2d7c5a45.jpg,no_hand_detected,1
train,/content/American-Language-1/train/images/I11_jpg.rf.8ee648cd621975cc873a4bc7c1d495f9.jpg,no_hand_detected,1
train,/content/American-Language-1/train/images/I11_jpg.rf.bcc8eb9841db549c3b0f791952c70a9f.jpg,no_hand_detected,1
train,/content/American-Language-1/train/images/I11_jpg.rf.dd05afa4bfadadef1a940d9efbe9e6e5.jpg,no_hand_detected,1
train,/content/American-Language-1/train/images/I12_jpg.rf.5c25f219f9c4a8c0da38308ce8b0a5cf.jpg,no_hand_detected,1
train,/content/American-Language-1/train/images/I12_jpg.rf.5fbca906951dc0912912f54f89085b0f.jpg,no_hand_detected,1
train,/content/American-Language-1/train/images/I12_jpg.rf.6a891d9310df255adf52260b7acba414.jpg,no_hand_detected,1
train,/content/American-Language-1/train/images/I12_jpg.rf.91d2a2aba2e0cf178bab304fb2d5e2d8.jpg,no_hand_detected,1
train,/content/American-Language-1/train/images/I12_jpg.rf.ce4366a60379e2ba5d3528c291761afa.jpg,no_hand_detected,1
train,/content/American-Language-1/train/images/I12_jpg.rf.faedd1d3a4f469fdbfda001b23a6293a.jpg,no_hand_detected,1
train,/content/American-Language-1/train/images/I15_jpg.rf.3d1e02d3072d43c3137eae116e546ca7.jpg,no_hand_detected,1
train,/content/American-Language-1/train/images/I15_jpg.rf.61347038f44b6d4cfb0f180e1ad6bf33.jpg,no_hand_detected,1
train,/content/American-Language-1/train/images/I15_jpg.rf.814594523630432382c2561a74b30992.jpg,no_hand_detected,1
train,/content/American-Language-1/train/images/I15_jpg.rf.b3696a547473699788b6fa2bc6aea46b.jpg,no_hand_detected,1
train,/content/American-Language-1/train/images/I15_jpg.rf.e02abebd04e7b7aae4436cdbd38c0676.jpg,no_hand_detected,1
train,/content/American-Language-1/train/images/I15_jpg.rf.eb30cc14a63920a19d72347b4874bbc1.jpg,no_hand_detected,1
train,/content/American-Language-1/train/images/I16_jpg.rf.108a025aa48b4609745989c6461cbc4a.jpg,no_hand_detected,1
train,/content/American-Language-1/train/images/I16_jpg.rf.81a2539500223317027ba9be51f91713.jpg,no_hand_detected,1
train,/content/American-Language-1/train/images/I16_jpg.rf.ecdba672ca48c467ee5d6714f479e00a.jpg,no_hand_detected,1
train,/content/American-Language-1/train/images/I1_jpg.rf.aed7e7c8f324fa0bd0af4004d97b3800.jpg,no_hand_detected,1
train,/content/American-Language-1/train/images/I1_jpg.rf.b574a1db92ccd620f00b199f347e7596.jpg,no_hand_detected,1
train,/content/American-Language-1/train/images/I20_jpg.rf.1ec33c312315636ef6340d680aa2d0da.jpg,no_hand_detected,1
train,/content/American-Language-1/train/images/I20_jpg.rf.855b1a855b9f3f596aec24d78b02b296.jpg,no_hand_detected,1
train,/content/American-Language-1/train/images/I20_jpg.rf.d4c49bf45c55345ff2233bee55227f0c.jpg,no_hand_detected,1
train,/content/American-Language-1/train/images/I21_jpg.rf.3a25efdba57dc156b765d7f338f0ddc7.jpg,no_hand_detected,1
train,/content/American-Language-1/train/images/I21_jpg.rf.53c3b59f45ebae1a86cb3e4382184a8f.jpg,no_hand_detected,1
train,/content/American-Language-1/train/images/I21_jpg.rf.916e9d19a7488d40b8490d00ea84a63c.jpg,no_hand_detected,1
train,/content/American-Language-1/train/images/I21_jpg.rf.d4458be1bf63a31d6d45781d19239f8a.jpg,no_hand_detected,1
train,/content/American-Language-1/train/images/I21_jpg.rf.fd4e35c54841c123637eff00dd500aa0.jpg,no_hand_detected,1
train,/content/American-Language-1/train/images/I23_jpg.rf.1d91ce116caa273f7b2fbaa85111f2d2.jpg,no_hand_detected,1
train,/content/American-Language-1/train/images/I23_jpg.rf.51d795cd84f0bcb696294354fd03731f.jpg,no_hand_detected,1
train,/content/American-Language-1/train/images/I23_jpg.rf.570fde93773d38a16f307f9a9fb03763.jpg,no_hand_detected,1
train,/content/American-Language-1/train/images/I23_jpg.rf.be159ea9362a5e4734f8838350452264.jpg,no_hand_detected,1
train,/content/American-Language-1/train/images/I23_jpg.rf.c326512e1a5d6ab684fd88d8d3bc56ef.jpg,no_hand_detected,1
train,/content/American-Language-1/train/images/I24_jpg.rf.5f22ab5d05bd421abe70d848968f2d62.jpg,no_hand_detected,1
train,/content/American-Language-1/train/images/I24_jpg.rf.629a79b59674b6e7cd36641e4707a163.jpg,no_hand_detected,1
train,/content/American-Language-1/train/images/I24_jpg.rf.75d503387e95e412b4ebe2aeda24af4a.jpg,no_hand_detected,1
train,/content/American-Language-1/train/images/I24_jpg.rf.78c8236898c3c435c9b8c50dfb57a977.jpg,no_hand_detected,1
train,/content/American-Language-1/train/images/I28_jpg.rf.4722090992fd0c017ddd0213f5beeba0.jpg,no_hand_detected,1
train,/content/American-Language-1/train/images/I28_jpg.rf.97fc18b981ba2e113c04b46de7238b8d.jpg,no_hand_detected,1
train,/content/American-Language-1/train/images/I3_jpg.rf.19e91b119c47eb2944004677835212cd.jpg,no_hand_detected,1
train,/content/American-Language-1/train/images/I3_jpg.rf.a57dc517ee263a8594a186210254d346.jpg,no_hand_detected,1
train,/content/American-Language-1/train/images/I3_jpg.rf.d414019e4feb4d10268c83b1d488e891.jpg,no_hand_detected,1
train,/content/American-Language-1/train/images/I4_jpg.rf.3d00ef572ca7d7ac97968294b64b347a.jpg,no_hand_detected,1
train,/content/American-Language-1/train/images/I4_jpg.rf.6c94d313d5ef0d7f6ddd26d068572b0e.jpg,no_hand_detected,1
train,/content/American-Language-1/train/images/I4_jpg.rf.b257d1456b4c8f936a1e81a8de993b7d.jpg,no_hand_detected,1
train,/content/American-Language-1/train/images/I6_jpg.rf.117f675200fec41274e3f463ace54bad.jpg,no_hand_detected,1
train,/content/American-Language-1/train/images/I6_jpg.rf.f29112a7d59690d67e47874c9111ff8c.jpg,no_hand_detected,1
train,/content/American-Language-1/train/images/I7_jpg.rf.008c4edd475ac8917e461f8e9490ec89.jpg,no_hand_detected,1
train,/content/American-Language-1/train/images/I7_jpg.rf.bc339c538543e5c21597263ccd3a8594.jpg,no_hand_detected,1
train,/content/American-Language-1/train/images/I8_jpg.rf.10698fa4ee6d02e58d9cb90ba20046a7.jpg,no_hand_detected,1
train,/content/American-Language-1/train/images/I8_jpg.rf.d9d91ef302d81e60e3a7d03fd6418c7c.jpg,no_hand_detected,1
train,/content/American-Language-1/train/images/I8_jpg.rf.dd5f9a3c31269372ce779e8ba8a4203f.jpg,no_hand_detected,1
train,/content/American-Language-1/train/images/I8_jpg.rf.e50c0bb3332e5d8c812f7675c22bea82.jpg,no_hand_detected,1
train,/content/American-Language-1/train/images/J-10-_jpeg.rf.3331d0d11d1724df28c904eed6ce74f1.jpg,no_hand_detected,1
train,/content/American-Language-1/train/images/J-10-_jpeg.rf.8610a1b1a9e8571b7d01739b72d3ee9f.jpg,no_hand_detected,1
train,/content/American-Language-1/train/images/J-10-_jpeg.rf.a972bba3bff7ccc52214e4bfd728942f.jpg,no_hand_detected,1
train,/content/American-Language-1/train/images/J-12-_jpeg.rf.3aa8355096c07e9ecfbee034ead212cd.jpg,no_hand_detected,1
train,/content/American-Language-1/train/images/J-12-_jpeg.rf.86697bc31523b756b7fd76a0f94918f4.jpg,no_hand_detected,1
train,/content/American-Language-1/train/images/J-12-_jpeg.rf.a144b58c1af0cec00a769d9a39beb1b1.jpg,no_hand_detected,1
train,/content/American-Language-1/train/images/J-13-_jpeg.rf.2e35ba2933eb94492e0090608a688177.jpg,no_hand_detected,1
train,/content/American-Language-1/train/images/J-13-_jpeg.rf.be7fa2d1dd745ac9b1696aae537d5e0c.jpg,no_hand_detected,1
train,/content/American-Language-1/train/images/J-13-_jpeg.rf.f556855a797d3c752ce839a26f839372.jpg,no_hand_detected,1
train,/content/American-Language-1/train/images/J-14-_jpeg.rf.b2e94736507ddf452c1db409443f59d5.jpg,no_hand_detected,1
train,/content/American-Language-1/train/images/J-14-_jpeg.rf.b5bcdbc22c8044d76b1254b236004047.jpg,no_hand_detected,1
train,/content/American-Language-1/train/images/J-14-_jpeg.rf.fbf09b02489b0dc633682f7c5ff05157.jpg,no_hand_detected,1
train,/content/American-Language-1/train/images/J-15-_jpeg.rf.3b8e0b2556ca38282209485ef7e99181.jpg,no_hand_detected,1
train,/content/American-Language-1/train/images/J-15-_jpeg.rf.4ccb42553c7ec8e33d6ac58956a181ab.jpg,no_hand_detected,1
train,/content/American-Language-1/train/images/J-15-_jpeg.rf.c4c9127c56287e61d1bc0cb6ba6b4098.jpg,no_hand_detected,1
train,/content/American-Language-1/train/images/J-17-_jpeg.rf.3cabbc3564c9ba3459a0962b9e61d4a6.jpg,no_hand_detected,1
train,/content/American-Language-1/train/images/J-17-_jpeg.rf.c695f21a03acb626a9c0e3785d5c68ce.jpg,no_hand_detected,1
train,/content/American-Language-1/train/images/J-17-_jpeg.rf.de13643f0c2238a32a553e6dd65e956a.jpg,no_hand_detected,1
train,/content/American-Language-1/train/images/J-18-_jpeg.rf.0dcc2a278da8716828ce56c52768ed35.jpg,no_hand_detected,1
train,/content/American-Language-1/train/images/J-18-_jpeg.rf.5a4fd8507cb76247fd4fc3c53ad3cab5.jpg,no_hand_detected,1
train,/content/American-Language-1/train/images/J-18-_jpeg.rf.8a167629a591c8911c936233ea1a62ca.jpg,no_hand_detected,1
train,/content/American-Language-1/train/images/J-2-_jpeg.rf.0d10789357b4095b3a42b7fad54c1bec.jpg,no_hand_detected,1
train,/content/American-Language-1/train/images/J-2-_jpeg.rf.853153a355c5ac11aeedab821e045333.jpg,no_hand_detected,1
train,/content/American-Language-1/train/images/J-2-_jpeg.rf.966d20e9d64e42c7ee6998c1cd3b4618.jpg,no_hand_detected,1
train,/content/American-Language-1/train/images/J-20-_jpeg.rf.501f6c23e49b07797661bc36c9649020.jpg,no_hand_detected,1
train,/content/American-Language-1/train/images/J-20-_jpeg.rf.b45da0a8bb94882250cd43e86526c571.jpg,no_hand_detected,1
train,/content/American-Language-1/train/images/J-20-_jpeg.rf.b4fd1ef2eab6eb7e9b4d83324d9879d0.jpg,no_hand_detected,1
train,/content/American-Language-1/train/images/J-22-_jpeg.rf.906328e1004a7e600e2c16dc4fd29f64.jpg,no_hand_detected,1
train,/content/American-Language-1/train/images/J-22-_jpeg.rf.a979b06317963feee06eaffc5c7a5d0c.jpg,no_hand_detected,1
train,/content/American-Language-1/train/images/J-22-_jpeg.rf.e83efc2c4db012354717564785c6de59.jpg,no_hand_detected,1
train,/content/American-Language-1/train/images/J-24-_jpeg.rf.4a3e82ffdf493ab911247852ea897c47.jpg,no_hand_detected,1
train,/content/American-Language-1/train/images/J-24-_jpeg.rf.8d996334f1107109662f64afc6ce36f3.jpg,no_hand_detected,1
train,/content/American-Language-1/train/images/J-24-_jpeg.rf.b8005aa3124b7963b9108661c91d4c3e.jpg,no_hand_detected,1
train,/content/American-Language-1/train/images/J-29-_jpeg.rf.25e1117be761788ad0895e7070b5a6ee.jpg,no_hand_detected,1
train,/content/American-Language-1/train/images/J-29-_jpeg.rf.876f9f2f820384c49a08497bb7c62237.jpg,no_hand_detected,1
train,/content/American-Language-1/train/images/J-29-_jpeg.rf.9a567769ef0ca8b409ee95adfabbe303.jpg,no_hand_detected,1
train,/content/American-Language-1/train/images/J-30-_jpeg.rf.05710ba761818a5b8330aae25400afc2.jpg,no_hand_detected,1
train,/content/American-Language-1/train/images/J-30-_jpeg.rf.98c75e2c466466f575e73f9e8650a94d.jpg,no_hand_detected,1
train,/content/American-Language-1/train/images/J-30-_jpeg.rf.ce9375a3e11eba937983d375c1141fdf.jpg,no_hand_detected,1
train,/content/American-Language-1/train/images/J-31-_jpeg.rf.38e2a1c8b6946481eefb099e4dbedd7c.jpg,no_hand_detected,1
train,/content/American-Language-1/train/images/J-31-_jpeg.rf.b60b1ea3aa2066651a71236cf781ffa0.jpg,no_hand_detected,1
train,/content/American-Language-1/train/images/J-32-_jpeg.rf.b0c4ddb7e90e9580cbbf4122a5db29b8.jpg,no_hand_detected,1
train,/content/American-Language-1/train/images/J-32-_jpeg.rf.dd59b23ffdd5f7d00324c37bf509063b.jpg,no_hand_detected,1
train,/content/American-Language-1/train/images/J-33-_jpeg.rf.5e180fbf880812615bcddd6f0b010359.jpg,no_hand_detected,1
train,/content/American-Language-1/train/images/J-33-_jpeg.rf.8326af69b69eebfb5aeeab4e9540d72d.jpg,no_hand_detected,1
train,/content/American-Language-1/train/images/J-34-_jpeg.rf.55b7340a17a294f2990a43405c38842c.jpg,no_hand_detected,1
train,/content/American-Language-1/train/images/J-34-_jpeg.rf.d492a5ee07e02c830e6a4efac55e1145.jpg,no_hand_detected,1
train,/content/American-Language-1/train/images/J-34-_jpeg.rf.ef1282f51aacdd29856aa865b345a124.jpg,no_hand_detected,1
train,/content/American-Language-1/train/images/J-35-_jpeg.rf.a646fada3a0b62a021235b3a2466e851.jpg,no_hand_detected,1
train,/content/American-Language-1/train/images/J-35-_jpeg.rf.ab05496c4fb6bf7449e8fe1a7c798b74.jpg,no_hand_detected,1
train,/content/American-Language-1/train/images/J-35-_jpeg.rf.d6a217036483c3bdf433b0081a492ab0.jpg,no_hand_detected,1
train,/content/American-Language-1/train/images/J-36-_jpeg.rf.5b81c2c2937f032f9aa773384b8f6da3.jpg,no_hand_detected,1
train,/content/American-Language-1/train/images/J-36-_jpeg.rf.e43cda280d1fe68e24f557cce3361090.jpg,no_hand_detected,1
train,/content/American-Language-1/train/images/J-36-_jpeg.rf.fafa49b2348e3e8977c1f50db5005535.jpg,no_hand_detected,1
train,/content/American-Language-1/train/images/J-37-_jpeg.rf.02ca37c857e82708fce79e89adc03973.jpg,no_hand_detected,1
train,/content/American-Language-1/train/images/J-37-_jpeg.rf.8a927fef4d67fd5465c0f5fcfc23d64b.jpg,no_hand_detected,1
train,/content/American-Language-1/train/images/J-37-_jpeg.rf.b3d81257c72e73b9010ecad4c4b78811.jpg,no_hand_detected,1
train,/content/American-Language-1/train/images/J-40-_jpeg.rf.0d8c16bf5a6d60712d9eb7173df87365.jpg,no_hand_detected,1
train,/content/American-Language-1/train/images/J-40-_jpeg.rf.47762f536fd6e22f7c357cfb2a613379.jpg,no_hand_detected,1
train,/content/American-Language-1/train/images/J-40-_jpeg.rf.9ce99427de18fb5856df4a36c72f99a0.jpg,no_hand_detected,1
train,/content/American-Language-1/train/images/J-41-_jpeg.rf.5dc3510bee94c2e44d2228e5dfac828b.jpg,no_hand_detected,1
train,/content/American-Language-1/train/images/J-41-_jpeg.rf.6ef74268b344f3418f3b95f296e4a014.jpg,no_hand_detected,1
train,/content/American-Language-1/train/images/J-41-_jpeg.rf.e7e830f4997de18ab02e7c76baea7799.jpg,no_hand_detected,1
train,/content/American-Language-1/train/images/J-42-_jpeg.rf.5431b9625a07ae195a390ca01b5c4c35.jpg,no_hand_detected,1
train,/content/American-Language-1/train/images/J-42-_jpeg.rf.8ef2b82948a2d32b7978d00d2f452884.jpg,no_hand_detected,1
train,/content/American-Language-1/train/images/J-42-_jpeg.rf.c6e73a561e02510db9aed51efaeb7826.jpg,no_hand_detected,1
train,/content/American-Language-1/train/images/J-44-_jpeg.rf.23d02e47a960c1a47d81f429c3f8a056.jpg,no_hand_detected,1
train,/content/American-Language-1/train/images/J-44-_jpeg.rf.2af0d40303152fec414892011076c4ef.jpg,no_hand_detected,1
train,/content/American-Language-1/train/images/J-44-_jpeg.rf.e4f14863b237cb71861459343d47006c.jpg,no_hand_detected,1
train,/content/American-Language-1/train/images/J-45-_jpeg.rf.006d3e0239e1f627b8c89bb36bad499f.jpg,no_hand_detected,1
train,/content/American-Language-1/train/images/J-45-_jpeg.rf.d1e77ee77a50041426dfecc779c37077.jpg,no_hand_detected,1
train,/content/American-Language-1/train/images/J-45-_jpeg.rf.d5a7dfd51004e0571fd8312e506cb2d3.jpg,no_hand_detected,1
train,/content/American-Language-1/train/images/J-47-_jpeg.rf.3ba2b6fc8ef11c7803c7dae63a0fd299.jpg,no_hand_detected,1
train,/content/American-Language-1/train/images/J-48-_jpeg.rf.0b2f82be78aec5dfac17bae7ac13a1c2.jpg,no_hand_detected,1
train,/content/American-Language-1/train/images/J-48-_jpeg.rf.d5a2802677433f8d0bc04bbfd1b53046.jpg,no_hand_detected,1
train,/content/American-Language-1/train/images/J-49-_jpeg.rf.1919aff88c4a568fdf9929bcdd0f7b03.jpg,no_hand_detected,1
train,/content/American-Language-1/train/images/J-49-_jpeg.rf.1b4208590d12816925c352d9b7da0e15.jpg,no_hand_detected,1
train,/content/American-Language-1/train/images/J-49-_jpeg.rf.9d45429d8d803c89fb63bee7737d554e.jpg,no_hand_detected,1
train,/content/American-Language-1/train/images/J-5-_jpeg.rf.1e4642bc7a6dcc0d7ff0c902535e5435.jpg,no_hand_detected,1
train,/content/American-Language-1/train/images/J-5-_jpeg.rf.5857dafb724883eaf0748dcb1d1e9dd0.jpg,no_hand_detected,1
train,/content/American-Language-1/train/images/J-5-_jpeg.rf.c9a81aafe6c58f7fe4c9a697606aa9a6.jpg,no_hand_detected,1
train,/content/American-Language-1/train/images/J-50-_jpeg.rf.0f735aa01c73a4e3677d9667489dcabd.jpg,no_hand_detected,1
train,/content/American-Language-1/train/images/J-50-_jpeg.rf.282e25eeae78b0d29db1f4d61c1e789a.jpg,no_hand_detected,1
train,/content/American-Language-1/train/images/J-50-_jpeg.rf.624026efcd4aa4c00e5b00d97e9cddac.jpg,no_hand_detected,1
train,/content/American-Language-1/train/images/J-51-_jpeg.rf.029021bf0b1804be1f47cfc87c31062e.jpg,no_hand_detected,1
train,/content/American-Language-1/train/images/J-51-_jpeg.rf.03e3edded59fee7236e9e7bba24a323c.jpg,no_hand_detected,1
train,/content/American-Language-1/train/images/J-51-_jpeg.rf.47932ff7f352cd84203dbf57ff5b9654.jpg,no_hand_detected,1
train,/content/American-Language-1/train/images/J-54-_jpeg.rf.8746fa2f4498f36de2075c8b43d65439.jpg,no_hand_detected,1
train,/content/American-Language-1/train/images/J-54-_jpeg.rf.8acde2835c73a03309c539bc223913f8.jpg,no_hand_detected,1
train,/content/American-Language-1/train/images/J-54-_jpeg.rf.e5ce91d5e28f1bf6f79f3b099f89942a.jpg,no_hand_detected,1
train,/content/American-Language-1/train/images/J-58-_jpeg.rf.5df4b0c7dd20f6381cf8aa09eb326159.jpg,no_hand_detected,1
train,/content/American-Language-1/train/images/J-59-_jpeg.rf.c443aa97ac5ea442eaf6dcef6895d6aa.jpg,no_hand_detected,1
train,/content/American-Language-1/train/images/J-6-_jpeg.rf.687f549019e9605db9992a56f8167f62.jpg,no_hand_detected,1
train,/content/American-Language-1/train/images/J-6-_jpeg.rf.8420674b17294c3b2220dd8d8b1bace7.jpg,no_hand_detected,1
train,/content/American-Language-1/train/images/J-6-_jpeg.rf.9d643d8a62450f0ca40a62c3389c8f6a.jpg,no_hand_detected,1
train,/content/American-Language-1/train/images/J-60-_jpeg.rf.6a7666eca152116d8ddeafb10013e0e7.jpg,no_hand_detected,1
train,/content/American-Language-1/train/images/J-60-_jpeg.rf.76dcab88b77c6034abc7f6bf63402474.jpg,no_hand_detected,1
train,/content/American-Language-1/train/images/J-62-_jpeg.rf.15c034dbf1b26306d18bdc02c1cbd8d7.jpg,no_hand_detected,1
train,/content/American-Language-1/train/images/J-62-_jpeg.rf.d99a19761cb6652d54d0e92c07e9cc85.jpg,no_hand_detected,1
train,/content/American-Language-1/train/images/J-65-_jpeg.rf.7a7e10656c2d315d04f765377f3abfae.jpg,no_hand_detected,1
train,/content/American-Language-1/train/images/J-65-_jpeg.rf.b76ff722f98e0c1c3d968261febcb207.jpg,no_hand_detected,1
train,/content/American-Language-1/train/images/J-65-_jpeg.rf.fb05f9eec6b1ec1f862f14d2aa860bc2.jpg,no_hand_detected,1
train,/content/American-Language-1/train/images/J-66-_jpeg.rf.15e95331fffad1661e335f788af56d5c.jpg,no_hand_detected,1
train,/content/American-Language-1/train/images/J-66-_jpeg.rf.abd28e6c3cdf9745bbe44c27fc343e43.jpg,no_hand_detected,1
train,/content/American-Language-1/train/images/J-67-_jpeg.rf.e7c0cf3f871b7058383eaf52879d4ad8.jpg,no_hand_detected,1
train,/content/American-Language-1/train/images/J-7-_jpeg.rf.118ec5d94fa6d5246b8cd89d89b32bdf.jpg,no_hand_detected,1
train,/content/American-Language-1/train/images/J-7-_jpeg.rf.17d8b4cede3c206bdd29c992e83bd8a9.jpg,no_hand_detected,1
train,/content/American-Language-1/train/images/J-7-_jpeg.rf.296ff047373d2d9c2e335382e46a5baa.jpg,no_hand_detected,1
train,/content/American-Language-1/train/images/J-8-_jpeg.rf.23b0db6ffd04e6557452885e6f60fbf1.jpg,no_hand_detected,1
train,/content/American-Language-1/train/images/J-8-_jpeg.rf.366dcca7888f679cbeeeb997bb016411.jpg,no_hand_detected,1
train,/content/American-Language-1/train/images/J-8-_jpeg.rf.489744ddb5e4850fbde51852f67cb32c.jpg,no_hand_detected,1
train,/content/American-Language-1/train/images/J-9-_jpeg.rf.09e91781f3bed90a7534c8752b680584.jpg,no_hand_detected,1
train,/content/American-Language-1/train/images/J-9-_jpeg.rf.677b4c8e0c6763ea535b1cb27b50b9b7.jpg,no_hand_detected,1
train,/content/American-Language-1/train/images/J-9-_jpeg.rf.e06d9a5abf4cdf418c6fef26d9bd8727.jpg,no_hand_detected,1
train,/content/American-Language-1/train/images/J0_jpg.rf.1b2a2a73f7d24f1f2d69670e48934154.jpg,no_hand_detected,1
train,/content/American-Language-1/train/images/J0_jpg.rf.35c2ec6526ce4151fb5f0ec2bddb9d29.jpg,no_hand_detected,1
train,/content/American-Language-1/train/images/J0_jpg.rf.8174e9a2ab475d7b182be1508ec0aaf4.jpg,no_hand_detected,1
train,/content/American-Language-1/train/images/J0_jpg.rf.8ea414d85f48f124927a4e4fbdc1c3de.jpg,no_hand_detected,1
train,/content/American-Language-1/train/images/J10_jpg.rf.d5c6f786701c9124629bdd9f2d639552.jpg,no_hand_detected,1
train,/content/American-Language-1/train/images/J13_jpg.rf.7253068942790b5b5df30efa36daf5d6.jpg,no_hand_detected,1
train,/content/American-Language-1/train/images/J13_jpg.rf.a3f24f1bae9632b4e8b7edd6dba2bd9d.jpg,no_hand_detected,1
train,/content/American-Language-1/train/images/J13_jpg.rf.cb6374088afb34a91803fe5a42f14c27.jpg,no_hand_detected,1
train,/content/American-Language-1/train/images/J15_jpg.rf.52db2ea1a3bb77a2688600d62ae8cb9b.jpg,no_hand_detected,1
train,/content/American-Language-1/train/images/J15_jpg.rf.7ad932457c2a9c3cdd2103d51b68934a.jpg,no_hand_detected,1
train,/content/American-Language-1/train/images/J15_jpg.rf.c3d0b9084f92d47f6a64b7c976b34df1.jpg,no_hand_detected,1
train,/content/American-Language-1/train/images/J15_jpg.rf.c87158758554a80f8d3cedb462b983be.jpg,no_hand_detected,1
train,/content/American-Language-1/train/images/J15_jpg.rf.c9e29716da55a5efee0695417f4581c4.jpg,no_hand_detected,1
train,/content/American-Language-1/train/images/J15_jpg.rf.d41848ac721214c2bfc1d00db8a56d3d.jpg,no_hand_detected,1
train,/content/American-Language-1/train/images/J17_jpg.rf.407d744a44be06c3f96bbabf8a7fb0e9.jpg,no_hand_detected,1
train,/content/American-Language-1/train/images/J17_jpg.rf.4ef0ecd7d175ca8131470fb3971459aa.jpg,no_hand_detected,1
train,/content/American-Language-1/train/images/J17_jpg.rf.6072dba4270aa3c59dc838004aafb1d8.jpg,no_hand_detected,1
train,/content/American-Language-1/train/images/J17_jpg.rf.c7da3a99dbc068d3b165d509bbbd1710.jpg,no_hand_detected,1
train,/content/American-Language-1/train/images/J17_jpg.rf.d61174837a5df52054154a3233501527.jpg,no_hand_detected,1
train,/content/American-Language-1/train/images/J17_jpg.rf.f2ebfa11b992e3e7e5a74ac5f8435264.jpg,no_hand_detected,1
train,/content/American-Language-1/train/images/J17_jpg.rf.f345776e4e88d377f9d5e610629767b6.jpg,no_hand_detected,1
train,/content/American-Language-1/train/images/J17_jpg.rf.fa2b9500bcb867dae348258767d5509b.jpg,no_hand_detected,1
train,/content/American-Language-1/train/images/J19_jpg.rf.153a052f3d30c94bdf513a5e575bfb9d.jpg,no_hand_detected,1
train,/content/American-Language-1/train/images/J19_jpg.rf.5f0e4fef15d820fceb60801366fa045e.jpg,no_hand_detected,1
train,/content/American-Language-1/train/images/J19_jpg.rf.c59b7989699fe20d84ae494844cd5a1f.jpg,no_hand_detected,1
train,/content/American-Language-1/train/images/J19_jpg.rf.d6e59ddc82600e14a912be5168f370b8.jpg,no_hand_detected,1
train,/content/American-Language-1/train/images/J19_jpg.rf.fada14763a5633ef6fc785d023fa3640.jpg,no_hand_detected,1
train,/content/American-Language-1/train/images/J1_jpg.rf.3172d9b434efee18cc07076ec7c641c7.jpg,no_hand_detected,1
train,/content/American-Language-1/train/images/J1_jpg.rf.7955f7bdfd15a18eaa30aee79b2e8cee.jpg,no_hand_detected,1
train,/content/American-Language-1/train/images/J1_jpg.rf.94c87bd02f6e77900c744b3534973ff2.jpg,no_hand_detected,1
train,/content/American-Language-1/train/images/J1_jpg.rf.cc50022e2e6522f4403b5d5d8dbbf3cf.jpg,no_hand_detected,1
train,/content/American-Language-1/train/images/J1_jpg.rf.d4a5cc528cd7cc4807ea9249b0d79a31.jpg,no_hand_detected,1
train,/content/American-Language-1/train/images/J1_jpg.rf.dea207f21af968170ddd7e46784ec7c0.jpg,no_hand_detected,1
train,/content/American-Language-1/train/images/J1_jpg.rf.e03610849c589ba13d80e3d7c83b178f.jpg,no_hand_detected,1
train,/content/American-Language-1/train/images/J1_jpg.rf.ed41f2cfd8eced71328319f408828697.jpg,no_hand_detected,1
train,/content/American-Language-1/train/images/J1_jpg.rf.ed5b92278c1436e03315028a8307223b.jpg,no_hand_detected,1
train,/content/American-Language-1/train/images/J21_jpg.rf.3b6e7c449e961f3eaa6b69887e8c1dbb.jpg,no_hand_detected,1
train,/content/American-Language-1/train/images/J21_jpg.rf.427cc992b058c0176465aa715af6e158.jpg,no_hand_detected,1
train,/content/American-Language-1/train/images/J21_jpg.rf.fc60e874f86e06b71f8c210f2ee077d3.jpg,no_hand_detected,1
train,/content/American-Language-1/train/images/J23_jpg.rf.01176bc70925812fc86fb70752ab23eb.jpg,no_hand_detected,1
train,/content/American-Language-1/train/images/J23_jpg.rf.0e21a094ad8b6a88982205c51663db33.jpg,no_hand_detected,1
train,/content/American-Language-1/train/images/J25_jpg.rf.1f21c806ac6842d84c2a9a99fedc4257.jpg,no_hand_detected,1
train,/content/American-Language-1/train/images/J25_jpg.rf.cc67ceb9f572a2fe6bd2daf53b31f75a.jpg,no_hand_detected,1
train,/content/American-Language-1/train/images/J25_jpg.rf.e80eef62caad009d0ba4583d8878e439.jpg,no_hand_detected,1
train,/content/American-Language-1/train/images/J29_jpg.rf.2dc4f0218e055f4493743dfe649027cc.jpg,no_hand_detected,1
train,/content/American-Language-1/train/images/J29_jpg.rf.31c90c297cd31aefb96eaf4f83e7d122.jpg,no_hand_detected,1
train,/content/American-Language-1/train/images/J29_jpg.rf.53ae9bee64cf952ea1d39457ae0f66a9.jpg,no_hand_detected,1
train,/content/American-Language-1/train/images/J29_jpg.rf.dc79f54166288ebcd1c6570411fff1f2.jpg,no_hand_detected,1
train,/content/American-Language-1/train/images/J2_jpg.rf.516936ddd93933c21ea6d2372fecce03.jpg,no_hand_detected,1
train,/content/American-Language-1/train/images/J2_jpg.rf.680c6931b62574e990cbee89a8fbf731.jpg,no_hand_detected,1
train,/content/American-Language-1/train/images/J30_jpg.rf.2bcf3fca308b2ae5b19ae4c50d86ab78.jpg,no_hand_detected,1
train,/content/American-Language-1/train/images/J30_jpg.rf.bfaf6adee4e3eef2617a65bd28c9c55a.jpg,no_hand_detected,1
train,/content/American-Language-1/train/images/J30_jpg.rf.c0009921a461b5423df9646d4d12fe1a.jpg,no_hand_detected,1
train,/content/American-Language-1/train/images/J30_jpg.rf.d95b3f444e764868adbc52d062fb4c52.jpg,no_hand_detected,1
train,/content/American-Language-1/train/images/J30_jpg.rf.fdea2b662224a3e635798e801014053e.jpg,no_hand_detected,1
train,/content/American-Language-1/train/images/J31_jpg.rf.061ce143cb2a38616e1e7b2c93c7aba5.jpg,no_hand_detected,1
train,/content/American-Language-1/train/images/J31_jpg.rf.b1b42a4c616cd84693edfaf67ef3745a.jpg,no_hand_detected,1
train,/content/American-Language-1/train/images/J31_jpg.rf.ef27ae01c8bc49675c3737f0c5099cef.jpg,no_hand_detected,1
train,/content/American-Language-1/train/images/J32_jpg.rf.0baf88102514833279ea02f6ad1c39dc.jpg,no_hand_detected,1
train,/content/American-Language-1/train/images/J32_jpg.rf.13f1c81db9dd2b4909a961785554fab7.jpg,no_hand_detected,1
train,/content/American-Language-1/train/images/J32_jpg.rf.14478a6e5c7199d98fa86ed01da1c0f6.jpg,no_hand_detected,1
train,/content/American-Language-1/train/images/J32_jpg.rf.2b748e95c404856ecb5f27ab6796269c.jpg,no_hand_detected,1
train,/content/American-Language-1/train/images/J32_jpg.rf.5c28d207519a83d8c363e4746ca50215.jpg,no_hand_detected,1
train,/content/American-Language-1/train/images/J32_jpg.rf.9e0da15b02f4623022be14dc4b1f3543.jpg,no_hand_detected,1
train,/content/American-Language-1/train/images/J33_jpg.rf.181bca3a086f29af0094c1793833e20e.jpg,no_hand_detected,1
train,/content/American-Language-1/train/images/J33_jpg.rf.2da6fd0fd4f2c8e7799773b6549d3d61.jpg,no_hand_detected,1
train,/content/American-Language-1/train/images/J33_jpg.rf.83c842ef3a2bcbac25d563e25f155a5f.jpg,no_hand_detected,1
train,/content/American-Language-1/train/images/J33_jpg.rf.8e7cbd7b929bbdac7ff1304714beb039.jpg,no_hand_detected,1
train,/content/American-Language-1/train/images/J33_jpg.rf.9a17e896b3ebfe5e2915d788c7e1b2c0.jpg,no_hand_detected,1
train,/content/American-Language-1/train/images/J33_jpg.rf.9c4247578cde1582d2aba11a7fe3ffb9.jpg,no_hand_detected,1
train,/content/American-Language-1/train/images/J33_jpg.rf.b620e6a19b15ba9a9d6ad2ca431e00fc.jpg,no_hand_detected,1
train,/content/American-Language-1/train/images/J33_jpg.rf.b8c56c8b75023ce44e13b350811d3c02.jpg,no_hand_detected,1
train,/content/American-Language-1/train/images/J33_jpg.rf.f3690472cc5a8ff4d78dbcb127d2c43c.jpg,no_hand_detected,1
train,/content/American-Language-1/train/images/J36_jpg.rf.02a9f097e201d94bffe307cb176df237.jpg,no_hand_detected,1
train,/content/American-Language-1/train/images/J36_jpg.rf.076555b2a36ced48f2eea66f023e1a46.jpg,no_hand_detected,1
train,/content/American-Language-1/train/images/J36_jpg.rf.33fb9c860bb12bb46b5ce8aa69733ae8.jpg,no_hand_detected,1
train,/content/American-Language-1/train/images/J36_jpg.rf.3a7f14b52bfabc95bb742272426cc226.jpg,no_hand_detected,1
train,/content/American-Language-1/train/images/J36_jpg.rf.6bab4d1d299f63999caac6ed2ab5726d.jpg,no_hand_detected,1
train,/content/American-Language-1/train/images/J36_jpg.rf.938ebb566ba592f55846194a475bba08.jpg,no_hand_detected,1
train,/content/American-Language-1/train/images/J36_jpg.rf.a091b4b5c0a077954c381248f79fcaa3.jpg,no_hand_detected,1
train,/content/American-Language-1/train/images/J36_jpg.rf.f732435a6d4fee7ebe93cdd8ed6125c2.jpg,no_hand_detected,1
train,/content/American-Language-1/train/images/J36_jpg.rf.fd50464a7b5982ac2791e38116bbfde7.jpg,no_hand_detected,1
train,/content/American-Language-1/train/images/J7_jpg.rf.46e4160a88e8c7611dfe3b79ee334897.jpg,no_hand_detected,1
train,/content/American-Language-1/train/images/J7_jpg.rf.58c7963ec1203187c323a05e813c5b52.jpg,no_hand_detected,1
train,/content/American-Language-1/train/images/J7_jpg.rf.9d15855a669c8379125fa0f2065a339a.jpg,no_hand_detected,1
train,/content/American-Language-1/train/images/J7_jpg.rf.a382814b0682ad6c3c214e7c1c5bdf7b.jpg,no_hand_detected,1
train,/content/American-Language-1/train/images/J7_jpg.rf.e834c3108535bc618994fdb2c3bb5c6a.jpg,no_hand_detected,1
train,/content/American-Language-1/train/images/J9_jpg.rf.6d429c6533fb26dceee26157f8bcacf5.jpg,no_hand_detected,1
train,/content/American-Language-1/train/images/J9_jpg.rf.f7e379cbfb940a7c3a2b17b4ab2df5eb.jpg,no_hand_detected,1
train,/content/American-Language-1/train/images/K-13-_jpeg.rf.8877cd167f1528ded99d7e7da691a0c6.jpg,no_hand_detected,1
train,/content/American-Language-1/train/images/K-16-_jpeg.rf.0a1fe300edd270bb1cdb0982dcc129fe.jpg,no_hand_detected,1
train,/content/American-Language-1/train/images/K-16-_jpeg.rf.68a42eac949d8bdfd9531b4b580de301.jpg,no_hand_detected,1
train,/content/American-Language-1/train/images/K-18-_jpeg.rf.7b8f23cb696348657c229e8b2a3a6116.jpg,no_hand_detected,1
train,/content/American-Language-1/train/images/K-18-_jpeg.rf.b1cab727f246f32efe0523382b5ab37e.jpg,no_hand_detected,1
train,/content/American-Language-1/train/images/K-41-_jpeg.rf.0b6296f572ed416a9b41f75eef35fa21.jpg,no_hand_detected,1
train,/content/American-Language-1/train/images/K-54-_jpeg.rf.8c28c5fa77d6b801f88843f237a1fd54.jpg,no_hand_detected,1
train,/content/American-Language-1/train/images/K-63-_jpeg.rf.ef498ded5c62c0af681df089711d0a7c.jpg,no_hand_detected,1
train,/content/American-Language-1/train/images/K-65-_jpeg.rf.83d5ad863eccefdbf5f1f3447a7f2786.jpg,no_hand_detected,1
train,/content/American-Language-1/train/images/K13_jpg.rf.00fe65099ef1884390d5d2f525334842.jpg,no_hand_detected,1
train,/content/American-Language-1/train/images/K13_jpg.rf.11c09b2e20116eb76ef1014a900d9f1c.jpg,no_hand_detected,1
train,/content/American-Language-1/train/images/K13_jpg.rf.8c6f04b01b186f8b5d5c7ab9a29a454f.jpg,no_hand_detected,1
train,/content/American-Language-1/train/images/K14_jpg.rf.683486d2456f1c3416f515df684dd0f3.jpg,no_hand_detected,1
train,/content/American-Language-1/train/images/K14_jpg.rf.e0400513776134d3feb48d454ac54a42.jpg,no_hand_detected,1
train,/content/American-Language-1/train/images/K14_jpg.rf.e8f08ac74d84b63d42f5e7282fdb95b6.jpg,no_hand_detected,1
train,/content/American-Language-1/train/images/K16_jpg.rf.03a2b940d1bf4bbb2d6063c73c4611b1.jpg,no_hand_detected,1
train,/content/American-Language-1/train/images/K16_jpg.rf.4c97fdfd7bb55eb3bc0f5662f525ee50.jpg,no_hand_detected,1
train,/content/American-Language-1/train/images/K16_jpg.rf.55c77ec84e50ec65a73fdfc7369b3bc2.jpg,no_hand_detected,1
train,/content/American-Language-1/train/images/K16_jpg.rf.5ac0fce8116468dad1b2742497889933.jpg,no_hand_detected,1
train,/content/American-Language-1/train/images/K16_jpg.rf.5d3b02f0c4c9a75bb5232f8977547782.jpg,no_hand_detected,1
train,/content/American-Language-1/train/images/K16_jpg.rf.a0d25199b557c544c4fabe177abfbd17.jpg,no_hand_detected,1
train,/content/American-Language-1/train/images/K16_jpg.rf.ac783222a21115533f14ba6236ee7f43.jpg,no_hand_detected,1
train,/content/American-Language-1/train/images/K16_jpg.rf.f624e337ceec314ff53bc203bb175afc.jpg,no_hand_detected,1
train,/content/American-Language-1/train/images/K16_jpg.rf.fe5ddbb0b8023089dad3c75ecd5e3e4d.jpg,no_hand_detected,1
train,/content/American-Language-1/train/images/K17_jpg.rf.b5d659e33ac7babcdff3627211daa000.jpg,no_hand_detected,1
train,/content/American-Language-1/train/images/K17_jpg.rf.bc805a448d92e015432bd46536599c0e.jpg,no_hand_detected,1
train,/content/American-Language-1/train/images/K17_jpg.rf.e814e72361f751e80257e531f0560303.jpg,no_hand_detected,1
train,/content/American-Language-1/train/images/K18_jpg.rf.b6d0c479e485c0364375d72809b37d50.jpg,no_hand_detected,1
train,/content/American-Language-1/train/images/K3_jpg.rf.26eeff8a2c591cdc0aad18d4f99314c5.jpg,no_hand_detected,1
train,/content/American-Language-1/train/images/K3_jpg.rf.3a8d7e30d7682fb4c9713decd37174d0.jpg,no_hand_detected,1
train,/content/American-Language-1/train/images/K3_jpg.rf.bbeb087230850609cc9eb85028c4dacc.jpg,no_hand_detected,1
train,/content/American-Language-1/train/images/L-12-_jpeg.rf.6ea15760d33c4d908e63ee6b0e8c7145.jpg,no_hand_detected,1
train,/content/American-Language-1/train/images/L-3-_jpeg.rf.f2afc266f270d3f8313d083c286be150.jpg,no_hand_detected,1
train,/content/American-Language-1/train/images/L0_jpg.rf.8acf53ca9a9a914e44bbe7e71461ab78.jpg,no_hand_detected,1
train,/content/American-Language-1/train/images/L0_jpg.rf.a837ef0d9127d87945dcf63314a24d2f.jpg,no_hand_detected,1
train,/content/American-Language-1/train/images/L10_jpg.rf.89dc19aee40c7f5fd106350c0b99e322.jpg,no_hand_detected,1
train,/content/American-Language-1/train/images/L10_jpg.rf.9eb709ac9fa085beae50f85676c0dfff.jpg,no_hand_detected,1
train,/content/American-Language-1/train/images/L10_jpg.rf.ea68eef4bb687c81dc69e5e3d0ad81c5.jpg,no_hand_detected,1
train,/content/American-Language-1/train/images/L13_jpg.rf.4d43c7e8bb26a98b43ade4e6f334aeb8.jpg,no_hand_detected,1
train,/content/American-Language-1/train/images/L13_jpg.rf.66ee51ee2572a1d886263fd8f6b31665.jpg,no_hand_detected,1
train,/content/American-Language-1/train/images/L13_jpg.rf.c9840929be37cc63836b42c0d441ed60.jpg,no_hand_detected,1
train,/content/American-Language-1/train/images/L17_jpg.rf.17c2c0364fe34a8b5492d18a157bfed6.jpg,no_hand_detected,1
train,/content/American-Language-1/train/images/L17_jpg.rf.3f555654a7007558090f6d9d63d59c6d.jpg,no_hand_detected,1
train,/content/American-Language-1/train/images/L17_jpg.rf.59a2bdbd9b312e6ac152e0af7cd2bd19.jpg,no_hand_detected,1
train,/content/American-Language-1/train/images/L17_jpg.rf.c5daa1a23e955ef268aaafd942a6e8d3.jpg,no_hand_detected,1
train,/content/American-Language-1/train/images/L17_jpg.rf.ff91fd324dfd74879d4ae45718cfd484.jpg,no_hand_detected,1
train,/content/American-Language-1/train/images/L20_jpg.rf.34d2186f66afeca3f202d9e8afe4c9fe.jpg,no_hand_detected,1
train,/content/American-Language-1/train/images/L20_jpg.rf.79e4542c32aef211b46cecc7c1fa865c.jpg,no_hand_detected,1
train,/content/American-Language-1/train/images/L23_jpg.rf.2070c65e5a55936f25d2cd7bdeab321e.jpg,no_hand_detected,1
train,/content/American-Language-1/train/images/L23_jpg.rf.32fbea714e63e8329f07ecac10653711.jpg,no_hand_detected,1
train,/content/American-Language-1/train/images/L23_jpg.rf.549e648e85aba9a10f6149e80de4955c.jpg,no_hand_detected,1
train,/content/American-Language-1/train/images/L23_jpg.rf.b52020b96a0156ab3b728981ea3560f5.jpg,no_hand_detected,1
train,/content/American-Language-1/train/images/L23_jpg.rf.d47445fa2fdc409726960fa3b03dbf32.jpg,no_hand_detected,1
train,/content/American-Language-1/train/images/L3_jpg.rf.1061f335fdaf9f4acfcea0d57b43934c.jpg,no_hand_detected,1
train,/content/American-Language-1/train/images/L3_jpg.rf.4d3d5804bbb0564414ef26645ab79179.jpg,no_hand_detected,1
train,/content/American-Language-1/train/images/L3_jpg.rf.5349f21d1e942a175cd232a9b318fd2a.jpg,no_hand_detected,1
train,/content/American-Language-1/train/images/L3_jpg.rf.67ad111a25b43f71df38a6c9e61e018a.jpg,no_hand_detected,1
train,/content/American-Language-1/train/images/L3_jpg.rf.820492cab4217042a8cd7e92f3c4fe6b.jpg,no_hand_detected,1
train,/content/American-Language-1/train/images/L3_jpg.rf.b59f4cc205d0e34e8891b30195cf35b2.jpg,no_hand_detected,1
train,/content/American-Language-1/train/images/M-1-_jpeg.rf.1186e078d1d32d4690d230a8967ac468.jpg,no_hand_detected,1
train,/content/American-Language-1/train/images/M-1-_jpeg.rf.a71cd0c44ee30e6cdfee39216580d1ba.jpg,no_hand_detected,1
train,/content/American-Language-1/train/images/M-1-_jpeg.rf.b13ce67e54ac65c4da57629c5987ca83.jpg,no_hand_detected,1
train,/content/American-Language-1/train/images/M-10-_jpeg.rf.4d7aa3d25041b0bd2e3b15a43faadafb.jpg,no_hand_detected,1
train,/content/American-Language-1/train/images/M-10-_jpeg.rf.629bedefde5a32021618fd928f3b1d09.jpg,no_hand_detected,1
train,/content/American-Language-1/train/images/M-10-_jpeg.rf.64ccccde390d8ce926138a792ac0a1c5.jpg,no_hand_detected,1
train,/content/American-Language-1/train/images/M-11-_jpeg.rf.118cad1e8a4d67bd9ea39b65f8bb21cc.jpg,no_hand_detected,1
train,/content/American-Language-1/train/images/M-11-_jpeg.rf.95b4d4e12415d0ca2ca95a0c4d26f5c7.jpg,no_hand_detected,1
train,/content/American-Language-1/train/images/M-11-_jpeg.rf.b319c6cc40dd268f2822dad79b348704.jpg,no_hand_detected,1
train,/content/American-Language-1/train/images/M-15-_jpeg.rf.65b1d48ce96b741e1c2c16d3da0a65ab.jpg,no_hand_detected,1
train,/content/American-Language-1/train/images/M-15-_jpeg.rf.a103e1cd5e9ef79ae260353be36da69a.jpg,no_hand_detected,1
train,/content/American-Language-1/train/images/M-15-_jpeg.rf.eaf7fcbb6ecc00e20e29219c7ecc160d.jpg,no_hand_detected,1
train,/content/American-Language-1/train/images/M-17-_jpeg.rf.6de912e68761cc92f438d6a46c6696e2.jpg,no_hand_detected,1
train,/content/American-Language-1/train/images/M-17-_jpeg.rf.91e7c24f6bdb5d64dfac88742ae8396d.jpg,no_hand_detected,1
train,/content/American-Language-1/train/images/M-17-_jpeg.rf.caf96741c3415a72aa7dcca625503bd2.jpg,no_hand_detected,1
train,/content/American-Language-1/train/images/M-19-_jpeg.rf.9508f2c18af29524092d807546ccbd7f.jpg,no_hand_detected,1
train,/content/American-Language-1/train/images/M-19-_jpeg.rf.a032c02203c20bf1021c52b1bd693365.jpg,no_hand_detected,1
train,/content/American-Language-1/train/images/M-2-_jpeg.rf.04781614660f08b602696c7d0a30da7a.jpg,no_hand_detected,1
train,/content/American-Language-1/train/images/M-2-_jpeg.rf.76c686e1e8048e45d9208cbcdbb6a6e6.jpg,no_hand_detected,1
train,/content/American-Language-1/train/images/M-2-_jpeg.rf.fcf47b86a273befec188d3d32acc5a01.jpg,no_hand_detected,1
train,/content/American-Language-1/train/images/M-20-_jpeg.rf.261f37d983e1557b1156db1a17831d7a.jpg,no_hand_detected,1
train,/content/American-Language-1/train/images/M-20-_jpeg.rf.5166b60fe89d020af8f98ff8a27409c1.jpg,no_hand_detected,1
train,/content/American-Language-1/train/images/M-20-_jpeg.rf.d1ef360619ff21b1931d4c2ac6961968.jpg,no_hand_detected,1
train,/content/American-Language-1/train/images/M-21-_jpeg.rf.e27b3e508633dac45b4c575ea341f04e.jpg,no_hand_detected,1
train,/content/American-Language-1/train/images/M-21-_jpeg.rf.eacec145f6ad0fbb668323936df8028f.jpg,no_hand_detected,1
train,/content/American-Language-1/train/images/M-21-_jpeg.rf.ec54965b6331002d599c0360796e17be.jpg,no_hand_detected,1
train,/content/American-Language-1/train/images/M-22-_jpeg.rf.0927c3ac5e140dda9ff75debaa4b53bf.jpg,no_hand_detected,1
train,/content/American-Language-1/train/images/M-22-_jpeg.rf.2fe7cdb1d097abea88da16c0edbc2c15.jpg,no_hand_detected,1
train,/content/American-Language-1/train/images/M-22-_jpeg.rf.3c47ee0d3f8f0236a2e50098298dcd5f.jpg,no_hand_detected,1
train,/content/American-Language-1/train/images/M-23-_jpeg.rf.7979271fd2331bafa3ab03c1d4e826dc.jpg,no_hand_detected,1
train,/content/American-Language-1/train/images/M-23-_jpeg.rf.b8f277315edeca2d47efe8dd8b2e5990.jpg,no_hand_detected,1
train,/content/American-Language-1/train/images/M-23-_jpeg.rf.e680d182453c4076d6f6f5db06446b3a.jpg,no_hand_detected,1
train,/content/American-Language-1/train/images/M-24-_jpeg.rf.16738e5665c6c2186e476619e3136293.jpg,no_hand_detected,1
train,/content/American-Language-1/train/images/M-24-_jpeg.rf.9a71c067c59c8bc8d811b8122a2d1cc8.jpg,no_hand_detected,1
train,/content/American-Language-1/train/images/M-25-_jpeg.rf.127570e0533f9ca97e55c5294482f50d.jpg,no_hand_detected,1
train,/content/American-Language-1/train/images/M-25-_jpeg.rf.1e98910bac053d29b15170c639eb3544.jpg,no_hand_detected,1
train,/content/American-Language-1/train/images/M-25-_jpeg.rf.fa0f91630d3716b4c930649a83c4ba1d.jpg,no_hand_detected,1
train,/content/American-Language-1/train/images/M-26-_jpeg.rf.c12d52bb2838f71ed884dc8fdda38deb.jpg,no_hand_detected,1
train,/content/American-Language-1/train/images/M-26-_jpeg.rf.c28d997fd875c731bc817bd6aaf7644b.jpg,no_hand_detected,1
train,/content/American-Language-1/train/images/M-26-_jpeg.rf.d5b204b30ce06740846f0c2f17413e28.jpg,no_hand_detected,1
train,/content/American-Language-1/train/images/M-27-_jpeg.rf.a604878b17513a906a46e4085074e983.jpg,no_hand_detected,1
train,/content/American-Language-1/train/images/M-27-_jpeg.rf.cfdc380e9750a4ea168eb6da07a25965.jpg,no_hand_detected,1
train,/content/American-Language-1/train/images/M-27-_jpeg.rf.e0f3b7cf94be6f27bd01f54b34b51ad8.jpg,no_hand_detected,1
train,/content/American-Language-1/train/images/M-28-_jpeg.rf.3d4853400650d89e59c1fcab38efdb9a.jpg,no_hand_detected,1
train,/content/American-Language-1/train/images/M-28-_jpeg.rf.73f11907c9971ffebc3c6d7db647605f.jpg,no_hand_detected,1
train,/content/American-Language-1/train/images/M-28-_jpeg.rf.bb74fe34150475e3450012b480f2c074.jpg,no_hand_detected,1
train,/content/American-Language-1/train/images/M-29-_jpeg.rf.2105f264e366b9ef16413e23b7e37bb8.jpg,no_hand_detected,1
train,/content/American-Language-1/train/images/M-29-_jpeg.rf.75ca5aaf3dbc39612ef59354d92a6171.jpg,no_hand_detected,1
train,/content/American-Language-1/train/images/M-29-_jpeg.rf.eee2db93c8cb1524ffc304f85dd68291.jpg,no_hand_detected,1
train,/content/American-Language-1/train/images/M-3-_jpeg.rf.286145e856db315f37230d96591ba818.jpg,no_hand_detected,1
train,/content/American-Language-1/train/images/M-3-_jpeg.rf.c0063599bb4fda47c84d075afc09983d.jpg,no_hand_detected,1
train,/content/American-Language-1/train/images/M-3-_jpeg.rf.e790f98b73e9ca956689553955e70a18.jpg,no_hand_detected,1
train,/content/American-Language-1/train/images/M-30-_jpeg.rf.2d065773abd832a3d435c5513315a1af.jpg,no_hand_detected,1
train,/content/American-Language-1/train/images/M-30-_jpeg.rf.694ef73ce20921e0fbbdc8fda8495ca9.jpg,no_hand_detected,1
train,/content/American-Language-1/train/images/M-30-_jpeg.rf.6d68daec5b4f82c55c0418fe04acb24c.jpg,no_hand_detected,1
train,/content/American-Language-1/train/images/M-31-_jpeg.rf.054a47c04990b2b29ccfce7340f929d6.jpg,no_hand_detected,1
train,/content/American-Language-1/train/images/M-31-_jpeg.rf.083c53d9f3234888d5680b13e9d6fdee.jpg,no_hand_detected,1
train,/content/American-Language-1/train/images/M-31-_jpeg.rf.cee1d9d82189323d9d2e8f2d3f308583.jpg,no_hand_detected,1
train,/content/American-Language-1/train/images/M-32-_jpeg.rf.32a3959e808b9277f4b4ccd2cd0291c6.jpg,no_hand_detected,1
train,/content/American-Language-1/train/images/M-32-_jpeg.rf.70299ccf3b44fd9907d36073dfb6b68a.jpg,no_hand_detected,1
train,/content/American-Language-1/train/images/M-32-_jpeg.rf.cce1bb12b250b92f3d2210df01f91c50.jpg,no_hand_detected,1
train,/content/American-Language-1/train/images/M-33-_jpeg.rf.30796adb3adef34e3956651ed9ae9b1a.jpg,no_hand_detected,1
train,/content/American-Language-1/train/images/M-33-_jpeg.rf.d48a5dce10d32af43063ddbf8db441a7.jpg,no_hand_detected,1
train,/content/American-Language-1/train/images/M-34-_jpeg.rf.17db805c51797df7ab4b3a9fb7f4de23.jpg,no_hand_detected,1
train,/content/American-Language-1/train/images/M-34-_jpeg.rf.c4fcf6519d2f371f13b8b7f9eb4420d5.jpg,no_hand_detected,1
train,/content/American-Language-1/train/images/M-34-_jpeg.rf.e25a9f8a2fab0f59ef553b74573cacf3.jpg,no_hand_detected,1
train,/content/American-Language-1/train/images/M-36-_jpeg.rf.475292a319f410be35be4317a779c422.jpg,no_hand_detected,1
train,/content/American-Language-1/train/images/M-36-_jpeg.rf.d41ec91a1a613cc0e950c030bbca09a0.jpg,no_hand_detected,1
train,/content/American-Language-1/train/images/M-36-_jpeg.rf.ed9d3c72554f29b787f58a4f20e07f6d.jpg,no_hand_detected,1
train,/content/American-Language-1/train/images/M-37-_jpeg.rf.3967433381d490b97f6fead978544d14.jpg,no_hand_detected,1
train,/content/American-Language-1/train/images/M-37-_jpeg.rf.6e7f1f2940847b80e8897853b4b8b18f.jpg,no_hand_detected,1
train,/content/American-Language-1/train/images/M-37-_jpeg.rf.fb9dc8570665181447ced2461bc13518.jpg,no_hand_detected,1
train,/content/American-Language-1/train/images/M-38-_jpeg.rf.3cc6d700062bc16ac11a3f33a502d435.jpg,no_hand_detected,1
train,/content/American-Language-1/train/images/M-38-_jpeg.rf.aac64cb8d2113f1e1f642e58f7ed1496.jpg,no_hand_detected,1
train,/content/American-Language-1/train/images/M-38-_jpeg.rf.f08803b15ab4667e07e5f937be57cdc1.jpg,no_hand_detected,1
train,/content/American-Language-1/train/images/M-39-_jpeg.rf.42483dafbccd0c2edcb4be23ac9f2e16.jpg,no_hand_detected,1
train,/content/American-Language-1/train/images/M-39-_jpeg.rf.4353af3eccc256b2370fe826e1896bdb.jpg,no_hand_detected,1
train,/content/American-Language-1/train/images/M-39-_jpeg.rf.66784cc96d5c033039a33daa283a7b35.jpg,no_hand_detected,1
train,/content/American-Language-1/train/images/M-4-_jpeg.rf.2d4274d4f2da8bf60306a6680a64a82e.jpg,no_hand_detected,1
train,/content/American-Language-1/train/images/M-4-_jpeg.rf.731bab16100cda12e27832f26977f2fb.jpg,no_hand_detected,1
train,/content/American-Language-1/train/images/M-4-_jpeg.rf.c9f4a4a35d0c8ca4fb78e503a070cfd9.jpg,no_hand_detected,1
train,/content/American-Language-1/train/images/M-41-_jpeg.rf.091a085a4e8f1771bda07a74027e7641.jpg,no_hand_detected,1
train,/content/American-Language-1/train/images/M-41-_jpeg.rf.d4a264529a5d2a88cc10010e386be7f8.jpg,no_hand_detected,1
train,/content/American-Language-1/train/images/M-42-_jpeg.rf.2ca83eff7c09ca1fcd1887928367782d.jpg,no_hand_detected,1
train,/content/American-Language-1/train/images/M-42-_jpeg.rf.5eb4b41cbddad34220636f7f86e57eb0.jpg,no_hand_detected,1
train,/content/American-Language-1/train/images/M-42-_jpeg.rf.b80987a7ec8bfb62b735784453d5cf2a.jpg,no_hand_detected,1
train,/content/American-Language-1/train/images/M-45-_jpeg.rf.3a8329cf9bda6c7f7366c8e7b4b658fb.jpg,no_hand_detected,1
train,/content/American-Language-1/train/images/M-45-_jpeg.rf.60aed3191a8ffbeab316cabeda9a5dfd.jpg,no_hand_detected,1
train,/content/American-Language-1/train/images/M-45-_jpeg.rf.92b4332ad52483f26a53ca2638a66ea2.jpg,no_hand_detected,1
train,/content/American-Language-1/train/images/M-46-_jpeg.rf.48f2f24a95c678417106d778d1085d2b.jpg,no_hand_detected,1
train,/content/American-Language-1/train/images/M-46-_jpeg.rf.5ef659c210af0c043cb59fe117c410d3.jpg,no_hand_detected,1
train,/content/American-Language-1/train/images/M-46-_jpeg.rf.b9ae213e779438278ada7b90a5afee53.jpg,no_hand_detected,1
train,/content/American-Language-1/train/images/M-49-_jpeg.rf.16d46671697d95ef6fef4befe2f0d0c6.jpg,no_hand_detected,1
train,/content/American-Language-1/train/images/M-49-_jpeg.rf.19659766b84928135b2c15eccdd32a3e.jpg,no_hand_detected,1
train,/content/American-Language-1/train/images/M-52-_jpeg.rf.6cc07f0537cebcb3d6e31d2a0b1f5d84.jpg,no_hand_detected,1
train,/content/American-Language-1/train/images/M-52-_jpeg.rf.eb7d45906fbc635dfc30d7dc5d420ef4.jpg,no_hand_detected,1
train,/content/American-Language-1/train/images/M-56-_jpeg.rf.291fba944c62ac28b3e41b19f5b70007.jpg,no_hand_detected,1
train,/content/American-Language-1/train/images/M-56-_jpeg.rf.655c4f430e53a8d3b783c0c6ba0bc48c.jpg,no_hand_detected,1
train,/content/American-Language-1/train/images/M-56-_jpeg.rf.b330aa42c31670bafed5ca3d778b3a97.jpg,no_hand_detected,1
train,/content/American-Language-1/train/images/M-6-_jpeg.rf.8816ca1c667aca7609f50fc8592f6a92.jpg,no_hand_detected,1
train,/content/American-Language-1/train/images/M-6-_jpeg.rf.a7046ba21c02cf6d9977832405b562b5.jpg,no_hand_detected,1
train,/content/American-Language-1/train/images/M-6-_jpeg.rf.b918b309e425348c5cb2a3548d833226.jpg,no_hand_detected,1
train,/content/American-Language-1/train/images/M-60-_jpeg.rf.510e05024e941dbd415b10f3885f959b.jpg,no_hand_detected,1
train,/content/American-Language-1/train/images/M-60-_jpeg.rf.98d04a4ff52ee49edaeed8ebd5ac6c9b.jpg,no_hand_detected,1
train,/content/American-Language-1/train/images/M-60-_jpeg.rf.b865b08a5fd4822f410a8f73762ea4a4.jpg,no_hand_detected,1
train,/content/American-Language-1/train/images/M-61-_jpeg.rf.0adad0456f39c003681556534b63da96.jpg,no_hand_detected,1
train,/content/American-Language-1/train/images/M-61-_jpeg.rf.5c06c256b3373b1e97085fdf97d8b8f7.jpg,no_hand_detected,1
train,/content/American-Language-1/train/images/M-61-_jpeg.rf.94a95f791579dde580eac558a5a029da.jpg,no_hand_detected,1
train,/content/American-Language-1/train/images/M-62-_jpeg.rf.47bab8fca5131aa430e95e46b4630e82.jpg,no_hand_detected,1
train,/content/American-Language-1/train/images/M-62-_jpeg.rf.80d48cdfa7a0531ec76c45bf66b01dde.jpg,no_hand_detected,1
train,/content/American-Language-1/train/images/M-62-_jpeg.rf.cc0e8648d9250f758f178d5f33c1e974.jpg,no_hand_detected,1
train,/content/American-Language-1/train/images/M-63-_jpeg.rf.ba140b904535bbfc8c6f85564d061ff7.jpg,no_hand_detected,1
train,/content/American-Language-1/train/images/M-63-_jpeg.rf.d1749af70a95377c59e767e6fbb3efff.jpg,no_hand_detected,1
train,/content/American-Language-1/train/images/M-63-_jpeg.rf.e8b9613a28fcbb896d160aae355b22e6.jpg,no_hand_detected,1
train,/content/American-Language-1/train/images/M-64-_jpeg.rf.2407cea41ed1fc2e34c7155f2b7134d7.jpg,no_hand_detected,1
train,/content/American-Language-1/train/images/M-64-_jpeg.rf.a89af526b1ab232d22423514886af884.jpg,no_hand_detected,1
train,/content/American-Language-1/train/images/M-67-_jpeg.rf.83c407ed0a7cebd5336ebda27e4d51a4.jpg,no_hand_detected,1
train,/content/American-Language-1/train/images/M-67-_jpeg.rf.847c3ad94ea6ac831654a742ea658624.jpg,no_hand_detected,1
train,/content/American-Language-1/train/images/M-67-_jpeg.rf.afb0b7f7a8a26651ffdf5051cc9441a6.jpg,no_hand_detected,1
train,/content/American-Language-1/train/images/M-68-_jpeg.rf.023c0844d868f50a70da1c0d926d9d65.jpg,no_hand_detected,1
train,/content/American-Language-1/train/images/M-68-_jpeg.rf.32ef9c63661cc59033ab26ed73c06c10.jpg,no_hand_detected,1
train,/content/American-Language-1/train/images/M-68-_jpeg.rf.8078f6b90ac509c89db5f56849475ad9.jpg,no_hand_detected,1
train,/content/American-Language-1/train/images/M-69-_jpeg.rf.e15e5908c73c20b3038b42784a51d812.jpg,no_hand_detected,1
train,/content/American-Language-1/train/images/M-69-_jpeg.rf.f06007e43c9346c05e7b2cdff7e5bb66.jpg,no_hand_detected,1
train,/content/American-Language-1/train/images/M-70-_jpeg.rf.96d710d21646791c5853ee9bdd106946.jpg,no_hand_detected,1
train,/content/American-Language-1/train/images/M-70-_jpeg.rf.ea11e2c9c2ee84d7852fdedbde8f3eda.jpg,no_hand_detected,1
train,/content/American-Language-1/train/images/M-8-_jpeg.rf.23b8366a1484f81028a9f219ebd1eeb4.jpg,no_hand_detected,1
train,/content/American-Language-1/train/images/M-8-_jpeg.rf.49e8bdb071103aafab62466098486299.jpg,no_hand_detected,1
train,/content/American-Language-1/train/images/M-8-_jpeg.rf.60cd2378b1dcc3bff71e9d3825d54674.jpg,no_hand_detected,1
train,/content/American-Language-1/train/images/M-9-_jpeg.rf.195717a3a3d77a733b947dce8311935f.jpg,no_hand_detected,1
train,/content/American-Language-1/train/images/M-9-_jpeg.rf.881fefec6d85b13c4156038a5e222920.jpg,no_hand_detected,1
train,/content/American-Language-1/train/images/M-9-_jpeg.rf.c354dbf95f136af102a24c29bcc44e19.jpg,no_hand_detected,1
train,/content/American-Language-1/train/images/M0_jpg.rf.7c42fe96e8456f0631689e8f377ad9a7.jpg,no_hand_detected,1
train,/content/American-Language-1/train/images/M0_jpg.rf.8e4e5e0e12ab2006324defd1524f9f85.jpg,no_hand_detected,1
train,/content/American-Language-1/train/images/M11_jpg.rf.9c03110ffffc144dba4ed7b26c264b4c.jpg,no_hand_detected,1
train,/content/American-Language-1/train/images/M11_jpg.rf.b3d47cbeb58d0e2a438937c89f5d128d.jpg,no_hand_detected,1
train,/content/American-Language-1/train/images/M13_jpg.rf.0498d04997ad828c921ae4dbe149617f.jpg,no_hand_detected,1
train,/content/American-Language-1/train/images/M13_jpg.rf.1481dc4291b899c25860befe098eab75.jpg,no_hand_detected,1
train,/content/American-Language-1/train/images/M13_jpg.rf.3656253fa6824931876cdceb8811dbd8.jpg,no_hand_detected,1
train,/content/American-Language-1/train/images/M13_jpg.rf.4448d72a2e0e7edfdf5bfc832d4b19b0.jpg,no_hand_detected,1
train,/content/American-Language-1/train/images/M13_jpg.rf.60755d9bdebe191acec81f48f3b37689.jpg,no_hand_detected,1
train,/content/American-Language-1/train/images/M13_jpg.rf.86b808b8e49242409def26676f8d8602.jpg,no_hand_detected,1
train,/content/American-Language-1/train/images/M13_jpg.rf.983e3e2e51a5162b4d00cbf931741059.jpg,no_hand_detected,1
train,/content/American-Language-1/train/images/M13_jpg.rf.b4ac81d4efa7048fa089df764e3057cf.jpg,no_hand_detected,1
train,/content/American-Language-1/train/images/M13_jpg.rf.bee909022295b492b084d2cea98a0497.jpg,no_hand_detected,1
train,/content/American-Language-1/train/images/M14_jpg.rf.1b6abd0ec67f4acd2eba3778c78612fa.jpg,no_hand_detected,1
train,/content/American-Language-1/train/images/M14_jpg.rf.4a60dbe879966d7c91783a5da0d42250.jpg,no_hand_detected,1
train,/content/American-Language-1/train/images/M15_jpg.rf.323e14fd3e5a19df6c2d1068fe8e74d5.jpg,no_hand_detected,1
train,/content/American-Language-1/train/images/M15_jpg.rf.849373b1eb0f3b24a18a1440be63f2f1.jpg,no_hand_detected,1
train,/content/American-Language-1/train/images/M15_jpg.rf.affc5f491c7119b8b5db3da14010ced1.jpg,no_hand_detected,1
train,/content/American-Language-1/train/images/M15_jpg.rf.cc2df933cfc46fc27f6123945979bdd8.jpg,no_hand_detected,1
train,/content/American-Language-1/train/images/M15_jpg.rf.ce97a3ee51907c6bb1b395871b13b3f6.jpg,no_hand_detected,1
train,/content/American-Language-1/train/images/M16_jpg.rf.09df5c41e90bade47d792a2d38fe62ff.jpg,no_hand_detected,1
train,/content/American-Language-1/train/images/M17_jpg.rf.5c0a06d2d2f57ff70d3a22179ed54439.jpg,no_hand_detected,1
train,/content/American-Language-1/train/images/M17_jpg.rf.5d7983084d4b204b3210bf8fe8117768.jpg,no_hand_detected,1
train,/content/American-Language-1/train/images/M17_jpg.rf.9cf77cbb57570ba004fa9119bec4cd52.jpg,no_hand_detected,1
train,/content/American-Language-1/train/images/M17_jpg.rf.a57b15721f9eae5bf42f1eb11b17ac6a.jpg,no_hand_detected,1
train,/content/American-Language-1/train/images/M17_jpg.rf.b6fe1ce5c4cfec6d51c3eccc33c41247.jpg,no_hand_detected,1
train,/content/American-Language-1/train/images/M17_jpg.rf.cc885371679bbe67d5b5b4b9f6581fd8.jpg,no_hand_detected,1
train,/content/American-Language-1/train/images/M18_jpg.rf.22a0261774024c27c7fa39392680c1bb.jpg,no_hand_detected,1
train,/content/American-Language-1/train/images/M18_jpg.rf.313899c2105d892e73cf1bbc9110eb31.jpg,no_hand_detected,1
train,/content/American-Language-1/train/images/M18_jpg.rf.5451553c82b8c8fd4d124b02f43b1235.jpg,no_hand_detected,1
train,/content/American-Language-1/train/images/M19_jpg.rf.46aa3d6df53c6418cfa7d1d6a97b7a09.jpg,no_hand_detected,1
train,/content/American-Language-1/train/images/M19_jpg.rf.4d721c0c46e8b51f157056245f5c4cf8.jpg,no_hand_detected,1
train,/content/American-Language-1/train/images/M19_jpg.rf.82305c0f11ab938d7b7aa75cba2383f1.jpg,no_hand_detected,1
train,/content/American-Language-1/train/images/M1_jpg.rf.dda90fac76f1a5eee92feb9d7d73aefd.jpg,no_hand_detected,1
train,/content/American-Language-1/train/images/M20_jpg.rf.1e7f213ad6192a4f6658bef130f1ca0a.jpg,no_hand_detected,1
train,/content/American-Language-1/train/images/M20_jpg.rf.64f403765e75dfa4d28dcd793cad461c.jpg,no_hand_detected,1
train,/content/American-Language-1/train/images/M21_jpg.rf.2486603f8188fb9d67d73fb137c03447.jpg,no_hand_detected,1
train,/content/American-Language-1/train/images/M21_jpg.rf.5430dc743e7a97939f8a43de825d5cee.jpg,no_hand_detected,1
train,/content/American-Language-1/train/images/M21_jpg.rf.816bfba1c531c42103aee11d2697228a.jpg,no_hand_detected,1
train,/content/American-Language-1/train/images/M21_jpg.rf.89463d0edc357a93bcba607312b88623.jpg,no_hand_detected,1
train,/content/American-Language-1/train/images/M21_jpg.rf.9f33a637101f2a4f35f8eaefae6171ed.jpg,no_hand_detected,1
train,/content/American-Language-1/train/images/M21_jpg.rf.bbb4db0a0962bd6cf886c12af56905fc.jpg,no_hand_detected,1
train,/content/American-Language-1/train/images/M21_jpg.rf.c7055a430df700ebde8c1b2279b511ae.jpg,no_hand_detected,1
train,/content/American-Language-1/train/images/M21_jpg.rf.e5ef08ef63fa2a133ba41e7c2c9daccf.jpg,no_hand_detected,1
train,/content/American-Language-1/train/images/M22_jpg.rf.ac72a7732e7ac2befd3fcd0fe02633ee.jpg,no_hand_detected,1
train,/content/American-Language-1/train/images/M23_jpg.rf.06eb8aeca8db54dcd64a0a991f119eef.jpg,no_hand_detected,1
train,/content/American-Language-1/train/images/M23_jpg.rf.15f1ddced182b3f412254096f0dc3fa0.jpg,no_hand_detected,1
train,/content/American-Language-1/train/images/M23_jpg.rf.6b8c15aae8112b98a23907a4974f6ac4.jpg,no_hand_detected,1
train,/content/American-Language-1/train/images/M23_jpg.rf.7c60185a35deae9d985f60262d130c00.jpg,no_hand_detected,1
train,/content/American-Language-1/train/images/M23_jpg.rf.c62753e688ad5ea72ce6795a3e4c15f2.jpg,no_hand_detected,1
train,/content/American-Language-1/train/images/M24_jpg.rf.29bd7f6ccc86121118d8fea32d673d53.jpg,no_hand_detected,1
train,/content/American-Language-1/train/images/M27_jpg.rf.08802d12088778f63ba8ce6f1165d6fc.jpg,no_hand_detected,1
train,/content/American-Language-1/train/images/M27_jpg.rf.72d7e0c2386b86871e04640d58f106db.jpg,no_hand_detected,1
train,/content/American-Language-1/train/images/M27_jpg.rf.85b7a0dac70950003dbc361760a60d9c.jpg,no_hand_detected,1
train,/content/American-Language-1/train/images/M27_jpg.rf.a58e12f7ccfef561b16c2022a5555f2a.jpg,no_hand_detected,1
train,/content/American-Language-1/train/images/M27_jpg.rf.d9c55800bc20840919c428020391ce9e.jpg,no_hand_detected,1
train,/content/American-Language-1/train/images/M27_jpg.rf.f4083074bd89eb3dbebb2bcf3c97a2b7.jpg,no_hand_detected,1
train,/content/American-Language-1/train/images/M3_jpg.rf.671b9b75210511e40221764b60ae1b86.jpg,no_hand_detected,1
train,/content/American-Language-1/train/images/M3_jpg.rf.c379ee019c6128c1f88826d0c15ed827.jpg,no_hand_detected,1
train,/content/American-Language-1/train/images/M3_jpg.rf.c931632ef580780abbcb3eae8894431a.jpg,no_hand_detected,1
train,/content/American-Language-1/train/images/M3_jpg.rf.d55fe9e8faac342655fd1edf83c56632.jpg,no_hand_detected,1
train,/content/American-Language-1/train/images/M3_jpg.rf.eda40b8c3e199e617a87c748c9524d43.jpg,no_hand_detected,1
train,/content/American-Language-1/train/images/M8_jpg.rf.1850551fc1a12d861df9954849401dca.jpg,no_hand_detected,1
train,/content/American-Language-1/train/images/M8_jpg.rf.27fa53d2b4d6285f911bd135b3babd3d.jpg,no_hand_detected,1
train,/content/American-Language-1/train/images/M8_jpg.rf.8bf66621aac08f496ae7831e51585250.jpg,no_hand_detected,1
train,/content/American-Language-1/train/images/M8_jpg.rf.c263cc475e8498c774be20a89fb99af3.jpg,no_hand_detected,1
train,/content/American-Language-1/train/images/N-1-_jpeg.rf.313a2340dfa144b120e662dd3f4a7f4a.jpg,no_hand_detected,1
train,/content/American-Language-1/train/images/N-1-_jpeg.rf.61259b6e5791f080e4b417749de0f260.jpg,no_hand_detected,1
train,/content/American-Language-1/train/images/N-1-_jpeg.rf.9c392fc94352f152398996d465abb128.jpg,no_hand_detected,1
train,/content/American-Language-1/train/images/N-10-_jpeg.rf.7a909c3b4d9b24780ff3cc06fe8dcfdc.jpg,no_hand_detected,1
train,/content/American-Language-1/train/images/N-10-_jpeg.rf.880ff5cd79c7d04a07c6060acfba1dc5.jpg,no_hand_detected,1
train,/content/American-Language-1/train/images/N-10-_jpeg.rf.f9c0d856a91cda23aa8676408fa1a3ed.jpg,no_hand_detected,1
train,/content/American-Language-1/train/images/N-11-_jpeg.rf.0eb9e01b29b73c289ffcd3c2e5700ec3.jpg,no_hand_detected,1
train,/content/American-Language-1/train/images/N-11-_jpeg.rf.89578497a397d24cda4f093959ab969c.jpg,no_hand_detected,1
train,/content/American-Language-1/train/images/N-11-_jpeg.rf.c9b71aeb5fdac58ee526cb0152d9b585.jpg,no_hand_detected,1
train,/content/American-Language-1/train/images/N-12-_jpeg.rf.24ab702c4d714a470efe8baf494a9075.jpg,no_hand_detected,1
train,/content/American-Language-1/train/images/N-12-_jpeg.rf.c67ee9c277441cc28c054367bd2c2d1c.jpg,no_hand_detected,1
train,/content/American-Language-1/train/images/N-13-_jpeg.rf.96a32cc2ad8c0037a184978a3572544b.jpg,no_hand_detected,1
train,/content/American-Language-1/train/images/N-13-_jpeg.rf.c466ab7ff5e93910df0fcb0c76b5c7ae.jpg,no_hand_detected,1
train,/content/American-Language-1/train/images/N-14-_jpeg.rf.2e0b04563f5d4bd98499b0dc207dc0aa.jpg,no_hand_detected,1
train,/content/American-Language-1/train/images/N-14-_jpeg.rf.bf8b43f54d67f625a3e69c5e8d94ae66.jpg,no_hand_detected,1
train,/content/American-Language-1/train/images/N-14-_jpeg.rf.d920a17d4d2dd67589ab2a28163bc50a.jpg,no_hand_detected,1
train,/content/American-Language-1/train/images/N-15-_jpeg.rf.0891af4ec3b642f7252263b519c8ebe7.jpg,no_hand_detected,1
train,/content/American-Language-1/train/images/N-15-_jpeg.rf.adce58e91d965bf40bf9312d74d34e64.jpg,no_hand_detected,1
train,/content/American-Language-1/train/images/N-17-_jpeg.rf.016b973c46c9328cb3a4afe17cf239e4.jpg,no_hand_detected,1
train,/content/American-Language-1/train/images/N-17-_jpeg.rf.41f47008b96cfead991dec6e9538288c.jpg,no_hand_detected,1
train,/content/American-Language-1/train/images/N-17-_jpeg.rf.5d4bb74ca1a523b890c33fb8c0b60873.jpg,no_hand_detected,1
train,/content/American-Language-1/train/images/N-18-_jpeg.rf.22c710dc5b6e402a6eccd6177c4576b8.jpg,no_hand_detected,1
train,/content/American-Language-1/train/images/N-18-_jpeg.rf.7eb821d5e728b56566bc263ad4b91d8e.jpg,no_hand_detected,1
train,/content/American-Language-1/train/images/N-18-_jpeg.rf.a02f09ce09506156fa04ceac28b9453d.jpg,no_hand_detected,1
train,/content/American-Language-1/train/images/N-19-_jpeg.rf.452bc5996059f6347faaf7096b3f59a3.jpg,no_hand_detected,1
train,/content/American-Language-1/train/images/N-19-_jpeg.rf.49befe607a0cd81523b6d6c0265a1408.jpg,no_hand_detected,1
train,/content/American-Language-1/train/images/N-19-_jpeg.rf.905909b7fb38b458c40a8354c7e05569.jpg,no_hand_detected,1
train,/content/American-Language-1/train/images/N-2-_jpeg.rf.261b0fec6b7218271c5bb778003bac2c.jpg,no_hand_detected,1
train,/content/American-Language-1/train/images/N-2-_jpeg.rf.b6c1c73dab388c895b760aa755e576ca.jpg,no_hand_detected,1
train,/content/American-Language-1/train/images/N-2-_jpeg.rf.b9c36a5d1d746fd0b085b1e59ada8d45.jpg,no_hand_detected,1
train,/content/American-Language-1/train/images/N-20-_jpeg.rf.359391553a632b918b2124235b268010.jpg,no_hand_detected,1
train,/content/American-Language-1/train/images/N-20-_jpeg.rf.55c8228ba9bea37ebf7b56f35597c930.jpg,no_hand_detected,1
train,/content/American-Language-1/train/images/N-21-_jpeg.rf.3a7b28b3f4b6e82da06cae86fed80e3c.jpg,no_hand_detected,1
train,/content/American-Language-1/train/images/N-21-_jpeg.rf.51588c4056aa024fd950ecc9b0721f30.jpg,no_hand_detected,1
train,/content/American-Language-1/train/images/N-21-_jpeg.rf.91ac5e716a8b70271401b928847adc8b.jpg,no_hand_detected,1
train,/content/American-Language-1/train/images/N-22-_jpeg.rf.7930988d7760274a4f092c4b621698b6.jpg,no_hand_detected,1
train,/content/American-Language-1/train/images/N-22-_jpeg.rf.cfdc44f437fa7819ddd0d26a9e778e52.jpg,no_hand_detected,1
train,/content/American-Language-1/train/images/N-23-_jpeg.rf.1893d31312b9049e0a31c4068712fbf4.jpg,no_hand_detected,1
train,/content/American-Language-1/train/images/N-23-_jpeg.rf.9eb88597e8dc7e32e623a64f0b59fb8d.jpg,no_hand_detected,1
train,/content/American-Language-1/train/images/N-24-_jpeg.rf.0143019ea43fd46b934025ac7300d6b3.jpg,no_hand_detected,1
train,/content/American-Language-1/train/images/N-24-_jpeg.rf.7ff2b97e2db7f13ba85da4cf4a1444a3.jpg,no_hand_detected,1
train,/content/American-Language-1/train/images/N-25-_jpeg.rf.77579372998c308daa42dcf3ec1f49b9.jpg,no_hand_detected,1
train,/content/American-Language-1/train/images/N-25-_jpeg.rf.897eef457474e0b5c3cd6fe36adf2a71.jpg,no_hand_detected,1
train,/content/American-Language-1/train/images/N-25-_jpeg.rf.c328a7cbe226e65d5cbc8bfa8605da6e.jpg,no_hand_detected,1
train,/content/American-Language-1/train/images/N-26-_jpeg.rf.cab1fddaa95246d24f9d7999bb90f938.jpg,no_hand_detected,1
train,/content/American-Language-1/train/images/N-26-_jpeg.rf.dadf380f07d1ddcdca13da9511650d39.jpg,no_hand_detected,1
train,/content/American-Language-1/train/images/N-28-_jpeg.rf.7467dffa84450b37cf71685af37962dc.jpg,no_hand_detected,1
train,/content/American-Language-1/train/images/N-28-_jpeg.rf.9c6827bf18bf3ef77fa3eacaa2e18a9b.jpg,no_hand_detected,1
train,/content/American-Language-1/train/images/N-28-_jpeg.rf.a83f942084f9612869df7b0bcf3106b0.jpg,no_hand_detected,1
train,/content/American-Language-1/train/images/N-29-_jpeg.rf.0e7baab2ba77841e9f6887b792f99302.jpg,no_hand_detected,1
train,/content/American-Language-1/train/images/N-29-_jpeg.rf.61cea4f3041f05407316fea504d89835.jpg,no_hand_detected,1
train,/content/American-Language-1/train/images/N-3-_jpeg.rf.18b52fab2ce7b76b61e4c6e1a62877c9.jpg,no_hand_detected,1
train,/content/American-Language-1/train/images/N-3-_jpeg.rf.3b95d58f9b757214e0f1ce0a02109ecb.jpg,no_hand_detected,1
train,/content/American-Language-1/train/images/N-3-_jpeg.rf.d762d01cc6657b92166e33e988fcef81.jpg,no_hand_detected,1
train,/content/American-Language-1/train/images/N-30-_jpeg.rf.bfa298b870445e581735919691665c8f.jpg,no_hand_detected,1
train,/content/American-Language-1/train/images/N-30-_jpeg.rf.ee133ae6d3165370681c0389f06e9537.jpg,no_hand_detected,1
train,/content/American-Language-1/train/images/N-34-_jpeg.rf.5a7adc9667436ffcb2490bd16b1004b9.jpg,no_hand_detected,1
train,/content/American-Language-1/train/images/N-34-_jpeg.rf.7166394c15503acb45351ecccc7047db.jpg,no_hand_detected,1
train,/content/American-Language-1/train/images/N-34-_jpeg.rf.747a6f52ab8ba24e35cba5f6da2501db.jpg,no_hand_detected,1
train,/content/American-Language-1/train/images/N-36-_jpeg.rf.1070158b9a4fcdfc1b01176e8694ac4a.jpg,no_hand_detected,1
train,/content/American-Language-1/train/images/N-36-_jpeg.rf.9adf17738443e5f4c475e9b46046df09.jpg,no_hand_detected,1
train,/content/American-Language-1/train/images/N-36-_jpeg.rf.c5dfe566be30fc380de18ce0c23a21f9.jpg,no_hand_detected,1
train,/content/American-Language-1/train/images/N-37-_jpeg.rf.2655fac1562ef499d15b1bf8eccea0f8.jpg,no_hand_detected,1
train,/content/American-Language-1/train/images/N-37-_jpeg.rf.c25605755b2050b53e38281cfe27a45d.jpg,no_hand_detected,1
train,/content/American-Language-1/train/images/N-37-_jpeg.rf.ecc510436fb6d1ccfe9e044b887fac51.jpg,no_hand_detected,1
train,/content/American-Language-1/train/images/N-38-_jpeg.rf.84e01382a4c6650bd0d3efe115493769.jpg,no_hand_detected,1
train,/content/American-Language-1/train/images/N-38-_jpeg.rf.c8f6b93f7c5f9c508f90c7a2df2ab715.jpg,no_hand_detected,1
train,/content/American-Language-1/train/images/N-38-_jpeg.rf.e54c93745db2de193e99ea9239160018.jpg,no_hand_detected,1
train,/content/American-Language-1/train/images/N-39-_jpeg.rf.43ddb5424aef1e62836981026372aecd.jpg,no_hand_detected,1
train,/content/American-Language-1/train/images/N-39-_jpeg.rf.b554384ab4cfb20959f422a59f395b0e.jpg,no_hand_detected,1
train,/content/American-Language-1/train/images/N-39-_jpeg.rf.e6ce06070a1bf66424cfe0126cfbc398.jpg,no_hand_detected,1
train,/content/American-Language-1/train/images/N-4-_jpeg.rf.bdb94e4da4e20d4a1f30958133739c2a.jpg,no_hand_detected,1
train,/content/American-Language-1/train/images/N-4-_jpeg.rf.d21b733b9233029ea96980ed01818bfa.jpg,no_hand_detected,1
train,/content/American-Language-1/train/images/N-4-_jpeg.rf.ea33ea6e8491d6cfe8b5378f0c5976b5.jpg,no_hand_detected,1
train,/content/American-Language-1/train/images/N-40-_jpeg.rf.0263451d6f7c0a0797a53b3fd6a4b42f.jpg,no_hand_detected,1
train,/content/American-Language-1/train/images/N-40-_jpeg.rf.d08bea8cb2f74216965a14c2ea56ed29.jpg,no_hand_detected,1
train,/content/American-Language-1/train/images/N-40-_jpeg.rf.dff209c7c2138d0017b4b810e3872ebe.jpg,no_hand_detected,1
train,/content/American-Language-1/train/images/N-41-_jpeg.rf.08c1e3a1408627ffc80adc4044fc9254.jpg,no_hand_detected,1
train,/content/American-Language-1/train/images/N-41-_jpeg.rf.97fecd382addb618a4257768f776a92b.jpg,no_hand_detected,1
train,/content/American-Language-1/train/images/N-41-_jpeg.rf.c6b8a702534441895bb5598e7eb855d4.jpg,no_hand_detected,1
train,/content/American-Language-1/train/images/N-43-_jpeg.rf.2d3e32ce85b04a48d3f0a6c9f50c8273.jpg,no_hand_detected,1
train,/content/American-Language-1/train/images/N-43-_jpeg.rf.952d0576be792a45153bfe28eca3ec91.jpg,no_hand_detected,1
train,/content/American-Language-1/train/images/N-43-_jpeg.rf.a0767aa39d7aaf691c55bf84e801c1fc.jpg,no_hand_detected,1
train,/content/American-Language-1/train/images/N-44-_jpeg.rf.321577c04f8a19e9573282821edd8d4a.jpg,no_hand_detected,1
train,/content/American-Language-1/train/images/N-44-_jpeg.rf.4a675610245589acdaaabe8d5b5de4bf.jpg,no_hand_detected,1
train,/content/American-Language-1/train/images/N-45-_jpeg.rf.a2a95d97d393a364da7d28d8d8789814.jpg,no_hand_detected,1
train,/content/American-Language-1/train/images/N-45-_jpeg.rf.af7b1f16f50466943ed9eb2e1cb01770.jpg,no_hand_detected,1
train,/content/American-Language-1/train/images/N-45-_jpeg.rf.b4d4b3889a3cd622b91b8b1429bdba71.jpg,no_hand_detected,1
train,/content/American-Language-1/train/images/N-46-_jpeg.rf.96663af693fb5a8b839ee65c0e85109a.jpg,no_hand_detected,1
train,/content/American-Language-1/train/images/N-46-_jpeg.rf.c1a1caec547e3b4ddbf7e101413b1721.jpg,no_hand_detected,1
train,/content/American-Language-1/train/images/N-46-_jpeg.rf.e117fb391dac3532e89585affc6f01b8.jpg,no_hand_detected,1
train,/content/American-Language-1/train/images/N-51-_jpeg.rf.23dbd976ef9afdbd06db84174fd36e19.jpg,no_hand_detected,1
train,/content/American-Language-1/train/images/N-52-_jpeg.rf.0a5e16c2af7b8ac5e876f75b77425436.jpg,no_hand_detected,1
train,/content/American-Language-1/train/images/N-52-_jpeg.rf.4402c2f90dd9c9f09ae48656f895dcb7.jpg,no_hand_detected,1
train,/content/American-Language-1/train/images/N-52-_jpeg.rf.b8f153f83f5334d3b868f2d354ccf530.jpg,no_hand_detected,1
train,/content/American-Language-1/train/images/N-56-_jpeg.rf.7415fcbb726af7e51740b87f55e7e706.jpg,no_hand_detected,1
train,/content/American-Language-1/train/images/N-56-_jpeg.rf.8754e94966d2a3c39ffc13e88e4f6e1f.jpg,no_hand_detected,1
train,/content/American-Language-1/train/images/N-56-_jpeg.rf.b51e649a199bc40bd92ea8d3771cdd2a.jpg,no_hand_detected,1
train,/content/American-Language-1/train/images/N-57-_jpeg.rf.30c2a8b54e724455f1a7ca16b259595a.jpg,no_hand_detected,1
train,/content/American-Language-1/train/images/N-57-_jpeg.rf.64272717f8aec6fe7347f0f52523f5be.jpg,no_hand_detected,1
train,/content/American-Language-1/train/images/N-57-_jpeg.rf.ca2d4790b2ca2a367d0bf0a9ceb95d57.jpg,no_hand_detected,1
train,/content/American-Language-1/train/images/N-59-_jpeg.rf.bb1ec2acd5703c93e79f947f716ec511.jpg,no_hand_detected,1
train,/content/American-Language-1/train/images/N-59-_jpeg.rf.fbfb1a3e9cf3a79c0c67eee86c2f8e8a.jpg,no_hand_detected,1
train,/content/American-Language-1/train/images/N-61-_jpeg.rf.2a7d56584d30b0a7ba7709de92ce040a.jpg,no_hand_detected,1
train,/content/American-Language-1/train/images/N-61-_jpeg.rf.6c3885eef62d9fa0e6db3e29c6dcef9f.jpg,no_hand_detected,1
train,/content/American-Language-1/train/images/N-61-_jpeg.rf.cf92e93e011c456ea75dc6fa99721f71.jpg,no_hand_detected,1
train,/content/American-Language-1/train/images/N-62-_jpeg.rf.7f0d621b07171f17400bbbab617b2394.jpg,no_hand_detected,1
train,/content/American-Language-1/train/images/N-62-_jpeg.rf.983614676c0ccbf64be842d0f11f58ac.jpg,no_hand_detected,1
train,/content/American-Language-1/train/images/N-62-_jpeg.rf.98bc166d2f179498dc6a5ce1f118a2d0.jpg,no_hand_detected,1
train,/content/American-Language-1/train/images/N-64-_jpeg.rf.0ca83897013473f4d08ce8da3602ea85.jpg,no_hand_detected,1
train,/content/American-Language-1/train/images/N-64-_jpeg.rf.95dc822161140853044dff9b5a0a888b.jpg,no_hand_detected,1
train,/content/American-Language-1/train/images/N-64-_jpeg.rf.fbd50f5e8a12ffa2e0b8350cc2bf41b6.jpg,no_hand_detected,1
train,/content/American-Language-1/train/images/N-65-_jpeg.rf.b8149ce04fa9e8b821bf7c4c5385f415.jpg,no_hand_detected,1
train,/content/American-Language-1/train/images/N-65-_jpeg.rf.baa4824103210a166bc205ae129b0c59.jpg,no_hand_detected,1
train,/content/American-Language-1/train/images/N-65-_jpeg.rf.bf374f62d6a07587f8f3e83eb2971834.jpg,no_hand_detected,1
train,/content/American-Language-1/train/images/N-67-_jpeg.rf.21cf5b4c92e41144aa4cad2bb7965abf.jpg,no_hand_detected,1
train,/content/American-Language-1/train/images/N-67-_jpeg.rf.307caad0ac3efd5799aa21dda2abe107.jpg,no_hand_detected,1
train,/content/American-Language-1/train/images/N-67-_jpeg.rf.d1f1e53018777643dc6f02f9a886c282.jpg,no_hand_detected,1
train,/content/American-Language-1/train/images/N-69-_jpeg.rf.4d4780d88389fc6707407f9f0e43937f.jpg,no_hand_detected,1
train,/content/American-Language-1/train/images/N-70-_jpeg.rf.04c277d0a1783d29175893ee8ba11f8a.jpg,no_hand_detected,1
train,/content/American-Language-1/train/images/N-70-_jpeg.rf.8fb4602996027b9a0c35c08e23ec2d98.jpg,no_hand_detected,1
train,/content/American-Language-1/train/images/N-70-_jpeg.rf.afd912bf669169889ca96b469923c67c.jpg,no_hand_detected,1
train,/content/American-Language-1/train/images/N-8-_jpeg.rf.7f335c8ba3996a6e0ed54e4f71e3c31a.jpg,no_hand_detected,1
train,/content/American-Language-1/train/images/N-8-_jpeg.rf.82238b16cb013eb01c7e27d0aa9face4.jpg,no_hand_detected,1
train,/content/American-Language-1/train/images/N-8-_jpeg.rf.e2a2b34ce8da61b01294a58650a39b81.jpg,no_hand_detected,1
train,/content/American-Language-1/train/images/N0_jpg.rf.a216cf550e564c0e2de1581468dd7a47.jpg,no_hand_detected,1
train,/content/American-Language-1/train/images/N0_jpg.rf.a9551aa6329ca6df7d567830e22fa087.jpg,no_hand_detected,1
train,/content/American-Language-1/train/images/N10_jpg.rf.5989663896977143d0129a90ac09985a.jpg,no_hand_detected,1
train,/content/American-Language-1/train/images/N10_jpg.rf.c08cfc05dffb92f4e7da9b2b4eb0a7a3.jpg,no_hand_detected,1
train,/content/American-Language-1/train/images/N10_jpg.rf.c894c63ae5b5e256a1179aadcfc6c098.jpg,no_hand_detected,1
train,/content/American-Language-1/train/images/N11_jpg.rf.6677acab5f0726e56f576011a3b32b01.jpg,no_hand_detected,1
train,/content/American-Language-1/train/images/N11_jpg.rf.8b8ff2b322849dadbecbc133c4ab930f.jpg,no_hand_detected,1
train,/content/American-Language-1/train/images/N11_jpg.rf.993404838f4b8a56782b53c184455ba6.jpg,no_hand_detected,1
train,/content/American-Language-1/train/images/N11_jpg.rf.bd59d74e10793cd91a1e9c708ae7a44d.jpg,no_hand_detected,1
train,/content/American-Language-1/train/images/N11_jpg.rf.fe617014c5a6df41bfb0ff8c579cefec.jpg,no_hand_detected,1
train,/content/American-Language-1/train/images/N12_jpg.rf.0c47c8cd467c8add5a941634ea7b6ded.jpg,no_hand_detected,1
train,/content/American-Language-1/train/images/N12_jpg.rf.15546bcdaa99db48eed9d2ce7901d06c.jpg,no_hand_detected,1
train,/content/American-Language-1/train/images/N12_jpg.rf.25788e86f2229b8c478bfb4878963b09.jpg,no_hand_detected,1
train,/content/American-Language-1/train/images/N12_jpg.rf.2b4172c2a70afd1e4381339e3c8af776.jpg,no_hand_detected,1
train,/content/American-Language-1/train/images/N12_jpg.rf.995a65850e93f6627430ea8c3c435056.jpg,no_hand_detected,1
train,/content/American-Language-1/train/images/N12_jpg.rf.f687d29f2cc74da02fcb2338bd7542c2.jpg,no_hand_detected,1
train,/content/American-Language-1/train/images/N13_jpg.rf.2be8f921920ac8a414ae20c92535205e.jpg,no_hand_detected,1
train,/content/American-Language-1/train/images/N13_jpg.rf.9e9ec13cca0bce75428789d9d052c9ef.jpg,no_hand_detected,1
train,/content/American-Language-1/train/images/N14_jpg.rf.34cee8ac266e6ce9fb54f91add5954d6.jpg,no_hand_detected,1
train,/content/American-Language-1/train/images/N14_jpg.rf.6e21898fc55a0e96f4715e159d439494.jpg,no_hand_detected,1
train,/content/American-Language-1/train/images/N14_jpg.rf.9056425fae1b7fa8be8c2df52a3d86a5.jpg,no_hand_detected,1
train,/content/American-Language-1/train/images/N14_jpg.rf.983276ce15b70047bb3a558e3b839a0d.jpg,no_hand_detected,1
train,/content/American-Language-1/train/images/N14_jpg.rf.ade206ece8aa3459294e56601943705c.jpg,no_hand_detected,1
train,/content/American-Language-1/train/images/N14_jpg.rf.c2d0b489d38633563591781d06e0bd56.jpg,no_hand_detected,1
train,/content/American-Language-1/train/images/N19_jpg.rf.10ef2aa55d3c675bf081b95c4c30ee65.jpg,no_hand_detected,1
train,/content/American-Language-1/train/images/N19_jpg.rf.68cb667e3976b6258f562f1f29e557a8.jpg,no_hand_detected,1
train,/content/American-Language-1/train/images/N19_jpg.rf.9faf51376d909385b4aba756722d569f.jpg,no_hand_detected,1
train,/content/American-Language-1/train/images/N19_jpg.rf.fd44ad02c0dfbfc65f80235b70342493.jpg,no_hand_detected,1
train,/content/American-Language-1/train/images/N20_jpg.rf.750093c7569a975661693bcabb7416f1.jpg,no_hand_detected,1
train,/content/American-Language-1/train/images/N20_jpg.rf.85c0d66c675bd02649ca85889e6a8c37.jpg,no_hand_detected,1
train,/content/American-Language-1/train/images/N20_jpg.rf.ff1ccafd7d9d2c5d91c7fdc5a5a481f6.jpg,no_hand_detected,1
train,/content/American-Language-1/train/images/N23_jpg.rf.34e8510fb1180cf8d43e5ecc9eb61786.jpg,no_hand_detected,1
train,/content/American-Language-1/train/images/N23_jpg.rf.747485743e20238d39c6e447d1687b0a.jpg,no_hand_detected,1
train,/content/American-Language-1/train/images/N23_jpg.rf.7dced6d120cadfba75c5ec895b581628.jpg,no_hand_detected,1
train,/content/American-Language-1/train/images/N23_jpg.rf.b54ca5f1c8fde2d542f1d657d292f88d.jpg,no_hand_detected,1
train,/content/American-Language-1/train/images/N23_jpg.rf.de48c3d34bd2d88cbb7728f8dbeccb33.jpg,no_hand_detected,1
train,/content/American-Language-1/train/images/N23_jpg.rf.f09bee6a9fa6be94700532e12248ba86.jpg,no_hand_detected,1
train,/content/American-Language-1/train/images/N24_jpg.rf.1e054e64b0a94710e55bd93535daf231.jpg,no_hand_detected,1
train,/content/American-Language-1/train/images/N24_jpg.rf.3b3caa6ff6db3ac0716f8470ec1c57ab.jpg,no_hand_detected,1
train,/content/American-Language-1/train/images/N24_jpg.rf.69147b1609039203f025beff37c9c43b.jpg,no_hand_detected,1
train,/content/American-Language-1/train/images/N24_jpg.rf.81cd181eba4968c28a9a5e5c4e3c3621.jpg,no_hand_detected,1
train,/content/American-Language-1/train/images/N24_jpg.rf.a3514fcb76be731c98fccc6d6cf7bb0b.jpg,no_hand_detected,1
train,/content/American-Language-1/train/images/N24_jpg.rf.ba1c598b33aca65c48af81532b4edc74.jpg,no_hand_detected,1
train,/content/American-Language-1/train/images/N25_jpg.rf.0c3e16091d398547a41d1bbb2e42db57.jpg,no_hand_detected,1
train,/content/American-Language-1/train/images/N25_jpg.rf.688c40ad2bbd99301e2dc6daa7e318cc.jpg,no_hand_detected,1
train,/content/American-Language-1/train/images/N25_jpg.rf.75857bac5f611b8e1e701d9f81e7cc4a.jpg,no_hand_detected,1
train,/content/American-Language-1/train/images/N25_jpg.rf.999f8d10e6f80df3bcf65b384a402e43.jpg,no_hand_detected,1
train,/content/American-Language-1/train/images/N25_jpg.rf.b509565a0a640252fd457ad6895673f4.jpg,no_hand_detected,1
train,/content/American-Language-1/train/images/N25_jpg.rf.d546dcfa65a3f8f2443da9bc89631930.jpg,no_hand_detected,1
train,/content/American-Language-1/train/images/N25_jpg.rf.f63492bb258729f538ecad0a29b5491e.jpg,no_hand_detected,1
train,/content/American-Language-1/train/images/N26_jpg.rf.0543e5ada39b1dde0a88d891d840fb07.jpg,no_hand_detected,1
train,/content/American-Language-1/train/images/N26_jpg.rf.6045a8e805687b1e70082e09cb261832.jpg,no_hand_detected,1
train,/content/American-Language-1/train/images/N26_jpg.rf.7387530889ff39992412d611569cd88d.jpg,no_hand_detected,1
train,/content/American-Language-1/train/images/N2_jpg.rf.64af2f5136e75d57992473a9bc6d238d.jpg,no_hand_detected,1
train,/content/American-Language-1/train/images/N2_jpg.rf.867c89f8c855e742c1c91eb3f7903609.jpg,no_hand_detected,1
train,/content/American-Language-1/train/images/N3_jpg.rf.ab6016d43b07f43ee62bd643a65abf3d.jpg,no_hand_detected,1
train,/content/American-Language-1/train/images/N4_jpg.rf.8e0848b8bcad99f0c5faa9dd4d8aeca7.jpg,no_hand_detected,1
train,/content/American-Language-1/train/images/N4_jpg.rf.92a3eaaca5a6a049079e69935315d913.jpg,no_hand_detected,1
train,/content/American-Language-1/train/images/N5_jpg.rf.017c70c984249576c3b734d601278a2f.jpg,no_hand_detected,1
train,/content/American-Language-1/train/images/N5_jpg.rf.c50ec820bd30b93ec5ac06523ab8edb7.jpg,no_hand_detected,1
train,/content/American-Language-1/train/images/N5_jpg.rf.f857033895938bb18c03cd264268b59d.jpg,no_hand_detected,1
train,/content/American-Language-1/train/images/N8_jpg.rf.22bc05ed31fe139c4d709b04ddd0e773.jpg,no_hand_detected,1
train,/content/American-Language-1/train/images/N8_jpg.rf.286a6a22ff9b6e8144f34fb102d5da98.jpg,no_hand_detected,1
train,/content/American-Language-1/train/images/N8_jpg.rf.50536b86132c9a10cca5d6c8fedda1ef.jpg,no_hand_detected,1
train,/content/American-Language-1/train/images/N8_jpg.rf.b1a2bdd7cf2bb4a72943bdcd3b1a87f4.jpg,no_hand_detected,1
train,/content/American-Language-1/train/images/N8_jpg.rf.d09dfe3418d8f7b0f15948c312808d9f.jpg,no_hand_detected,1
train,/content/American-Language-1/train/images/N9_jpg.rf.955fbc35ecd56f0450697088f2367ac4.jpg,no_hand_detected,1
train,/content/American-Language-1/train/images/N9_jpg.rf.bf446fe99cdc1be2d706a18f874de44d.jpg,no_hand_detected,1
train,/content/American-Language-1/train/images/N9_jpg.rf.d8262f481971c52a6327ae932c5ad8ee.jpg,no_hand_detected,1
train,/content/American-Language-1/train/images/O-1-_jpeg.rf.4c54ce994a06b608c3867eba177c7829.jpg,no_hand_detected,1
train,/content/American-Language-1/train/images/O-1-_jpeg.rf.6cb8370c8b2a7142a47571975350f55a.jpg,no_hand_detected,1
train,/content/American-Language-1/train/images/O-12-_jpeg.rf.0a07beb618350ea9c08e9cac4ddfca24.jpg,no_hand_detected,1
train,/content/American-Language-1/train/images/O-12-_jpeg.rf.4bc2cc43b4f8cc89575b0870c385cd5f.jpg,no_hand_detected,1
train,/content/American-Language-1/train/images/O-12-_jpeg.rf.7a07feea5bbeef3685c66f3af48eaeeb.jpg,no_hand_detected,1
train,/content/American-Language-1/train/images/O-13-_jpeg.rf.45c44d30d1dc2679dccf697e42232780.jpg,no_hand_detected,1
train,/content/American-Language-1/train/images/O-13-_jpeg.rf.75b568cf71e4f4f1ae4f53baa2f17047.jpg,no_hand_detected,1
train,/content/American-Language-1/train/images/O-13-_jpeg.rf.ca7eb1f7ee04f02e04713613c40a7d84.jpg,no_hand_detected,1
train,/content/American-Language-1/train/images/O-14-_jpeg.rf.32a5282c8ae7e9fd1bfbb99c125477ac.jpg,no_hand_detected,1
train,/content/American-Language-1/train/images/O-17-_jpeg.rf.8fa78faa199a312cc3182bb98bb7012d.jpg,no_hand_detected,1
train,/content/American-Language-1/train/images/O-18-_jpeg.rf.5e88775398f049b10fa5a171615870bf.jpg,no_hand_detected,1
train,/content/American-Language-1/train/images/O-18-_jpeg.rf.aa8cee91afb8e47a986274b1ef7fb4ff.jpg,no_hand_detected,1
train,/content/American-Language-1/train/images/O-18-_jpeg.rf.fb7b8b588470bb685ec36abdeb661130.jpg,no_hand_detected,1
train,/content/American-Language-1/train/images/O-19-_jpeg.rf.255d802d9a7ff1bef5abc309a56603e5.jpg,no_hand_detected,1
train,/content/American-Language-1/train/images/O-19-_jpeg.rf.963e6d3626f0ab4d0eda5efbfe3852b1.jpg,no_hand_detected,1
train,/content/American-Language-1/train/images/O-2-_jpeg.rf.5cb142d243004c785b5e4c434f3d428b.jpg,no_hand_detected,1
train,/content/American-Language-1/train/images/O-20-_jpeg.rf.37556fdbc5c78933d0ccbbc27d837d2d.jpg,no_hand_detected,1
train,/content/American-Language-1/train/images/O-20-_jpeg.rf.c5d8e4646c3d1887a223d5dad4bd5ea0.jpg,no_hand_detected,1
train,/content/American-Language-1/train/images/O-22-_jpeg.rf.1984f94299f8eede771792d2b4490d2f.jpg,no_hand_detected,1
train,/content/American-Language-1/train/images/O-22-_jpeg.rf.69a895e0712c151c1b6b2b7210082ba5.jpg,no_hand_detected,1
train,/content/American-Language-1/train/images/O-23-_jpeg.rf.b00bbf49b2a0de9cbe8986250334516e.jpg,no_hand_detected,1
train,/content/American-Language-1/train/images/O-27-_jpeg.rf.42fcc176d96e6953d7f9a17ad4e17b74.jpg,no_hand_detected,1
train,/content/American-Language-1/train/images/O-29-_jpeg.rf.421680969d888871650a8d5e1dea20ae.jpg,no_hand_detected,1
train,/content/American-Language-1/train/images/O-29-_jpeg.rf.f2ba5c74051855a3c25f6424399d41d3.jpg,no_hand_detected,1
train,/content/American-Language-1/train/images/O-29-_jpeg.rf.faf012f22148dda88103d00fb4fbc110.jpg,no_hand_detected,1
train,/content/American-Language-1/train/images/O-3-_jpeg.rf.892a5c264b3d222b87bfd04277ce4484.jpg,no_hand_detected,1
train,/content/American-Language-1/train/images/O-3-_jpeg.rf.c0bc4af9d4a6574f1540fc3510c5d0bf.jpg,no_hand_detected,1
train,/content/American-Language-1/train/images/O-3-_jpeg.rf.fe71770a6196fe49ddc75ce81044907a.jpg,no_hand_detected,1
train,/content/American-Language-1/train/images/O-31-_jpeg.rf.0953ad3eb4b02f826c98f48f2da08ba3.jpg,no_hand_detected,1
train,/content/American-Language-1/train/images/O-31-_jpeg.rf.24430aaa2607f8bd227772840c1aac81.jpg,no_hand_detected,1
train,/content/American-Language-1/train/images/O-31-_jpeg.rf.72adda2cf165564c0a006e14d781280a.jpg,no_hand_detected,1
train,/content/American-Language-1/train/images/O-34-_jpeg.rf.596d9e24720679dd68f03a50fa178d81.jpg,no_hand_detected,1
train,/content/American-Language-1/train/images/O-34-_jpeg.rf.7780832d8161a61fb3e1538e9cb22de7.jpg,no_hand_detected,1
train,/content/American-Language-1/train/images/O-34-_jpeg.rf.e07a2c78958d01b8bb843ebccc60312a.jpg,no_hand_detected,1
train,/content/American-Language-1/train/images/O-35-_jpeg.rf.805470e197816a8dffa580d8ec12a19a.jpg,no_hand_detected,1
train,/content/American-Language-1/train/images/O-35-_jpeg.rf.c66878b1b75c8afe651d6c5beb7a219b.jpg,no_hand_detected,1
train,/content/American-Language-1/train/images/O-35-_jpeg.rf.e7a840b5c0ea574f2d33f30a153d165e.jpg,no_hand_detected,1
train,/content/American-Language-1/train/images/O-37-_jpeg.rf.501b161622e5461004e9fe0d6a66454a.jpg,no_hand_detected,1
train,/content/American-Language-1/train/images/O-38-_jpeg.rf.62b61ac1055dc3c25f8f2690b13e4abb.jpg,no_hand_detected,1
train,/content/American-Language-1/train/images/O-38-_jpeg.rf.6e4aaf41e179980d7e4f2235bf3517dc.jpg,no_hand_detected,1
train,/content/American-Language-1/train/images/O-38-_jpeg.rf.ac14d3cbe4b13d8ca71de3e74ce1553f.jpg,no_hand_detected,1
train,/content/American-Language-1/train/images/O-39-_jpeg.rf.2f484a5c79c1c681c3e82300bb0698e5.jpg,no_hand_detected,1
train,/content/American-Language-1/train/images/O-39-_jpeg.rf.b2f1be3d994ba25aa9d84d74d2cf4dc6.jpg,no_hand_detected,1
train,/content/American-Language-1/train/images/O-4-_jpeg.rf.62cde51893fd28a79b4ad468d34d75d5.jpg,no_hand_detected,1
train,/content/American-Language-1/train/images/O-4-_jpeg.rf.79a770a339a6c90ab6cb43b559b565a3.jpg,no_hand_detected,1
train,/content/American-Language-1/train/images/O-4-_jpeg.rf.8d816f9def883b69b7ca84682881f4ce.jpg,no_hand_detected,1
train,/content/American-Language-1/train/images/O-40-_jpeg.rf.207d20aadf467e72d8d8e1f6a47bd6d0.jpg,no_hand_detected,1
train,/content/American-Language-1/train/images/O-40-_jpeg.rf.3a5de701b388c38387f2ba326b984b85.jpg,no_hand_detected,1
train,/content/American-Language-1/train/images/O-40-_jpeg.rf.967f99cb527519ebe9045a15ef12f36f.jpg,no_hand_detected,1
train,/content/American-Language-1/train/images/O-41-_jpeg.rf.12ef3505c2211c83a6a6f7c069cc9287.jpg,no_hand_detected,1
train,/content/American-Language-1/train/images/O-41-_jpeg.rf.61b19c72808b3f45cd6c4585ba97cff7.jpg,no_hand_detected,1
train,/content/American-Language-1/train/images/O-41-_jpeg.rf.cff814c63b53e178840fa3c93fce350a.jpg,no_hand_detected,1
train,/content/American-Language-1/train/images/O-42-_jpeg.rf.31e16a5ee453c5fc213e81c1b3d9e9b9.jpg,no_hand_detected,1
train,/content/American-Language-1/train/images/O-42-_jpeg.rf.bdbad63f3606da207db32de86df14416.jpg,no_hand_detected,1
train,/content/American-Language-1/train/images/O-42-_jpeg.rf.c1fdddeaa8ba2cb3e7802694a94a6fb9.jpg,no_hand_detected,1
train,/content/American-Language-1/train/images/O-43-_jpeg.rf.08b9a15778f58033a0bc0a53809ac7de.jpg,no_hand_detected,1
train,/content/American-Language-1/train/images/O-43-_jpeg.rf.2d470f49fac21cfc1a7f4552810010ca.jpg,no_hand_detected,1
train,/content/American-Language-1/train/images/O-43-_jpeg.rf.35481f739a169c36d8cc21d2e4f18d5f.jpg,no_hand_detected,1
train,/content/American-Language-1/train/images/O-45-_jpeg.rf.62c5d469c13891746e6a5267d81f4930.jpg,no_hand_detected,1
train,/content/American-Language-1/train/images/O-45-_jpeg.rf.8310d3fa894541a7715081a02faf1047.jpg,no_hand_detected,1
train,/content/American-Language-1/train/images/O-45-_jpeg.rf.cf99224d5d2ca4adb41137d3a417b3c3.jpg,no_hand_detected,1
train,/content/American-Language-1/train/images/O-46-_jpeg.rf.152afc4f55390a5d67a95592c1f31424.jpg,no_hand_detected,1
train,/content/American-Language-1/train/images/O-46-_jpeg.rf.83856d8863dc8e3929546e1b5d74ef79.jpg,no_hand_detected,1
train,/content/American-Language-1/train/images/O-46-_jpeg.rf.ba86329fb020c4c92abfb164354ae1bc.jpg,no_hand_detected,1
train,/content/American-Language-1/train/images/O-47-_jpeg.rf.178fbd5d8490565d347f0a6846ecf2b8.jpg,no_hand_detected,1
train,/content/American-Language-1/train/images/O-47-_jpeg.rf.a6e5ba360f56bca2396a09f4ff8b8997.jpg,no_hand_detected,1
train,/content/American-Language-1/train/images/O-47-_jpeg.rf.b39aea0db1034020cd2a36798a691d4e.jpg,no_hand_detected,1
train,/content/American-Language-1/train/images/O-49-_jpeg.rf.01b918eaf3016d69b9a2e10f318c15c9.jpg,no_hand_detected,1
train,/content/American-Language-1/train/images/O-49-_jpeg.rf.b100cf7f478aecf0570137e5eb9d012f.jpg,no_hand_detected,1
train,/content/American-Language-1/train/images/O-49-_jpeg.rf.d1a9bfa5d2b785dea04de5ba0ba3c4e6.jpg,no_hand_detected,1
train,/content/American-Language-1/train/images/O-5-_jpeg.rf.38688a8b9d156b0ffd42417241c2f906.jpg,no_hand_detected,1
train,/content/American-Language-1/train/images/O-5-_jpeg.rf.7c4b639bf9b4af90a347d50bd754672f.jpg,no_hand_detected,1
train,/content/American-Language-1/train/images/O-5-_jpeg.rf.a06f512e75e7c21acb18ff5a578f38ac.jpg,no_hand_detected,1
train,/content/American-Language-1/train/images/O-50-_jpeg.rf.dddc4efb58ab33536812a1068dcb31da.jpg,no_hand_detected,1
train,/content/American-Language-1/train/images/O-54-_jpeg.rf.8cb0f7b549402928ae6d0a45e59928d9.jpg,no_hand_detected,1
train,/content/American-Language-1/train/images/O-54-_jpeg.rf.aca1ac4eb630163271082f431c572c6e.jpg,no_hand_detected,1
train,/content/American-Language-1/train/images/O-54-_jpeg.rf.cafe0bd6e6b5ad5b11fae3a6fa11adad.jpg,no_hand_detected,1
train,/content/American-Language-1/train/images/O-58-_jpeg.rf.35c3b4ede83c10b1d5b14570baa5af03.jpg,no_hand_detected,1
train,/content/American-Language-1/train/images/O-59-_jpeg.rf.c05689b51c899c947628d0f16ae67f64.jpg,no_hand_detected,1
train,/content/American-Language-1/train/images/O-6-_jpeg.rf.0499b081435dfdca988ed7c1da5fb8f7.jpg,no_hand_detected,1
train,/content/American-Language-1/train/images/O-6-_jpeg.rf.7905ef0828813efc3067454861a496e9.jpg,no_hand_detected,1
train,/content/American-Language-1/train/images/O-6-_jpeg.rf.b0db934ec6f05f2920208bf30c4cd15b.jpg,no_hand_detected,1
train,/content/American-Language-1/train/images/O-61-_jpeg.rf.499105acaf6eaabb379fa417baf6384b.jpg,no_hand_detected,1
train,/content/American-Language-1/train/images/O-62-_jpeg.rf.4dd19eaa944b94e3a651242d2316f39c.jpg,no_hand_detected,1
train,/content/American-Language-1/train/images/O-62-_jpeg.rf.82eb0dd60f7e63dd2a395088a4f3c071.jpg,no_hand_detected,1
train,/content/American-Language-1/train/images/O-62-_jpeg.rf.e77a65ba6d2af45b8ee470a2581e81ec.jpg,no_hand_detected,1
train,/content/American-Language-1/train/images/O-63-_jpeg.rf.69544833bad542a56486696e0861602d.jpg,no_hand_detected,1
train,/content/American-Language-1/train/images/O-63-_jpeg.rf.a6561fb255e3123ae9e2cc708e195673.jpg,no_hand_detected,1
train,/content/American-Language-1/train/images/O-64-_jpeg.rf.1212852e8c478a72011d8fb538de3583.jpg,no_hand_detected,1
train,/content/American-Language-1/train/images/O-64-_jpeg.rf.b058a9a37b7891fa2d8ad2e2e243689f.jpg,no_hand_detected,1
train,/content/American-Language-1/train/images/O-64-_jpeg.rf.fbbdbd918d2d4f1d4f1e59096d251289.jpg,no_hand_detected,1
train,/content/American-Language-1/train/images/O-66-_jpeg.rf.5ecce97d1aea096518ca90e3b0532e9f.jpg,no_hand_detected,1
train,/content/American-Language-1/train/images/O-66-_jpeg.rf.a47503940c95fa76ada8841663027762.jpg,no_hand_detected,1
train,/content/American-Language-1/train/images/O-66-_jpeg.rf.ea8efbe6520db0f44dbee7c0b8321449.jpg,no_hand_detected,1
train,/content/American-Language-1/train/images/O-69-_jpeg.rf.93c361325f56b759101da9be82f5192c.jpg,no_hand_detected,1
train,/content/American-Language-1/train/images/O-69-_jpeg.rf.9673cede038ea4a1b5c85053e0f9a291.jpg,no_hand_detected,1
train,/content/American-Language-1/train/images/O-69-_jpeg.rf.b8c4f0d0134d7b706c86d0d0e01151e1.jpg,no_hand_detected,1
train,/content/American-Language-1/train/images/O-70-_jpeg.rf.ece8c487e9de72f7d335ad8392c256e1.jpg,no_hand_detected,1
train,/content/American-Language-1/train/images/O-9-_jpeg.rf.2e3ef1d68f6fb4acf912ae039c01eda2.jpg,no_hand_detected,1
train,/content/American-Language-1/train/images/O-9-_jpeg.rf.3c39bdb198d2d6adaeda88031d10fd41.jpg,no_hand_detected,1
train,/content/American-Language-1/train/images/O-9-_jpeg.rf.fed9638e45a6afc0ba5bbf57ddb2d08e.jpg,no_hand_detected,1
train,/content/American-Language-1/train/images/O10_jpg.rf.3f49d3ad486c60337c76fa89f796d22b.jpg,no_hand_detected,1
train,/content/American-Language-1/train/images/O10_jpg.rf.ee41b7428eeeeb075c23164a5fddfd12.jpg,no_hand_detected,1
train,/content/American-Language-1/train/images/O14_jpg.rf.41ae2438278dfda6fa33e659a94141b2.jpg,no_hand_detected,1
train,/content/American-Language-1/train/images/O14_jpg.rf.4523cf23e66d7b7b788d8c62ff25f005.jpg,no_hand_detected,1
train,/content/American-Language-1/train/images/O14_jpg.rf.b7d03f6c10ce7ee606226f173115c646.jpg,no_hand_detected,1
train,/content/American-Language-1/train/images/O18_jpg.rf.32ac7210b04c59a79959299aafe9a4d0.jpg,no_hand_detected,1
train,/content/American-Language-1/train/images/O18_jpg.rf.785cdf51546219b82f35da0602da714d.jpg,no_hand_detected,1
train,/content/American-Language-1/train/images/O18_jpg.rf.a9bf6ac576bc33899163947bb2ae8239.jpg,no_hand_detected,1
train,/content/American-Language-1/train/images/O19_jpg.rf.7b532cb3bbf2f423b7073e7c8c758111.jpg,no_hand_detected,1
train,/content/American-Language-1/train/images/O19_jpg.rf.b9a606905aa0eae40a8d4d36aa4d62c0.jpg,no_hand_detected,1
train,/content/American-Language-1/train/images/O19_jpg.rf.f39ed8b90d99e1403e7963a236a7869e.jpg,no_hand_detected,1
train,/content/American-Language-1/train/images/O1_jpg.rf.26284fa3d173f085a8ceaa9848a13236.jpg,no_hand_detected,1
train,/content/American-Language-1/train/images/O1_jpg.rf.435ec2de407fbbc9106d6f840b8c9507.jpg,no_hand_detected,1
train,/content/American-Language-1/train/images/O1_jpg.rf.685886c32a29e6e9cf23d93bd5d58f23.jpg,no_hand_detected,1
train,/content/American-Language-1/train/images/O1_jpg.rf.a6690d3ecfc31e70e3da2bbe82c51050.jpg,no_hand_detected,1
train,/content/American-Language-1/train/images/O1_jpg.rf.b193a864ac39c3a108786ee92403c4f9.jpg,no_hand_detected,1
train,/content/American-Language-1/train/images/O1_jpg.rf.ca0cf4d611ec64721bbfcab1c0c441d2.jpg,no_hand_detected,1
train,/content/American-Language-1/train/images/O20_jpg.rf.0b9840c2173a467e5257a43888970ede.jpg,no_hand_detected,1
train,/content/American-Language-1/train/images/O20_jpg.rf.48d1d8389c4626f55b4816f57ae4b5c7.jpg,no_hand_detected,1
train,/content/American-Language-1/train/images/O20_jpg.rf.f42491b9096a7ac50cd49002d9e2a755.jpg,no_hand_detected,1
train,/content/American-Language-1/train/images/O21_jpg.rf.330b03b28881d386c965b5d630dabfd8.jpg,no_hand_detected,1
train,/content/American-Language-1/train/images/O21_jpg.rf.4597e16cb7ae4a2e64b24da668fe77dd.jpg,no_hand_detected,1
train,/content/American-Language-1/train/images/O21_jpg.rf.9da22ca10c9baa45315ddb86c3263b31.jpg,no_hand_detected,1
train,/content/American-Language-1/train/images/O23_jpg.rf.1c313ce50bfe6f840f53e81599853ba7.jpg,no_hand_detected,1
train,/content/American-Language-1/train/images/O23_jpg.rf.579762379c8b02e7112f9115d4e71dbf.jpg,no_hand_detected,1
train,/content/American-Language-1/train/images/O24_jpg.rf.5e7b5b45ddca02ea0bd65e726d6b275a.jpg,no_hand_detected,1
train,/content/American-Language-1/train/images/O24_jpg.rf.f85c756a59355f5f8cf2b0f873bb3a49.jpg,no_hand_detected,1
train,/content/American-Language-1/train/images/O24_jpg.rf.f9a153dc06809d8baed92fe05ee1cd2d.jpg,no_hand_detected,1
train,/content/American-Language-1/train/images/O25_jpg.rf.0f3b77db1ee3696b882c7fd964c7dea6.jpg,no_hand_detected,1
train,/content/American-Language-1/train/images/O25_jpg.rf.499938624f66a6413ee1c92b655ce068.jpg,no_hand_detected,1
train,/content/American-Language-1/train/images/O25_jpg.rf.51981e00ace365d81f5fcfaf8b533ad0.jpg,no_hand_detected,1
train,/content/American-Language-1/train/images/O25_jpg.rf.646da4e7649525d8181de5a1a4675e8a.jpg,no_hand_detected,1
train,/content/American-Language-1/train/images/O25_jpg.rf.8f88cdb4a2705b501fa56de92f716226.jpg,no_hand_detected,1
train,/content/American-Language-1/train/images/O25_jpg.rf.c89147d4946efe5ff1a8f019d05f4482.jpg,no_hand_detected,1
train,/content/American-Language-1/train/images/O25_jpg.rf.ca513e7cec03c9aa47fd40ea4207fb83.jpg,no_hand_detected,1
train,/content/American-Language-1/train/images/O25_jpg.rf.d23c528cc5d1d6e497d2d4a9c074c8e0.jpg,no_hand_detected,1
train,/content/American-Language-1/train/images/O26_jpg.rf.61a57b143ddffd0bf5742fab86b4357a.jpg,no_hand_detected,1
train,/content/American-Language-1/train/images/O26_jpg.rf.66c27e96d7886f5c4a44d2c373e767e4.jpg,no_hand_detected,1
train,/content/American-Language-1/train/images/O26_jpg.rf.88c8da9dc735872446d0197fb2210b6c.jpg,no_hand_detected,1
train,/content/American-Language-1/train/images/O26_jpg.rf.abb4350066f03fb27d24bc006e03505a.jpg,no_hand_detected,1
train,/content/American-Language-1/train/images/O26_jpg.rf.f32759b1ec59daeb0485e9d1ed88f311.jpg,no_hand_detected,1
train,/content/American-Language-1/train/images/O26_jpg.rf.f40112a21c046e05fa40746e8e50d7c6.jpg,no_hand_detected,1
train,/content/American-Language-1/train/images/O27_jpg.rf.4a624909baa2b93e091888e66f168b61.jpg,no_hand_detected,1
train,/content/American-Language-1/train/images/O27_jpg.rf.77456329725697fc1c0e68370134f879.jpg,no_hand_detected,1
train,/content/American-Language-1/train/images/O27_jpg.rf.8beb2e0cf93d40b76f637ebf58bc7a63.jpg,no_hand_detected,1
train,/content/American-Language-1/train/images/O27_jpg.rf.988a9366e0fa632b2b81f112d80b1387.jpg,no_hand_detected,1
train,/content/American-Language-1/train/images/O27_jpg.rf.998fddb2ddbcc775211e6ce0bd1d1f37.jpg,no_hand_detected,1
train,/content/American-Language-1/train/images/O27_jpg.rf.e28a1873d2a5d2548c1e0a44743ee547.jpg,no_hand_detected,1
train,/content/American-Language-1/train/images/O27_jpg.rf.f8a8bba74882059ab589dde3a2b8e4b5.jpg,no_hand_detected,1
train,/content/American-Language-1/train/images/O2_jpg.rf.0021e4e3b3771878a6c7296478fe6f4a.jpg,no_hand_detected,1
train,/content/American-Language-1/train/images/O2_jpg.rf.0c1f1e432449e52b7c4d3a711bd05506.jpg,no_hand_detected,1
train,/content/American-Language-1/train/images/O2_jpg.rf.4a7b21cea96d482e49f6a1fc679e3e51.jpg,no_hand_detected,1
train,/content/American-Language-1/train/images/O2_jpg.rf.7578f402170cf510b7c02b770e62095e.jpg,no_hand_detected,1
train,/content/American-Language-1/train/images/O2_jpg.rf.7df9f25f6ae0cb0412aa8a2492620089.jpg,no_hand_detected,1
train,/content/American-Language-1/train/images/O2_jpg.rf.b96ad5f9754ed7ded398e31f774c33ae.jpg,no_hand_detected,1
train,/content/American-Language-1/train/images/O4_jpg.rf.40061c132aa80f7ffb2f1ff2c8a8b791.jpg,no_hand_detected,1
train,/content/American-Language-1/train/images/O5_jpg.rf.3d600cb72717a861a3ddeff0d71bd105.jpg,no_hand_detected,1
train,/content/American-Language-1/train/images/O5_jpg.rf.e1009ac58541fe82239f6b078f0b14c4.jpg,no_hand_detected,1
train,/content/American-Language-1/train/images/O7_jpg.rf.0a3c60be9436ea2f27d15f0bcd7623f6.jpg,no_hand_detected,1
train,/content/American-Language-1/train/images/O7_jpg.rf.1333b101f9d931a65ced2a4b32d7fed8.jpg,no_hand_detected,1
train,/content/American-Language-1/train/images/O7_jpg.rf.578a52c5bb47af6ce02bb6b078805ab5.jpg,no_hand_detected,1
train,/content/American-Language-1/train/images/O7_jpg.rf.84bc08463c0d7c9c3800f806929cef33.jpg,no_hand_detected,1
train,/content/American-Language-1/train/images/O7_jpg.rf.8d6e1bf75f5bef2efbca30108c083728.jpg,no_hand_detected,1
train,/content/American-Language-1/train/images/O7_jpg.rf.9b385460847b4c264390d77dbb16a9a8.jpg,no_hand_detected,1
train,/content/American-Language-1/train/images/O9_jpg.rf.12f90d60fafba486df1270f05b9a4e70.jpg,no_hand_detected,1
train,/content/American-Language-1/train/images/O9_jpg.rf.8faf4b6b6e4272ffa6ee3a490e937edb.jpg,no_hand_detected,1
train,/content/American-Language-1/train/images/O9_jpg.rf.a4d3c4ab3c23a74c67c0ad374a6a6c7d.jpg,no_hand_detected,1
train,/content/American-Language-1/train/images/P-18-_jpeg.rf.1d1b1340e631e237354378dedd2e6408.jpg,no_hand_detected,1
train,/content/American-Language-1/train/images/P-18-_jpeg.rf.1d7a371e50722f254a2aa046e38b3fdb.jpg,no_hand_detected,1
train,/content/American-Language-1/train/images/P-18-_jpeg.rf.e756328557af58cc20a908358a3acc49.jpg,no_hand_detected,1
train,/content/American-Language-1/train/images/P-2-_jpeg.rf.1aed577814aca1f7b7ae4754ea2d3372.jpg,no_hand_detected,1
train,/content/American-Language-1/train/images/P-2-_jpeg.rf.be4fd564f48178f2ff16146bc71375a5.jpg,no_hand_detected,1
train,/content/American-Language-1/train/images/P-26-_jpeg.rf.8dcb910611ab30511335f4b53356e3a9.jpg,no_hand_detected,1
train,/content/American-Language-1/train/images/P-28-_jpeg.rf.c598747713f8b7ec8f0a71976ab7339b.jpg,no_hand_detected,1
train,/content/American-Language-1/train/images/P-29-_jpeg.rf.468cc5c2ec07654bf925c87ae28dc091.jpg,no_hand_detected,1
train,/content/American-Language-1/train/images/P-29-_jpeg.rf.7ca15f379e29025e518cf68b0a282d68.jpg,no_hand_detected,1
train,/content/American-Language-1/train/images/P-29-_jpeg.rf.d90d73ee10480dfd3c3a00af9c33ead1.jpg,no_hand_detected,1
train,/content/American-Language-1/train/images/P-3-_jpeg.rf.96072fd912eeff0fb7d0d97193aefa55.jpg,no_hand_detected,1
train,/content/American-Language-1/train/images/P-3-_jpeg.rf.e97a44092a5149c23e36cda3f3dc5b98.jpg,no_hand_detected,1
train,/content/American-Language-1/train/images/P-36-_jpeg.rf.687d66c6318ede1449850847681223d3.jpg,no_hand_detected,1
train,/content/American-Language-1/train/images/P-36-_jpeg.rf.8e093847c80007411a6008b93f63f611.jpg,no_hand_detected,1
train,/content/American-Language-1/train/images/P-36-_jpeg.rf.a7163938d9630754080a23369e7917bf.jpg,no_hand_detected,1
train,/content/American-Language-1/train/images/P-37-_jpeg.rf.a2414bcabbe70630dd580a26694b0dfb.jpg,no_hand_detected,1
train,/content/American-Language-1/train/images/P-37-_jpeg.rf.cb8d272ca7e49c57ca440aaad2d1aa56.jpg,no_hand_detected,1
train,/content/American-Language-1/train/images/P-39-_jpeg.rf.69eab517260271fed6b599f688423b82.jpg,no_hand_detected,1
train,/content/American-Language-1/train/images/P-39-_jpeg.rf.d805bc4f6ea2c79a5defca12ae6501ca.jpg,no_hand_detected,1
train,/content/American-Language-1/train/images/P-39-_jpeg.rf.deec89f01a0c0eefb7a4556dfd58c648.jpg,no_hand_detected,1
train,/content/American-Language-1/train/images/P-40-_jpeg.rf.8a4bf64092e560d2e3a93359e76fcbd0.jpg,no_hand_detected,1
train,/content/American-Language-1/train/images/P-40-_jpeg.rf.d056b8394dd008072c089ceeb649cbc0.jpg,no_hand_detected,1
train,/content/American-Language-1/train/images/P-5-_jpeg.rf.503ab24c9d947b50ef26c14c7c2b04f1.jpg,no_hand_detected,1
train,/content/American-Language-1/train/images/P-52-_jpeg.rf.06745bbf99a1a1f997c4ac87e0551c4a.jpg,no_hand_detected,1
train,/content/American-Language-1/train/images/P-53-_jpeg.rf.6e31f74ba41a650f4a641fd59893bccc.jpg,no_hand_detected,1
train,/content/American-Language-1/train/images/P-58-_jpeg.rf.1a0674f2a663de93f91db7803d71110d.jpg,no_hand_detected,1
train,/content/American-Language-1/train/images/P-58-_jpeg.rf.94ed93c981b7466e485a7a65a29353a2.jpg,no_hand_detected,1
train,/content/American-Language-1/train/images/P-59-_jpeg.rf.6e64245989668d722f4789f40e751041.jpg,no_hand_detected,1
train,/content/American-Language-1/train/images/P-61-_jpeg.rf.b35a5e8e81d57f6ab38225faea226771.jpg,no_hand_detected,1
train,/content/American-Language-1/train/images/P-61-_jpeg.rf.c31f6544c88752d7b029f4ac94e2e05f.jpg,no_hand_detected,1
train,/content/American-Language-1/train/images/P-62-_jpeg.rf.043d8817a513a9c1ecc18c9426016eff.jpg,no_hand_detected,1
train,/content/American-Language-1/train/images/P-62-_jpeg.rf.ea8626fddb2b12a572370b6ff1806894.jpg,no_hand_detected,1
train,/content/American-Language-1/train/images/P-62-_jpeg.rf.f594bad59392c56c01a6eb9de22815bd.jpg,no_hand_detected,1
train,/content/American-Language-1/train/images/P-64-_jpeg.rf.2bdd9b6d02c875722858cfcf7e0594b3.jpg,no_hand_detected,1
train,/content/American-Language-1/train/images/P-64-_jpeg.rf.fe3784b1181617ef1c51bf6615bcf6db.jpg,no_hand_detected,1
train,/content/American-Language-1/train/images/P-66-_jpeg.rf.f71383914f194fcf69d29f3da93805e9.jpg,no_hand_detected,1
train,/content/American-Language-1/train/images/P-69-_jpeg.rf.3787b3468dc261bbcc6feacd5578a3d1.jpg,no_hand_detected,1
train,/content/American-Language-1/train/images/P-9-_jpeg.rf.9ea11dec908f8b0766eca858e1bcf59c.jpg,no_hand_detected,1
train,/content/American-Language-1/train/images/P0_jpg.rf.869e383b58546fac9313adfd3481a4a2.jpg,no_hand_detected,1
train,/content/American-Language-1/train/images/P0_jpg.rf.b486f5ef42fe5a19c962b8a5f45ea29d.jpg,no_hand_detected,1
train,/content/American-Language-1/train/images/P10_jpg.rf.542ca317e0153a59c77f02428a5aba83.jpg,no_hand_detected,1
train,/content/American-Language-1/train/images/P10_jpg.rf.6be781fbc48191491a87848796177f32.jpg,no_hand_detected,1
train,/content/American-Language-1/train/images/P11_jpg.rf.2dda53c3c8e3a50c02f616522a498a28.jpg,no_hand_detected,1
train,/content/American-Language-1/train/images/P11_jpg.rf.3315f02f9c2fc19d492e74c45ec4bdd1.jpg,no_hand_detected,1
train,/content/American-Language-1/train/images/P11_jpg.rf.635be76a672e7ccac24ed9aafdaf7576.jpg,no_hand_detected,1
train,/content/American-Language-1/train/images/P11_jpg.rf.836dc83195b3013462884af76eab6ec0.jpg,no_hand_detected,1
train,/content/American-Language-1/train/images/P11_jpg.rf.88ec4feb36748f65fb13837581713b38.jpg,no_hand_detected,1
train,/content/American-Language-1/train/images/P11_jpg.rf.aa049b3b5f8df45d14edaea601660b09.jpg,no_hand_detected,1
train,/content/American-Language-1/train/images/P11_jpg.rf.dce64757fd991b267e69e32cf4616bb1.jpg,no_hand_detected,1
train,/content/American-Language-1/train/images/P12_jpg.rf.187e35ce49022ad78395152d7a5c3366.jpg,no_hand_detected,1
train,/content/American-Language-1/train/images/P12_jpg.rf.2d9f6cbab960ea604474ce26fd62f4c2.jpg,no_hand_detected,1
train,/content/American-Language-1/train/images/P12_jpg.rf.35a9f0ba9af6b9bef55b9bf79a9c76ca.jpg,no_hand_detected,1
train,/content/American-Language-1/train/images/P14_jpg.rf.17ad1827295419ebf14ae5f4b4466e46.jpg,no_hand_detected,1
train,/content/American-Language-1/train/images/P14_jpg.rf.38edfe9812a0c4cd8378e223f1dad764.jpg,no_hand_detected,1
train,/content/American-Language-1/train/images/P14_jpg.rf.a424365869ac61dfde5a7d3b41b472c3.jpg,no_hand_detected,1
train,/content/American-Language-1/train/images/P14_jpg.rf.a44e02518120fe5cf49d08c4e1490e58.jpg,no_hand_detected,1
train,/content/American-Language-1/train/images/P14_jpg.rf.bc1187da03617c3e587769235986e153.jpg,no_hand_detected,1
train,/content/American-Language-1/train/images/P14_jpg.rf.f2bee0ba5ea947f781513ff6fc79bb54.jpg,no_hand_detected,1
train,/content/American-Language-1/train/images/P16_jpg.rf.aaa4018483a1d6d046e3bf58e3c28347.jpg,no_hand_detected,1
train,/content/American-Language-1/train/images/P16_jpg.rf.eb85e2d7c9491318ce237da130fbc515.jpg,no_hand_detected,1
train,/content/American-Language-1/train/images/P16_jpg.rf.ed055b68eb0d49c011065b8d7d600afd.jpg,no_hand_detected,1
train,/content/American-Language-1/train/images/P19_jpg.rf.4ba30f3e486a3dd03ecb3f814afa6b72.jpg,no_hand_detected,1
train,/content/American-Language-1/train/images/P19_jpg.rf.627966313706da3ec043b10235fccfd0.jpg,no_hand_detected,1
train,/content/American-Language-1/train/images/P19_jpg.rf.8347fccb0bb95b64cbcbbaf22b6e80d9.jpg,no_hand_detected,1
train,/content/American-Language-1/train/images/P19_jpg.rf.8ab66a6b6e18390ed31edb7008e891e9.jpg,no_hand_detected,1
train,/content/American-Language-1/train/images/P19_jpg.rf.93ead9940ed7f72660fb8f0e715db3a8.jpg,no_hand_detected,1
train,/content/American-Language-1/train/images/P19_jpg.rf.b70e57e71c10b2b7275bd870d66b7ae3.jpg,no_hand_detected,1
train,/content/American-Language-1/train/images/P19_jpg.rf.e83f57478fffb542cd10d4275d479859.jpg,no_hand_detected,1
train,/content/American-Language-1/train/images/P20_jpg.rf.3b85ee1b3c73f47b1fdcb25171192e2a.jpg,no_hand_detected,1
train,/content/American-Language-1/train/images/P20_jpg.rf.7ea487fa6cd8cef665995fb589450269.jpg,no_hand_detected,1
train,/content/American-Language-1/train/images/P20_jpg.rf.9abdf6053a506b586084e00b2db1b3f8.jpg,no_hand_detected,1
train,/content/American-Language-1/train/images/P24_jpg.rf.c02e5cbea3d0a6bbcc0987c6a63d967a.jpg,no_hand_detected,1
train,/content/American-Language-1/train/images/P3_jpg.rf.3ec5362618226418bc219f56432fadaa.jpg,no_hand_detected,1
train,/content/American-Language-1/train/images/P3_jpg.rf.ac4af6a3cf0174330f41566881b5c059.jpg,no_hand_detected,1
train,/content/American-Language-1/train/images/P3_jpg.rf.b1a49702fdaeaa0e4f70362296aabad9.jpg,no_hand_detected,1
train,/content/American-Language-1/train/images/P5_jpg.rf.2a3dd2e6ce238fad17f75d626edf5474.jpg,no_hand_detected,1
train,/content/American-Language-1/train/images/P6_jpg.rf.429f45be0cffc0efb484d4b75d4123c8.jpg,no_hand_detected,1
train,/content/American-Language-1/train/images/P6_jpg.rf.5c5e54045361d4b08fa2284ecb8449a9.jpg,no_hand_detected,1
train,/content/American-Language-1/train/images/P6_jpg.rf.96a45993679bde75907f6a83953b3ec6.jpg,no_hand_detected,1
train,/content/American-Language-1/train/images/P7_jpg.rf.8645280c4e7383b55dda0a928d01af4b.jpg,no_hand_detected,1
train,/content/American-Language-1/train/images/P7_jpg.rf.c034cb827c9f2028581d6a94a2e2a1b0.jpg,no_hand_detected,1
train,/content/American-Language-1/train/images/Q-1-_jpeg.rf.211a200f50c1c12e29da3a9e55c3d13c.jpg,no_hand_detected,1
train,/content/American-Language-1/train/images/Q-1-_jpeg.rf.4ba398ffaba8ef3754df7588cd5eb410.jpg,no_hand_detected,1
train,/content/American-Language-1/train/images/Q-1-_jpeg.rf.c68d4fbf21becb3d55d25fe743118f80.jpg,no_hand_detected,1
train,/content/American-Language-1/train/images/Q-10-_jpeg.rf.6395e35e3aa4d2988d258ce348e75cf0.jpg,no_hand_detected,1
train,/content/American-Language-1/train/images/Q-10-_jpeg.rf.781a9fa9c1ddaea1708170cb498c895a.jpg,no_hand_detected,1
train,/content/American-Language-1/train/images/Q-10-_jpeg.rf.899fed5ac9eeacf63d6998bb847d5b76.jpg,no_hand_detected,1
train,/content/American-Language-1/train/images/Q-11-_jpeg.rf.646af55a3a13a05549ba04b5991576f8.jpg,no_hand_detected,1
train,/content/American-Language-1/train/images/Q-11-_jpeg.rf.7389ffd32679f0592a8a5fcd16c3d940.jpg,no_hand_detected,1
train,/content/American-Language-1/train/images/Q-11-_jpeg.rf.ae248e213ffe5a090ec6fa4357acc9e4.jpg,no_hand_detected,1
train,/content/American-Language-1/train/images/Q-12-_jpeg.rf.0c21396c75fa622bb8754b84ddd15f9f.jpg,no_hand_detected,1
train,/content/American-Language-1/train/images/Q-12-_jpeg.rf.3472257ca236949216e23cf9bc638999.jpg,no_hand_detected,1
train,/content/American-Language-1/train/images/Q-12-_jpeg.rf.ca39c668388c93f38fdc207712477c34.jpg,no_hand_detected,1
train,/content/American-Language-1/train/images/Q-13-_jpeg.rf.6cbc83c89d28c6e87c47e43706332256.jpg,no_hand_detected,1
train,/content/American-Language-1/train/images/Q-13-_jpeg.rf.84b166e7b87ac4c77f3c516a040bf852.jpg,no_hand_detected,1
train,/content/American-Language-1/train/images/Q-13-_jpeg.rf.a1eff568b2e6366dd5bc64a57337ade9.jpg,no_hand_detected,1
train,/content/American-Language-1/train/images/Q-14-_jpeg.rf.22b8fd71ca6fa66b2a74fce1e014ccd6.jpg,no_hand_detected,1
train,/content/American-Language-1/train/images/Q-14-_jpeg.rf.98a89e971b34b337693774a71b7c43b2.jpg,no_hand_detected,1
train,/content/American-Language-1/train/images/Q-14-_jpeg.rf.ee7dd16c63939562e4bd86d504974670.jpg,no_hand_detected,1
train,/content/American-Language-1/train/images/Q-16-_jpeg.rf.0ea7e92e72daf5eb612a51c3a777bc6a.jpg,no_hand_detected,1
train,/content/American-Language-1/train/images/Q-16-_jpeg.rf.8a2da64fadeed80a66afe205f9141975.jpg,no_hand_detected,1
train,/content/American-Language-1/train/images/Q-16-_jpeg.rf.9fc87a322ae8a60af9fa2ca14a734451.jpg,no_hand_detected,1
train,/content/American-Language-1/train/images/Q-17-_jpeg.rf.01daee591052349065e423e4b8d19607.jpg,no_hand_detected,1
train,/content/American-Language-1/train/images/Q-17-_jpeg.rf.54f92d4690d059ce79d7c58157293285.jpg,no_hand_detected,1
train,/content/American-Language-1/train/images/Q-17-_jpeg.rf.bd0a2b61ef6319a03ee992ebba0be0c0.jpg,no_hand_detected,1
train,/content/American-Language-1/train/images/Q-18-_jpeg.rf.04b479f72f2d10cd774bfb41888746db.jpg,no_hand_detected,1
train,/content/American-Language-1/train/images/Q-18-_jpeg.rf.13176585f6e7c4e0d37189b29f44de82.jpg,no_hand_detected,1
train,/content/American-Language-1/train/images/Q-18-_jpeg.rf.f2bf941d1362991c58f0be5dee124900.jpg,no_hand_detected,1
train,/content/American-Language-1/train/images/Q-19-_jpeg.rf.62647a6f76129cc9fd2b871f36f0a8de.jpg,no_hand_detected,1
train,/content/American-Language-1/train/images/Q-19-_jpeg.rf.a1b8d8810404d7c044eca69d6fbfba18.jpg,no_hand_detected,1
train,/content/American-Language-1/train/images/Q-19-_jpeg.rf.ef5f414904687f7aa4e91f6fce91b373.jpg,no_hand_detected,1
train,/content/American-Language-1/train/images/Q-2-_jpeg.rf.300f9daba4b2e2ae96b2a4f79625950f.jpg,no_hand_detected,1
train,/content/American-Language-1/train/images/Q-2-_jpeg.rf.4de01141afd4fc54f93f410da5d35226.jpg,no_hand_detected,1
train,/content/American-Language-1/train/images/Q-2-_jpeg.rf.bb743bd7802c8ef88fc66812af927bae.jpg,no_hand_detected,1
train,/content/American-Language-1/train/images/Q-20-_jpeg.rf.5a8c102645a789d22dc7b2e17cd56587.jpg,no_hand_detected,1
train,/content/American-Language-1/train/images/Q-20-_jpeg.rf.5ef1fe914a9f8bea0d6e6e5f19e383f3.jpg,no_hand_detected,1
train,/content/American-Language-1/train/images/Q-20-_jpeg.rf.f10c31391720301837fb176513197762.jpg,no_hand_detected,1
train,/content/American-Language-1/train/images/Q-21-_jpeg.rf.6e3b296c8be80897938502eb4b600dde.jpg,no_hand_detected,1
train,/content/American-Language-1/train/images/Q-21-_jpeg.rf.8f6fefebb0fe16e1a3d6a4a8fddc4a47.jpg,no_hand_detected,1
train,/content/American-Language-1/train/images/Q-21-_jpeg.rf.fe837ffbceb8aafaf9417776b523df2b.jpg,no_hand_detected,1
train,/content/American-Language-1/train/images/Q-22-_jpeg.rf.5376933f3be6752cea9bb62c5f687079.jpg,no_hand_detected,1
train,/content/American-Language-1/train/images/Q-22-_jpeg.rf.7ea0942095fb68ee91036532f80d18da.jpg,no_hand_detected,1
train,/content/American-Language-1/train/images/Q-22-_jpeg.rf.a4a15cca993d91d23d521cb7b8995665.jpg,no_hand_detected,1
train,/content/American-Language-1/train/images/Q-23-_jpeg.rf.20351ae39878e7db8733c5edef805c75.jpg,no_hand_detected,1
train,/content/American-Language-1/train/images/Q-23-_jpeg.rf.85f59d8471a5a8ed20c63ab6dbb5f672.jpg,no_hand_detected,1
train,/content/American-Language-1/train/images/Q-23-_jpeg.rf.8ea770dab8988c4c62c511899db11a10.jpg,no_hand_detected,1
train,/content/American-Language-1/train/images/Q-24-_jpeg.rf.1056322003aa220fac66644172aa5233.jpg,no_hand_detected,1
train,/content/American-Language-1/train/images/Q-24-_jpeg.rf.39a5924bdaa51be3cac9c6ef2810a280.jpg,no_hand_detected,1
train,/content/American-Language-1/train/images/Q-24-_jpeg.rf.4aa4ae4d018c9dedc33075069ccbbc3e.jpg,no_hand_detected,1
train,/content/American-Language-1/train/images/Q-27-_jpeg.rf.c5171a735a0628c1b913b5f677ee5155.jpg,no_hand_detected,1
train,/content/American-Language-1/train/images/Q-29-_jpeg.rf.791d626f613fb134507577bd8d175280.jpg,no_hand_detected,1
train,/content/American-Language-1/train/images/Q-29-_jpeg.rf.901c754c77f4fe15005e5bc9eefb964d.jpg,no_hand_detected,1
train,/content/American-Language-1/train/images/Q-29-_jpeg.rf.f15e0e1c28268c16f5487d24d7ffaa58.jpg,no_hand_detected,1
train,/content/American-Language-1/train/images/Q-32-_jpeg.rf.6f6596968353bbc3cb5890303695b28a.jpg,no_hand_detected,1
train,/content/American-Language-1/train/images/Q-35-_jpeg.rf.3eace49b6be7ec705f351704428e211e.jpg,no_hand_detected,1
train,/content/American-Language-1/train/images/Q-35-_jpeg.rf.4e1e00793aa670e352525ff89fcc3b1f.jpg,no_hand_detected,1
train,/content/American-Language-1/train/images/Q-35-_jpeg.rf.ff05d38c8ad6a3f9f90428a5264898d0.jpg,no_hand_detected,1
train,/content/American-Language-1/train/images/Q-36-_jpeg.rf.1c2584b7e3b7a7a2b778b91ad7b3f6f8.jpg,no_hand_detected,1
train,/content/American-Language-1/train/images/Q-36-_jpeg.rf.80dbb703c5730ab00e885e35f2775788.jpg,no_hand_detected,1
train,/content/American-Language-1/train/images/Q-36-_jpeg.rf.b35ffbf951ad3699dca1214d71be0318.jpg,no_hand_detected,1
train,/content/American-Language-1/train/images/Q-37-_jpeg.rf.2a4139fcce7849ed88a94aab35275a35.jpg,no_hand_detected,1
train,/content/American-Language-1/train/images/Q-37-_jpeg.rf.9ccd749abb8b7aab1f58dc199d34b377.jpg,no_hand_detected,1
train,/content/American-Language-1/train/images/Q-38-_jpeg.rf.19f2a450eb34bbcaad7c828ab0fe0ad1.jpg,no_hand_detected,1
train,/content/American-Language-1/train/images/Q-38-_jpeg.rf.1ed30f9287fb437ef23a8453f82abb9c.jpg,no_hand_detected,1
train,/content/American-Language-1/train/images/Q-38-_jpeg.rf.fd0767e99e99ec98fad2c97e92191294.jpg,no_hand_detected,1
train,/content/American-Language-1/train/images/Q-39-_jpeg.rf.9bce7236be8cf339fb250905a8ef8ddb.jpg,no_hand_detected,1
train,/content/American-Language-1/train/images/Q-39-_jpeg.rf.ed9407ee6ef422d2d7f5e1af4cbee7ff.jpg,no_hand_detected,1
train,/content/American-Language-1/train/images/Q-4-_jpeg.rf.0a03c611066f8444e4c21fad061c8ff0.jpg,no_hand_detected,1
train,/content/American-Language-1/train/images/Q-4-_jpeg.rf.354a6280c70c69a3dbeef21053407175.jpg,no_hand_detected,1
train,/content/American-Language-1/train/images/Q-4-_jpeg.rf.71e0db69d0e1d42c1f0e0432084f465b.jpg,no_hand_detected,1
train,/content/American-Language-1/train/images/Q-41-_jpeg.rf.2a6f804fbb82af5bc3233b8e68d00c15.jpg,no_hand_detected,1
train,/content/American-Language-1/train/images/Q-41-_jpeg.rf.3a0340c2623e0cf0172370b380ae5851.jpg,no_hand_detected,1
train,/content/American-Language-1/train/images/Q-41-_jpeg.rf.5f674550e790e539d01aa7a059a896cf.jpg,no_hand_detected,1
train,/content/American-Language-1/train/images/Q-45-_jpeg.rf.61f399a79fb210e3f72aba60b1b5f86e.jpg,no_hand_detected,1
train,/content/American-Language-1/train/images/Q-49-_jpeg.rf.3d4ec36fd0025978ba12d3c5b6bd4335.jpg,no_hand_detected,1
train,/content/American-Language-1/train/images/Q-5-_jpeg.rf.4482203021b4e79a763b0615aff00bd0.jpg,no_hand_detected,1
train,/content/American-Language-1/train/images/Q-5-_jpeg.rf.7c28ecaa69d1d573f7ccb7f435211855.jpg,no_hand_detected,1
train,/content/American-Language-1/train/images/Q-5-_jpeg.rf.848b639c1f4cd2347a406084a668ca18.jpg,no_hand_detected,1
train,/content/American-Language-1/train/images/Q-51-_jpeg.rf.02fd24dc78237326359569bd73729447.jpg,no_hand_detected,1
train,/content/American-Language-1/train/images/Q-51-_jpeg.rf.50f72c92ff7876b015583a9af00df5cf.jpg,no_hand_detected,1
train,/content/American-Language-1/train/images/Q-51-_jpeg.rf.e9095720243e748131a7c771f29f25f5.jpg,no_hand_detected,1
train,/content/American-Language-1/train/images/Q-54-_jpeg.rf.1c6980f5f9da44c8401efab1af7c46f9.jpg,no_hand_detected,1
train,/content/American-Language-1/train/images/Q-54-_jpeg.rf.6d3982c37b05d2e0e06a17b31891957c.jpg,no_hand_detected,1
train,/content/American-Language-1/train/images/Q-54-_jpeg.rf.c3021386081a5d2fcfa40e2ee7be4605.jpg,no_hand_detected,1
train,/content/American-Language-1/train/images/Q-55-_jpeg.rf.5e1ad3ea6d3c79dd71b882c9e23d3cb9.jpg,no_hand_detected,1
train,/content/American-Language-1/train/images/Q-55-_jpeg.rf.6e5f24c2ad819624e148b63fd8129e2b.jpg,no_hand_detected,1
train,/content/American-Language-1/train/images/Q-55-_jpeg.rf.b85f7de0645f50c45f7cb9b3215b7a20.jpg,no_hand_detected,1
train,/content/American-Language-1/train/images/Q-56-_jpeg.rf.4006ed133a98a562a8940689f24471fb.jpg,no_hand_detected,1
train,/content/American-Language-1/train/images/Q-56-_jpeg.rf.8b4eee98ccacc33267e0f40d47fdc3f3.jpg,no_hand_detected,1
train,/content/American-Language-1/train/images/Q-56-_jpeg.rf.922acb5b7bb6ad7899811c85eeb83a9e.jpg,no_hand_detected,1
train,/content/American-Language-1/train/images/Q-57-_jpeg.rf.08511db88a03e0181bd92cdd0ef776bb.jpg,no_hand_detected,1
train,/content/American-Language-1/train/images/Q-57-_jpeg.rf.93870f7047ae6bd941b68b3e42557ed2.jpg,no_hand_detected,1
train,/content/American-Language-1/train/images/Q-57-_jpeg.rf.ba7003dcbf07b347b8b9befad69e53a3.jpg,no_hand_detected,1
train,/content/American-Language-1/train/images/Q-58-_jpeg.rf.1afe549dc6faa742d126588d66c2c7fb.jpg,no_hand_detected,1
train,/content/American-Language-1/train/images/Q-58-_jpeg.rf.d99abafe90acd4ee811089e33b505379.jpg,no_hand_detected,1
train,/content/American-Language-1/train/images/Q-59-_jpeg.rf.07e3202dd6cb110519a0f00cf60fd633.jpg,no_hand_detected,1
train,/content/American-Language-1/train/images/Q-59-_jpeg.rf.7468407c900e1e86e7aa0a8ab5fffe98.jpg,no_hand_detected,1
train,/content/American-Language-1/train/images/Q-59-_jpeg.rf.fc92ef0b910644ee325a235341fb185a.jpg,no_hand_detected,1
train,/content/American-Language-1/train/images/Q-6-_jpeg.rf.30deb35a4dcd58436313c9b4b8bb73f8.jpg,no_hand_detected,1
train,/content/American-Language-1/train/images/Q-6-_jpeg.rf.a222d2d86612c8a1cc1d28e62ed12f67.jpg,no_hand_detected,1
train,/content/American-Language-1/train/images/Q-6-_jpeg.rf.b3e4661602194360383a53221837c4d8.jpg,no_hand_detected,1
train,/content/American-Language-1/train/images/Q-60-_jpeg.rf.3e1a4b1c96a080007e9ccd5481faeb17.jpg,no_hand_detected,1
train,/content/American-Language-1/train/images/Q-60-_jpeg.rf.9b674c867bb1fa676099e3838ed560a3.jpg,no_hand_detected,1
train,/content/American-Language-1/train/images/Q-60-_jpeg.rf.fa56c2cb0fb77c95fd86dbee7ce81f51.jpg,no_hand_detected,1
train,/content/American-Language-1/train/images/Q-61-_jpeg.rf.1efc4ab7933828b9615cf0127f5aeb8d.jpg,no_hand_detected,1
train,/content/American-Language-1/train/images/Q-61-_jpeg.rf.4aef45f3d51ad364a3568a59e8eba211.jpg,no_hand_detected,1
train,/content/American-Language-1/train/images/Q-61-_jpeg.rf.64c70ade97eec7f4959f4c3f05b1447a.jpg,no_hand_detected,1
train,/content/American-Language-1/train/images/Q-62-_jpeg.rf.87537bcde23a5dadecdd4b88004f1fa6.jpg,no_hand_detected,1
train,/content/American-Language-1/train/images/Q-62-_jpeg.rf.a6683085784d524286fe924382ff3a76.jpg,no_hand_detected,1
train,/content/American-Language-1/train/images/Q-62-_jpeg.rf.c27a29c6f5cd0df6a88cbd126df0b34d.jpg,no_hand_detected,1
train,/content/American-Language-1/train/images/Q-63-_jpeg.rf.1bf1b8ad5de618522ba9e094fef63228.jpg,no_hand_detected,1
train,/content/American-Language-1/train/images/Q-63-_jpeg.rf.238f9389b3a6e41c2cc17cb375aae0ef.jpg,no_hand_detected,1
train,/content/American-Language-1/train/images/Q-63-_jpeg.rf.8e17427fcd159c501f36dae8079f73a7.jpg,no_hand_detected,1
train,/content/American-Language-1/train/images/Q-65-_jpeg.rf.2f0d3204e0f9367b95e65b6e2fe09d81.jpg,no_hand_detected,1
train,/content/American-Language-1/train/images/Q-65-_jpeg.rf.9c498db126a34674c2c0a6933b1496dc.jpg,no_hand_detected,1
train,/content/American-Language-1/train/images/Q-65-_jpeg.rf.b58779377568b73815a2541df3f6d1fe.jpg,no_hand_detected,1
train,/content/American-Language-1/train/images/Q-67-_jpeg.rf.a087b51afcb6cde2486bcef6b02b7cb1.jpg,no_hand_detected,1
train,/content/American-Language-1/train/images/Q-67-_jpeg.rf.ca46316b411e15b84a2c4350ad70b3fc.jpg,no_hand_detected,1
train,/content/American-Language-1/train/images/Q-68-_jpeg.rf.3f4bcec739dc26ca220c86b52ebae630.jpg,no_hand_detected,1
train,/content/American-Language-1/train/images/Q-68-_jpeg.rf.a4e7e04b1bd8285579c6b56d13b6cebd.jpg,no_hand_detected,1
train,/content/American-Language-1/train/images/Q-68-_jpeg.rf.b71c345dd90220e6e8732b3457a6936f.jpg,no_hand_detected,1
train,/content/American-Language-1/train/images/Q-69-_jpeg.rf.17d0105190385c7fdeddce2e8b8b0574.jpg,no_hand_detected,1
train,/content/American-Language-1/train/images/Q-69-_jpeg.rf.7ef9af9b78c503bbc40626929346dc08.jpg,no_hand_detected,1
train,/content/American-Language-1/train/images/Q-69-_jpeg.rf.7f91c2af95031126acf656f02ff78b8d.jpg,no_hand_detected,1
train,/content/American-Language-1/train/images/Q-8-_jpeg.rf.5185e40e7067840476b8f952050c174b.jpg,no_hand_detected,1
train,/content/American-Language-1/train/images/Q-8-_jpeg.rf.97788bde6a7abc23770db4e72b4b36c0.jpg,no_hand_detected,1
train,/content/American-Language-1/train/images/Q-8-_jpeg.rf.9c9085f91c8305c1aa879dbf8316b103.jpg,no_hand_detected,1
train,/content/American-Language-1/train/images/Q-9-_jpeg.rf.1bf2e6b943c96da48abdaa6aa3543462.jpg,no_hand_detected,1
train,/content/American-Language-1/train/images/Q-9-_jpeg.rf.3ca5762be9b0b7b44a6cc22ff3102a22.jpg,no_hand_detected,1
train,/content/American-Language-1/train/images/Q-9-_jpeg.rf.de491b2cfd0ba40a4b910723ca85d194.jpg,no_hand_detected,1
train,/content/American-Language-1/train/images/Q0_jpg.rf.06e5be876a04a4a529b4ede39ebf114a.jpg,no_hand_detected,1
train,/content/American-Language-1/train/images/Q11_jpg.rf.2ae435c38ffce34b14bdee86531c08bd.jpg,no_hand_detected,1
train,/content/American-Language-1/train/images/Q11_jpg.rf.d1cf19ca2d968113627069c2063c6bdb.jpg,no_hand_detected,1
train,/content/American-Language-1/train/images/Q11_jpg.rf.f1e4d77209e93345f8f2ce2a4f932133.jpg,no_hand_detected,1
train,/content/American-Language-1/train/images/Q12_jpg.rf.1afb09e17744839ac59d2b7c360200d1.jpg,no_hand_detected,1
train,/content/American-Language-1/train/images/Q12_jpg.rf.3013acce6a281c1f99cd8210feb3a0ee.jpg,no_hand_detected,1
train,/content/American-Language-1/train/images/Q12_jpg.rf.5af54fc8bed909000adadf8c95993c05.jpg,no_hand_detected,1
train,/content/American-Language-1/train/images/Q12_jpg.rf.b7fb3937c53e1028b213b7b925d83ed6.jpg,no_hand_detected,1
train,/content/American-Language-1/train/images/Q12_jpg.rf.bb6dd8a3fa402497548b8c894416183d.jpg,no_hand_detected,1
train,/content/American-Language-1/train/images/Q12_jpg.rf.ea151f94d29722011ba42a507f8c78f2.jpg,no_hand_detected,1
train,/content/American-Language-1/train/images/Q13_jpg.rf.5021f18efde28178fb61762a783584a8.jpg,no_hand_detected,1
train,/content/American-Language-1/train/images/Q13_jpg.rf.6f8e4bd534e9270660934b750d60ef1f.jpg,no_hand_detected,1
train,/content/American-Language-1/train/images/Q13_jpg.rf.a758002d9fc88049e368f01ce4a3554b.jpg,no_hand_detected,1
train,/content/American-Language-1/train/images/Q13_jpg.rf.ab96d68c5c29b24b802e943826ebffb2.jpg,no_hand_detected,1
train,/content/American-Language-1/train/images/Q13_jpg.rf.e5cba0d2bcc8bf2ad3b779d499dc387c.jpg,no_hand_detected,1
train,/content/American-Language-1/train/images/Q13_jpg.rf.e804b7750b2e2b9c47ef7f952a4276eb.jpg,no_hand_detected,1
train,/content/American-Language-1/train/images/Q14_jpg.rf.0cdd789bb10cd8371d0e62f8ee24cbb2.jpg,no_hand_detected,1
train,/content/American-Language-1/train/images/Q14_jpg.rf.2b2e9fd3f15140a1c9d927ba48344954.jpg,no_hand_detected,1
train,/content/American-Language-1/train/images/Q14_jpg.rf.4f507bfb5d8274007c60a35ddc5c740a.jpg,no_hand_detected,1
train,/content/American-Language-1/train/images/Q14_jpg.rf.8671803b5e847407d4f29a99ccf4091f.jpg,no_hand_detected,1
train,/content/American-Language-1/train/images/Q14_jpg.rf.8fc00909d892ed80775d39c16b0a3903.jpg,no_hand_detected,1
train,/content/American-Language-1/train/images/Q14_jpg.rf.a2453507edd9bf1851c45a90a9c5c491.jpg,no_hand_detected,1
train,/content/American-Language-1/train/images/Q14_jpg.rf.c7229ad9c253382a4548ef62fff48ecc.jpg,no_hand_detected,1
train,/content/American-Language-1/train/images/Q14_jpg.rf.f6732fc2e905d4b4e3e1c0de3e5afdd0.jpg,no_hand_detected,1
train,/content/American-Language-1/train/images/Q14_jpg.rf.fd3949e3cd0340ed5cde8cb48dcba4fc.jpg,no_hand_detected,1
train,/content/American-Language-1/train/images/Q15_jpg.rf.03310d806a9d82b56616bba8093e7af8.jpg,no_hand_detected,1
train,/content/American-Language-1/train/images/Q15_jpg.rf.1668ea64ea11ef82e5b43f26c662226a.jpg,no_hand_detected,1
train,/content/American-Language-1/train/images/Q15_jpg.rf.19a5edb61fe75b8c7955cdc3242aa3d2.jpg,no_hand_detected,1
train,/content/American-Language-1/train/images/Q15_jpg.rf.3ca1b0dc6acefcc22482e1a0216972bb.jpg,no_hand_detected,1
train,/content/American-Language-1/train/images/Q15_jpg.rf.74459cdf58e7c0fc71dd08c7d38be76c.jpg,no_hand_detected,1
train,/content/American-Language-1/train/images/Q15_jpg.rf.d850e9f4c45dfd366c4520513af533bd.jpg,no_hand_detected,1
train,/content/American-Language-1/train/images/Q16_jpg.rf.68f95e1c7e47ec7516e354a3d69ec3e0.jpg,no_hand_detected,1
train,/content/American-Language-1/train/images/Q16_jpg.rf.7e0428ca294fd1ee2b81225c7248748f.jpg,no_hand_detected,1
train,/content/American-Language-1/train/images/Q16_jpg.rf.ea78f744b2f43651a4376643ae0f51d4.jpg,no_hand_detected,1
train,/content/American-Language-1/train/images/Q16_jpg.rf.fda7763d01dc324aab69d681b720b816.jpg,no_hand_detected,1
train,/content/American-Language-1/train/images/Q17_jpg.rf.4e5c3fcecc21333b723c9f7747ba03f2.jpg,no_hand_detected,1
train,/content/American-Language-1/train/images/Q17_jpg.rf.902726dc438ed8f91b701b102d605b3a.jpg,no_hand_detected,1
train,/content/American-Language-1/train/images/Q17_jpg.rf.f67116b17bb1260211559bac983a6549.jpg,no_hand_detected,1
train,/content/American-Language-1/train/images/Q19_jpg.rf.93c64c7e2897b6b31939ebbd17680123.jpg,no_hand_detected,1
train,/content/American-Language-1/train/images/Q23_jpg.rf.3260759b47196ce047afae56fc4e9a77.jpg,no_hand_detected,1
train,/content/American-Language-1/train/images/Q23_jpg.rf.4b7a6dc9596e8563dfa56e400968fff5.jpg,no_hand_detected,1
train,/content/American-Language-1/train/images/Q25_jpg.rf.18dafc7223b339f317d90083fa29324e.jpg,no_hand_detected,1
train,/content/American-Language-1/train/images/Q25_jpg.rf.21d690b6ca2aa67ed6a8a060f376944d.jpg,no_hand_detected,1
train,/content/American-Language-1/train/images/Q25_jpg.rf.63b939421b281ea425a9bdfa17c3d521.jpg,no_hand_detected,1
train,/content/American-Language-1/train/images/Q25_jpg.rf.8cb1e4e37bd1cbdd562e657fa26e40a0.jpg,no_hand_detected,1
train,/content/American-Language-1/train/images/Q25_jpg.rf.aecdc5ca00b99332d27ee8fc6230f548.jpg,no_hand_detected,1
train,/content/American-Language-1/train/images/Q2_jpg.rf.4334bb5917a41d5eaca24501664eb144.jpg,no_hand_detected,1
train,/content/American-Language-1/train/images/Q2_jpg.rf.6bb05a03f976373995b206fd121ade92.jpg,no_hand_detected,1
train,/content/American-Language-1/train/images/Q2_jpg.rf.6eb80a1b2811d0776176bf5bec8aa756.jpg,no_hand_detected,1
train,/content/American-Language-1/train/images/Q2_jpg.rf.d0eebbeb76188f2e35ae356b03fd6c3c.jpg,no_hand_detected,1
train,/content/American-Language-1/train/images/Q3_jpg.rf.0bd821b0415fdd947f8250efa04eee47.jpg,no_hand_detected,1
train,/content/American-Language-1/train/images/Q3_jpg.rf.182c87eb7678d0549a768e51432e0b5d.jpg,no_hand_detected,1
train,/content/American-Language-1/train/images/Q3_jpg.rf.7366dda571529d5766f582f57209d9f1.jpg,no_hand_detected,1
train,/content/American-Language-1/train/images/Q3_jpg.rf.980ccff0d61be1bd1219ac038cd400ad.jpg,no_hand_detected,1
train,/content/American-Language-1/train/images/Q3_jpg.rf.b5adc47c69b3b4fbd24d58ca8740816f.jpg,no_hand_detected,1
train,/content/American-Language-1/train/images/Q3_jpg.rf.db5cef3cb00031dc5590b836afe317fc.jpg,no_hand_detected,1
train,/content/American-Language-1/train/images/Q3_jpg.rf.f6665836580442a23d5f3702bcea6fe0.jpg,no_hand_detected,1
train,/content/American-Language-1/train/images/Q4_jpg.rf.00042b971729db3f303d55663c737246.jpg,no_hand_detected,1
train,/content/American-Language-1/train/images/Q4_jpg.rf.27476c8b61f976a7f0e4969e8936aeae.jpg,no_hand_detected,1
train,/content/American-Language-1/train/images/Q4_jpg.rf.33e4d6a7a4603ff80c68f02381adc30e.jpg,no_hand_detected,1
train,/content/American-Language-1/train/images/Q4_jpg.rf.4177bc23f8abf9be0cdc00de87ecd20e.jpg,no_hand_detected,1
train,/content/American-Language-1/train/images/Q4_jpg.rf.5679b58f34d3c9c85170dcc9343a49d8.jpg,no_hand_detected,1
train,/content/American-Language-1/train/images/Q4_jpg.rf.fb4ae1f1ae6740b42c52abf1daeec022.jpg,no_hand_detected,1
train,/content/American-Language-1/train/images/Q5_jpg.rf.1c4c98cb2cf5412bc22c5ec34ae4a0aa.jpg,no_hand_detected,1
train,/content/American-Language-1/train/images/Q5_jpg.rf.2a7951c828d6ac0a91df8706241a782a.jpg,no_hand_detected,1
train,/content/American-Language-1/train/images/Q5_jpg.rf.6e19efaf18ca64ab57c5fc4f20256acf.jpg,no_hand_detected,1
train,/content/American-Language-1/train/images/Q5_jpg.rf.e48180fde67b876e7191dae45543edb8.jpg,no_hand_detected,1
train,/content/American-Language-1/train/images/Q6_jpg.rf.025c0a79f5119232073ace23f1942d6f.jpg,no_hand_detected,1
train,/content/American-Language-1/train/images/Q6_jpg.rf.47bdbafbbef02978195b6a521c62d1fc.jpg,no_hand_detected,1
train,/content/American-Language-1/train/images/Q6_jpg.rf.571bbc26950ef16d5b1b1c93816975bd.jpg,no_hand_detected,1
train,/content/American-Language-1/train/images/Q6_jpg.rf.71decb025448d37c05396b4212625c0d.jpg,no_hand_detected,1
train,/content/American-Language-1/train/images/Q6_jpg.rf.81bbf802765eb72b49f42f86c14cea0b.jpg,no_hand_detected,1
train,/content/American-Language-1/train/images/Q6_jpg.rf.9da00a06d050ad4e379856f3b244f4f8.jpg,no_hand_detected,1
train,/content/American-Language-1/train/images/Q6_jpg.rf.b5ee3aeb6bd6342cbbafe7879547698b.jpg,no_hand_detected,1
train,/content/American-Language-1/train/images/Q6_jpg.rf.f337cab7963fd6840baf80275a7e60ed.jpg,no_hand_detected,1
train,/content/American-Language-1/train/images/R-11-_jpeg.rf.9ac0d7357ce05020f2fb3d64e2a1bc41.jpg,no_hand_detected,1
train,/content/American-Language-1/train/images/R-11-_jpeg.rf.a8444ad5fe8a7702807c0ad1a92fc452.jpg,no_hand_detected,1
train,/content/American-Language-1/train/images/R-11-_jpeg.rf.b7a541f8168d76f4a91e2f12d8e875d3.jpg,no_hand_detected,1
train,/content/American-Language-1/train/images/R-12-_jpeg.rf.53cdbb04b62147de514b621361999842.jpg,no_hand_detected,1
train,/content/American-Language-1/train/images/R-12-_jpeg.rf.8ef0b6f9fbcb7b5c21ce10561e2cc1e2.jpg,no_hand_detected,1
train,/content/American-Language-1/train/images/R-13-_jpeg.rf.6c9983a432f10447c08a44c4ddd397ef.jpg,no_hand_detected,1
train,/content/American-Language-1/train/images/R-13-_jpeg.rf.898d4ee2b43abd722f5d80f4d92bfde8.jpg,no_hand_detected,1
train,/content/American-Language-1/train/images/R-13-_jpeg.rf.953ea33382127db18860f79dae28c985.jpg,no_hand_detected,1
train,/content/American-Language-1/train/images/R-14-_jpeg.rf.20aa4f956687a45833e2d6b472d606a3.jpg,no_hand_detected,1
train,/content/American-Language-1/train/images/R-14-_jpeg.rf.3e38dfb0e122bf966dc7a5e8258411d4.jpg,no_hand_detected,1
train,/content/American-Language-1/train/images/R-14-_jpeg.rf.d279d58435249096806df9160bb79c6d.jpg,no_hand_detected,1
train,/content/American-Language-1/train/images/R-15-_jpeg.rf.9358af68a3b961db68fddd9d5c97817b.jpg,no_hand_detected,1
train,/content/American-Language-1/train/images/R-15-_jpeg.rf.993fbbbc70b58a346f90cdf4bb726788.jpg,no_hand_detected,1
train,/content/American-Language-1/train/images/R-15-_jpeg.rf.b4c107adbd02bc0513944bb9c7a5b580.jpg,no_hand_detected,1
train,/content/American-Language-1/train/images/R-17-_jpeg.rf.11a27bce542980d8d9d1cf47878cd431.jpg,no_hand_detected,1
train,/content/American-Language-1/train/images/R-17-_jpeg.rf.5c73b9760ef2e8f129d856c96fa9aade.jpg,no_hand_detected,1
train,/content/American-Language-1/train/images/R-17-_jpeg.rf.965b2c54954f67698e20785039fc00d9.jpg,no_hand_detected,1
train,/content/American-Language-1/train/images/R-36-_jpeg.rf.4a9ccd67d47df29c815100e678fc65b8.jpg,no_hand_detected,1
train,/content/American-Language-1/train/images/R-37-_jpeg.rf.a3687fc070c452bd09fe5ef8b4dcc7eb.jpg,no_hand_detected,1
train,/content/American-Language-1/train/images/R-41-_jpeg.rf.5e1cef512da54398aac940ae6433e9b6.jpg,no_hand_detected,1
train,/content/American-Language-1/train/images/R-41-_jpeg.rf.8428034a6ed0cdee1d0fad07ffc1ed07.jpg,no_hand_detected,1
train,/content/American-Language-1/train/images/R-44-_jpeg.rf.2ceeb4e08d415a6ab0f8b883e36790a5.jpg,no_hand_detected,1
train,/content/American-Language-1/train/images/R-44-_jpeg.rf.8ad07aa2a933d2bfd66fa5bcd4ee21e6.jpg,no_hand_detected,1
train,/content/American-Language-1/train/images/R-44-_jpeg.rf.d850bda4bf8f86dad627b9765877d69d.jpg,no_hand_detected,1
train,/content/American-Language-1/train/images/R-62-_jpeg.rf.4e6d87192843a69e17272f6c48ce29c4.jpg,no_hand_detected,1
train,/content/American-Language-1/train/images/R-62-_jpeg.rf.917fd2b1f0887856e994747caf96a9d2.jpg,no_hand_detected,1
train,/content/American-Language-1/train/images/R-63-_jpeg.rf.19c3d2ddba1f8a49bae5bdf409a58d16.jpg,no_hand_detected,1
train,/content/American-Language-1/train/images/R-63-_jpeg.rf.ff7221642a98b09554d613ab22b40ae8.jpg,no_hand_detected,1
train,/content/American-Language-1/train/images/R-67-_jpeg.rf.11a65cdce5aece294e6a914fc0513261.jpg,no_hand_detected,1
train,/content/American-Language-1/train/images/R-7-_jpeg.rf.e4fa6a659fc84ad4a5a801fcecbdb273.jpg,no_hand_detected,1
train,/content/American-Language-1/train/images/R13_jpg.rf.771f439f7d47b2774f1c2dbcc5ae195d.jpg,no_hand_detected,1
train,/content/American-Language-1/train/images/R13_jpg.rf.85b41d4b40d1c06bbb42f5e18e9a2127.jpg,no_hand_detected,1
train,/content/American-Language-1/train/images/R13_jpg.rf.b4b14993fbd2cce42152c1ff12f1a92c.jpg,no_hand_detected,1
train,/content/American-Language-1/train/images/R13_jpg.rf.ca12ace8e234ceaa5afe06eb6e56e925.jpg,no_hand_detected,1
train,/content/American-Language-1/train/images/R13_jpg.rf.e88bb162ba2e3f33b05876f363890026.jpg,no_hand_detected,1
train,/content/American-Language-1/train/images/R14_jpg.rf.53e08b1a29a6098251f00b2de00cf210.jpg,no_hand_detected,1
train,/content/American-Language-1/train/images/R14_jpg.rf.a189bef8fe79a69e3c028680bf060d48.jpg,no_hand_detected,1
train,/content/American-Language-1/train/images/R14_jpg.rf.a99a626d494beba8ac893df824368b5f.jpg,no_hand_detected,1
train,/content/American-Language-1/train/images/R23_jpg.rf.333822160cd0eb347e46bf875c23da91.jpg,no_hand_detected,1
train,/content/American-Language-1/train/images/R23_jpg.rf.6e51296566138952b0c918447e99443f.jpg,no_hand_detected,1
train,/content/American-Language-1/train/images/R23_jpg.rf.6ffc00fc4b7c810beb67c38a8ebd514b.jpg,no_hand_detected,1
train,/content/American-Language-1/train/images/R23_jpg.rf.718146609b7d0a5c2dc7a3f476532a34.jpg,no_hand_detected,1
train,/content/American-Language-1/train/images/R23_jpg.rf.80e371a49d5ce4d65534a18d1b2ddc88.jpg,no_hand_detected,1
train,/content/American-Language-1/train/images/R23_jpg.rf.c61b76f0dba78bebb6b0ee92c6f59bd1.jpg,no_hand_detected,1
train,/content/American-Language-1/train/images/R23_jpg.rf.cc647f2509d8d0a0937afedf53377864.jpg,no_hand_detected,1
train,/content/American-Language-1/train/images/R23_jpg.rf.f027ee3ae35d264782c19a6421d04ef9.jpg,no_hand_detected,1
train,/content/American-Language-1/train/images/R23_jpg.rf.f3ff0427315f1273aa880f5dbdf66654.jpg,no_hand_detected,1
train,/content/American-Language-1/train/images/R4_jpg.rf.0e68d5013e978367056550ccb4048bec.jpg,no_hand_detected,1
train,/content/American-Language-1/train/images/R4_jpg.rf.212b28bc7a9b647b4aefd1f22145a159.jpg,no_hand_detected,1
train,/content/American-Language-1/train/images/R4_jpg.rf.2b62d56dc819aefe76cb96ca239be127.jpg,no_hand_detected,1
train,/content/American-Language-1/train/images/R4_jpg.rf.622c1ecd33f7740ced20cd1c1a7fe493.jpg,no_hand_detected,1
train,/content/American-Language-1/train/images/R4_jpg.rf.de44dcb5953d12297cfa1d824d50a6a2.jpg,no_hand_detected,1
train,/content/American-Language-1/train/images/R4_jpg.rf.f145050da7e896f31917e5b03c067d50.jpg,no_hand_detected,1
train,/content/American-Language-1/train/images/R9_jpg.rf.5c6a3950bc28ac1674059fc8a579e62b.jpg,no_hand_detected,1
train,/content/American-Language-1/train/images/R9_jpg.rf.6be9904a4e57146355eac2a63fb7cb16.jpg,no_hand_detected,1
train,/content/American-Language-1/train/images/R9_jpg.rf.f6a2a2650508f25bdf212bf5f1d6b1f4.jpg,no_hand_detected,1
train,/content/American-Language-1/train/images/S-1-_jpeg.rf.305039a176a92159e17054a108e53f9b.jpg,no_hand_detected,1
train,/content/American-Language-1/train/images/S-1-_jpeg.rf.588a298c4f7d31bc0157324cb43f3a97.jpg,no_hand_detected,1
train,/content/American-Language-1/train/images/S-1-_jpeg.rf.a6521f8ee642a4cd2815645ace5f6510.jpg,no_hand_detected,1
train,/content/American-Language-1/train/images/S-11-_jpeg.rf.2013303e881a4400fd8d834b4fe6b40d.jpg,no_hand_detected,1
train,/content/American-Language-1/train/images/S-11-_jpeg.rf.9563f852b8f2ff002e18a6b98e0255ca.jpg,no_hand_detected,1
train,/content/American-Language-1/train/images/S-11-_jpeg.rf.e6dd4f2c52215f8a7111a9ba5a12edf4.jpg,no_hand_detected,1
train,/content/American-Language-1/train/images/S-12-_jpeg.rf.4b856ff7f33599618d6c71a387770628.jpg,no_hand_detected,1
train,/content/American-Language-1/train/images/S-12-_jpeg.rf.d4eb105b429a802e62c4bd03e9473e6d.jpg,no_hand_detected,1
train,/content/American-Language-1/train/images/S-12-_jpeg.rf.f02ed95f89625cad22eec4dc3b42845f.jpg,no_hand_detected,1
train,/content/American-Language-1/train/images/S-13-_jpeg.rf.06e4f943eaab456f98cdb4211889a2fe.jpg,no_hand_detected,1
train,/content/American-Language-1/train/images/S-13-_jpeg.rf.810125298c73e7021f43670c6ab45854.jpg,no_hand_detected,1
train,/content/American-Language-1/train/images/S-13-_jpeg.rf.ad4fb8a3453f401a2a63a18d19db2daa.jpg,no_hand_detected,1
train,/content/American-Language-1/train/images/S-14-_jpeg.rf.1fcb829a8870c33e386573a510be6a8b.jpg,no_hand_detected,1
train,/content/American-Language-1/train/images/S-14-_jpeg.rf.596f9c5f89ec0d11d2130a45abc22a66.jpg,no_hand_detected,1
train,/content/American-Language-1/train/images/S-14-_jpeg.rf.9caab5a9c0419ab1b243285c92a9718e.jpg,no_hand_detected,1
train,/content/American-Language-1/train/images/S-17-_jpeg.rf.83f9a0ee9b8a55cb731bed918d6348d1.jpg,no_hand_detected,1
train,/content/American-Language-1/train/images/S-17-_jpeg.rf.90275ad6b0fa9132a4853188d37fac5c.jpg,no_hand_detected,1
train,/content/American-Language-1/train/images/S-17-_jpeg.rf.bf5f2b27fc8713d31652b7fbcb440dc8.jpg,no_hand_detected,1
train,/content/American-Language-1/train/images/S-18-_jpeg.rf.7f572457714a4b4c2c449800d06bfff8.jpg,no_hand_detected,1
train,/content/American-Language-1/train/images/S-18-_jpeg.rf.8331d9be8c826cb63e4167002f645a0f.jpg,no_hand_detected,1
train,/content/American-Language-1/train/images/S-18-_jpeg.rf.a2b038dbf304184a4c9f4e39f1642a3f.jpg,no_hand_detected,1
train,/content/American-Language-1/train/images/S-19-_jpeg.rf.2c5326b70635960ed148603993634fbf.jpg,no_hand_detected,1
train,/content/American-Language-1/train/images/S-19-_jpeg.rf.c9554a0a86bf535d1260fa5a2b1e82b6.jpg,no_hand_detected,1
train,/content/American-Language-1/train/images/S-19-_jpeg.rf.de3faeecae9a195c6d8cd17a67c9c504.jpg,no_hand_detected,1
train,/content/American-Language-1/train/images/S-2-_jpeg.rf.7a7c1aaf174eac54c72589d7d02e9911.jpg,no_hand_detected,1
train,/content/American-Language-1/train/images/S-2-_jpeg.rf.bb1f2eecc077dc641397294fa45f2ed8.jpg,no_hand_detected,1
train,/content/American-Language-1/train/images/S-2-_jpeg.rf.cc86726b051484718c272c619ff2f456.jpg,no_hand_detected,1
train,/content/American-Language-1/train/images/S-21-_jpeg.rf.7555e64d65b6631d9d70b61dc03a395f.jpg,no_hand_detected,1
train,/content/American-Language-1/train/images/S-21-_jpeg.rf.d9e23e96c47ed5bb43e29265a65bd5b5.jpg,no_hand_detected,1
train,/content/American-Language-1/train/images/S-21-_jpeg.rf.ef1a4c8a781304797698005c431137c8.jpg,no_hand_detected,1
train,/content/American-Language-1/train/images/S-23-_jpeg.rf.802117b7f97cc84739856371c6e6d209.jpg,no_hand_detected,1
train,/content/American-Language-1/train/images/S-23-_jpeg.rf.f8971a25efea8904a202b928adf1813b.jpg,no_hand_detected,1
train,/content/American-Language-1/train/images/S-26-_jpeg.rf.4e630ac5c2af0cbd3d0b313d66da9dd9.jpg,no_hand_detected,1
train,/content/American-Language-1/train/images/S-28-_jpeg.rf.02017cbe7ffdafd2308ac503d673ff44.jpg,no_hand_detected,1
train,/content/American-Language-1/train/images/S-28-_jpeg.rf.116d8bd2d7574414b1512c35427ee05e.jpg,no_hand_detected,1
train,/content/American-Language-1/train/images/S-3-_jpeg.rf.529bce388ac6b548ad2f5db3dacc3da5.jpg,no_hand_detected,1
train,/content/American-Language-1/train/images/S-3-_jpeg.rf.6d09913c69a81a3b27a8818e0fa8b0b9.jpg,no_hand_detected,1
train,/content/American-Language-1/train/images/S-3-_jpeg.rf.a26f5a8be94b54f5ec5f97f45092ac51.jpg,no_hand_detected,1
train,/content/American-Language-1/train/images/S-30-_jpeg.rf.2f5e9ca8f801778572ac71158a940077.jpg,no_hand_detected,1
train,/content/American-Language-1/train/images/S-30-_jpeg.rf.7db59dd35a45ac2922ca504e2d8e9f94.jpg,no_hand_detected,1
train,/content/American-Language-1/train/images/S-31-_jpeg.rf.c8f96cb93a69a411a5fa15d0b35319c1.jpg,no_hand_detected,1
train,/content/American-Language-1/train/images/S-32-_jpeg.rf.0108f44aa1e56482e7f8119b07c5a84d.jpg,no_hand_detected,1
train,/content/American-Language-1/train/images/S-32-_jpeg.rf.87242a2fe3d1a8df725937b19e716729.jpg,no_hand_detected,1
train,/content/American-Language-1/train/images/S-33-_jpeg.rf.8c99788ad33a7540c17d1a43d2173f9d.jpg,no_hand_detected,1
train,/content/American-Language-1/train/images/S-33-_jpeg.rf.b176eb097109f4be89b6bcafb376658a.jpg,no_hand_detected,1
train,/content/American-Language-1/train/images/S-33-_jpeg.rf.ecda7600bd2c1bd73dae90676243fbc6.jpg,no_hand_detected,1
train,/content/American-Language-1/train/images/S-34-_jpeg.rf.55487bc362235c32190c83ece4687051.jpg,no_hand_detected,1
train,/content/American-Language-1/train/images/S-34-_jpeg.rf.e6a82fe7dd2b4032b4d92de0140bc25e.jpg,no_hand_detected,1
train,/content/American-Language-1/train/images/S-34-_jpeg.rf.e966c9d8b08c5f01f88c15b87521990f.jpg,no_hand_detected,1
train,/content/American-Language-1/train/images/S-35-_jpeg.rf.08ba8f4584d3cde06e6e53042eb89dbb.jpg,no_hand_detected,1
train,/content/American-Language-1/train/images/S-35-_jpeg.rf.8cb73bba7afad6faf6c03916ad0cf32a.jpg,no_hand_detected,1
train,/content/American-Language-1/train/images/S-36-_jpeg.rf.e1595bd1d6dc0e2bb20c7cdadbd76415.jpg,no_hand_detected,1
train,/content/American-Language-1/train/images/S-36-_jpeg.rf.eaa2ed144c015479b113e2ab3a8d3ac4.jpg,no_hand_detected,1
train,/content/American-Language-1/train/images/S-36-_jpeg.rf.f4e71701c9deb1a417983ecb2682009c.jpg,no_hand_detected,1
train,/content/American-Language-1/train/images/S-38-_jpeg.rf.079e0feb1fb52bf293c064764c00a1d5.jpg,no_hand_detected,1
train,/content/American-Language-1/train/images/S-38-_jpeg.rf.105eef7cd1f43cc5c25d4f5c2c7735e4.jpg,no_hand_detected,1
train,/content/American-Language-1/train/images/S-38-_jpeg.rf.f7da6082c35785b52527de66e36e9146.jpg,no_hand_detected,1
train,/content/American-Language-1/train/images/S-39-_jpeg.rf.1d63ce38394aa7814a6b3a83175d1d4b.jpg,no_hand_detected,1
train,/content/American-Language-1/train/images/S-39-_jpeg.rf.224bc44c519bd90352724441087a3691.jpg,no_hand_detected,1
train,/content/American-Language-1/train/images/S-39-_jpeg.rf.3e3af7dbf40fa702dcb2af0233da073e.jpg,no_hand_detected,1
train,/content/American-Language-1/train/images/S-4-_jpeg.rf.8fe9ce6edb7883b529cb3650091fd5d7.jpg,no_hand_detected,1
train,/content/American-Language-1/train/images/S-4-_jpeg.rf.b1b929328cf276bbca09d25216d1d5f0.jpg,no_hand_detected,1
train,/content/American-Language-1/train/images/S-4-_jpeg.rf.bc6e6f4b88dd19531cba2e94612b990a.jpg,no_hand_detected,1
train,/content/American-Language-1/train/images/S-40-_jpeg.rf.307a6f1fb65c51049217a526997f9934.jpg,no_hand_detected,1
train,/content/American-Language-1/train/images/S-40-_jpeg.rf.bdc9d9e85eeb4730e88ce043d27c4b82.jpg,no_hand_detected,1
train,/content/American-Language-1/train/images/S-42-_jpeg.rf.6d1f05f195d5fa6d35879f7d2d315b2d.jpg,no_hand_detected,1
train,/content/American-Language-1/train/images/S-42-_jpeg.rf.d8dc5da5b4f57c02a634e3661562abd6.jpg,no_hand_detected,1
train,/content/American-Language-1/train/images/S-42-_jpeg.rf.f79de836ca947b707bca573e1e3d7ee1.jpg,no_hand_detected,1
train,/content/American-Language-1/train/images/S-43-_jpeg.rf.0f629443adaf7e70b03a6bc7f2c90675.jpg,no_hand_detected,1
train,/content/American-Language-1/train/images/S-43-_jpeg.rf.36b1264460f386355598c858d15c1ec6.jpg,no_hand_detected,1
train,/content/American-Language-1/train/images/S-43-_jpeg.rf.ad5523cba3501ae9bf659c94e64bf39a.jpg,no_hand_detected,1
train,/content/American-Language-1/train/images/S-44-_jpeg.rf.6d4204cce802f53114ed32c8e8fcf8a2.jpg,no_hand_detected,1
train,/content/American-Language-1/train/images/S-44-_jpeg.rf.c869d582fe92b706aa134c2078f83e32.jpg,no_hand_detected,1
train,/content/American-Language-1/train/images/S-44-_jpeg.rf.d2c4b7de14fd68d464fd7f6edb789cda.jpg,no_hand_detected,1
train,/content/American-Language-1/train/images/S-49-_jpeg.rf.f0839d1307c67a3e9eb8c067625c84c5.jpg,no_hand_detected,1
train,/content/American-Language-1/train/images/S-49-_jpeg.rf.f1a39d74348ce03a4ecfacdcdb902346.jpg,no_hand_detected,1
train,/content/American-Language-1/train/images/S-5-_jpeg.rf.2483e4b02351d2146fae26f4ecb74b8b.jpg,no_hand_detected,1
train,/content/American-Language-1/train/images/S-5-_jpeg.rf.542d1676b04dc0157a5c7f8fc747efd3.jpg,no_hand_detected,1
train,/content/American-Language-1/train/images/S-5-_jpeg.rf.8c0ba91212ece9be2d52a11e337838bd.jpg,no_hand_detected,1
train,/content/American-Language-1/train/images/S-50-_jpeg.rf.522422f081980945e19626391dff2475.jpg,no_hand_detected,1
train,/content/American-Language-1/train/images/S-50-_jpeg.rf.c6cf6b8df46ecec9fc34f5c57ba57d60.jpg,no_hand_detected,1
train,/content/American-Language-1/train/images/S-50-_jpeg.rf.e2e5ce2ed8d8a29a1cfcccbf05c31887.jpg,no_hand_detected,1
train,/content/American-Language-1/train/images/S-52-_jpeg.rf.3915681f975523c756c63aae4ad477d9.jpg,no_hand_detected,1
train,/content/American-Language-1/train/images/S-52-_jpeg.rf.910125cef847429a86d349af87acc025.jpg,no_hand_detected,1
train,/content/American-Language-1/train/images/S-52-_jpeg.rf.f1a7f41d759ade9cdf775e78e8d65f62.jpg,no_hand_detected,1
train,/content/American-Language-1/train/images/S-53-_jpeg.rf.5e4809f1c6fb41a9db105796fb52493b.jpg,no_hand_detected,1
train,/content/American-Language-1/train/images/S-53-_jpeg.rf.6a8e8ed223baf7dae43aafe7bc372046.jpg,no_hand_detected,1
train,/content/American-Language-1/train/images/S-55-_jpeg.rf.1427dd75e716324acc7485f44894acc5.jpg,no_hand_detected,1
train,/content/American-Language-1/train/images/S-55-_jpeg.rf.85485456d205ed383da6a40d2b1fcde5.jpg,no_hand_detected,1
train,/content/American-Language-1/train/images/S-55-_jpeg.rf.f8e255b26dc25414e1bb75a25834bfda.jpg,no_hand_detected,1
train,/content/American-Language-1/train/images/S-56-_jpeg.rf.01725297f27299952672325bd40c5aae.jpg,no_hand_detected,1
train,/content/American-Language-1/train/images/S-56-_jpeg.rf.060c80436b4063b647ec28f360a0f78a.jpg,no_hand_detected,1
train,/content/American-Language-1/train/images/S-56-_jpeg.rf.a3514fe1cf774a5d69c09dfe66ca1bc8.jpg,no_hand_detected,1
train,/content/American-Language-1/train/images/S-57-_jpeg.rf.28ce23a44cbfd687d6c4dfafee5cc6af.jpg,no_hand_detected,1
train,/content/American-Language-1/train/images/S-57-_jpeg.rf.62640f82ac33567a708ec74401da32ba.jpg,no_hand_detected,1
train,/content/American-Language-1/train/images/S-57-_jpeg.rf.f6225a01e566d84e497451096e552eb8.jpg,no_hand_detected,1
train,/content/American-Language-1/train/images/S-58-_jpeg.rf.1a8261a299bbf758cd752555b994819b.jpg,no_hand_detected,1
train,/content/American-Language-1/train/images/S-58-_jpeg.rf.23720d0b7631bba501ef5b457e5a5ef0.jpg,no_hand_detected,1
train,/content/American-Language-1/train/images/S-58-_jpeg.rf.bce53b55ea4fb5b390821c7238b64be8.jpg,no_hand_detected,1
train,/content/American-Language-1/train/images/S-59-_jpeg.rf.2b2bf997db96b639151c490ebd7046b9.jpg,no_hand_detected,1
train,/content/American-Language-1/train/images/S-59-_jpeg.rf.6d7bdcbad51bb2a7f13703b2b55d6645.jpg,no_hand_detected,1
train,/content/American-Language-1/train/images/S-6-_jpeg.rf.323baa2c97d7195c61ff99343495ed01.jpg,no_hand_detected,1
train,/content/American-Language-1/train/images/S-6-_jpeg.rf.a755d8fa4cf2e8b77aa83af40bffb73c.jpg,no_hand_detected,1
train,/content/American-Language-1/train/images/S-6-_jpeg.rf.d4826a7c9c561f6a3d3997cda827ed94.jpg,no_hand_detected,1
train,/content/American-Language-1/train/images/S-60-_jpeg.rf.4c13938fa6575b54d66278b6625e8c9f.jpg,no_hand_detected,1
train,/content/American-Language-1/train/images/S-60-_jpeg.rf.501c2936fdb63a185c0d0c987b11c62d.jpg,no_hand_detected,1
train,/content/American-Language-1/train/images/S-60-_jpeg.rf.a3e195dabf8a422941c6e3a3cb56e611.jpg,no_hand_detected,1
train,/content/American-Language-1/train/images/S-61-_jpeg.rf.687df94782e962d32d1d9df74264c74c.jpg,no_hand_detected,1
train,/content/American-Language-1/train/images/S-61-_jpeg.rf.a551b027bc4c07709a33eb31de5e66db.jpg,no_hand_detected,1
train,/content/American-Language-1/train/images/S-61-_jpeg.rf.e9f50b9853f123cb8d8714943d46c224.jpg,no_hand_detected,1
train,/content/American-Language-1/train/images/S-63-_jpeg.rf.b9bf38e0db03d49123f91e3378c039ce.jpg,no_hand_detected,1
train,/content/American-Language-1/train/images/S-63-_jpeg.rf.f23614624c77f48b3bd48bca50341bf6.jpg,no_hand_detected,1
train,/content/American-Language-1/train/images/S-63-_jpeg.rf.fa5b41a0f920cab80ef926a977df4d4d.jpg,no_hand_detected,1
train,/content/American-Language-1/train/images/S-65-_jpeg.rf.54798986142fffdbccd6a49603febd01.jpg,no_hand_detected,1
train,/content/American-Language-1/train/images/S-65-_jpeg.rf.5a01d95da18ba4b7b8ffa112bd8d69fb.jpg,no_hand_detected,1
train,/content/American-Language-1/train/images/S-65-_jpeg.rf.76ad6ea933d024a260879d9a5e2ac424.jpg,no_hand_detected,1
train,/content/American-Language-1/train/images/S-66-_jpeg.rf.66c1eeae25d6830d56e396d2536f29e8.jpg,no_hand_detected,1
train,/content/American-Language-1/train/images/S-66-_jpeg.rf.c2090417656bd9f7e50d3d8fde802e15.jpg,no_hand_detected,1
train,/content/American-Language-1/train/images/S-66-_jpeg.rf.e8794ba832c82e7c1356f78d51e09f3d.jpg,no_hand_detected,1
train,/content/American-Language-1/train/images/S-67-_jpeg.rf.c1e82e3c27c92da9b3129853b550e59e.jpg,no_hand_detected,1
train,/content/American-Language-1/train/images/S-67-_jpeg.rf.c9e7caf428341eef3f825d269a4e22fa.jpg,no_hand_detected,1
train,/content/American-Language-1/train/images/S-68-_jpeg.rf.21f470518d8864badd80085f04617897.jpg,no_hand_detected,1
train,/content/American-Language-1/train/images/S-68-_jpeg.rf.ab81a3fb8506b6b044f4ba2b589aa734.jpg,no_hand_detected,1
train,/content/American-Language-1/train/images/S-68-_jpeg.rf.d99c8466a0a8c30cad4e70bffb38694d.jpg,no_hand_detected,1
train,/content/American-Language-1/train/images/S-69-_jpeg.rf.14e2d7e59412f7e2f6ce0353cb0046bf.jpg,no_hand_detected,1
train,/content/American-Language-1/train/images/S-69-_jpeg.rf.68ba848451df80770085b9d45d2b16cf.jpg,no_hand_detected,1
train,/content/American-Language-1/train/images/S-69-_jpeg.rf.711dba6356f41f723c635f9cf5c318ee.jpg,no_hand_detected,1
train,/content/American-Language-1/train/images/S-7-_jpeg.rf.01c1144757b21ccc5c328eac20a57414.jpg,no_hand_detected,1
train,/content/American-Language-1/train/images/S-7-_jpeg.rf.836f9a6fc0546f30e7c13a73709aec14.jpg,no_hand_detected,1
train,/content/American-Language-1/train/images/S-7-_jpeg.rf.c6f8bc1ff609bf85968f9492d8e75b79.jpg,no_hand_detected,1
train,/content/American-Language-1/train/images/S-70-_jpeg.rf.1d81b97fd68020573ea95fcad2de0785.jpg,no_hand_detected,1
train,/content/American-Language-1/train/images/S-70-_jpeg.rf.a0c23aac153c58ea46fe2b8509d0241b.jpg,no_hand_detected,1
train,/content/American-Language-1/train/images/S-70-_jpeg.rf.c5fc56187231f7c9fc71db2684bafc8d.jpg,no_hand_detected,1
train,/content/American-Language-1/train/images/S-8-_jpeg.rf.0ada61553bdc485dd247cdf1bc0d935d.jpg,no_hand_detected,1
train,/content/American-Language-1/train/images/S-8-_jpeg.rf.4cb7602c79e0b3c497c254a2a963e0f9.jpg,no_hand_detected,1
train,/content/American-Language-1/train/images/S-8-_jpeg.rf.71998bd81b62962198debf98490abe56.jpg,no_hand_detected,1
train,/content/American-Language-1/train/images/S0_jpg.rf.5ee73a385b7a9aa7729d4fcc965fe42d.jpg,no_hand_detected,1
train,/content/American-Language-1/train/images/S0_jpg.rf.9a056404100918309ef77063e3fa41d1.jpg,no_hand_detected,1
train,/content/American-Language-1/train/images/S0_jpg.rf.b39285ce917539302a3727daa6c6195e.jpg,no_hand_detected,1
train,/content/American-Language-1/train/images/S10_jpg.rf.08dbe1fbe3ee4aaae7d1bd113e0b5c5d.jpg,no_hand_detected,1
train,/content/American-Language-1/train/images/S10_jpg.rf.100e922ba6c0fa1db65eaacc2fc1955f.jpg,no_hand_detected,1
train,/content/American-Language-1/train/images/S10_jpg.rf.5242260c14805f7dde4a4a2b63a0fdce.jpg,no_hand_detected,1
train,/content/American-Language-1/train/images/S10_jpg.rf.526776f15758ba21980daeb743eef0bd.jpg,no_hand_detected,1
train,/content/American-Language-1/train/images/S10_jpg.rf.6c2a2df85e6b14947658bfdc214b89ad.jpg,no_hand_detected,1
train,/content/American-Language-1/train/images/S10_jpg.rf.7d855278c9f2a19424e7b3b8d4ca9454.jpg,no_hand_detected,1
train,/content/American-Language-1/train/images/S10_jpg.rf.b7ffbe61fb0910e23dd904b5df5ca7bc.jpg,no_hand_detected,1
train,/content/American-Language-1/train/images/S10_jpg.rf.e511ec652d9e8310628bc8c6f199db15.jpg,no_hand_detected,1
train,/content/American-Language-1/train/images/S10_jpg.rf.e826ca16f633befe5129ec7458425c12.jpg,no_hand_detected,1
train,/content/American-Language-1/train/images/S11_jpg.rf.061a531cd8b6f6bc9137556482a5fd1c.jpg,no_hand_detected,1
train,/content/American-Language-1/train/images/S11_jpg.rf.1783d134fcb67332921a11aa6227bd97.jpg,no_hand_detected,1
train,/content/American-Language-1/train/images/S11_jpg.rf.19fce0736d4b50a1cafbfba23ec43ed4.jpg,no_hand_detected,1
train,/content/American-Language-1/train/images/S11_jpg.rf.203436790e75597a4bace5e8664ba63b.jpg,no_hand_detected,1
train,/content/American-Language-1/train/images/S11_jpg.rf.5a9449e723ca1caa5bb68c4d4a0f916f.jpg,no_hand_detected,1
train,/content/American-Language-1/train/images/S11_jpg.rf.a5fbb6ce8d77d6817124804f6f3ba97d.jpg,no_hand_detected,1
train,/content/American-Language-1/train/images/S13_jpg.rf.3139749b184252ae36e0f7b50cc58955.jpg,no_hand_detected,1
train,/content/American-Language-1/train/images/S13_jpg.rf.3ff60f5b2cd1ee643c6c01e8f27a6cc1.jpg,no_hand_detected,1
train,/content/American-Language-1/train/images/S13_jpg.rf.6e39fddd582f4dbca4105668c0c1a5d1.jpg,no_hand_detected,1
train,/content/American-Language-1/train/images/S17_jpg.rf.1d81d1564e51c82e8e7c174f32f6a386.jpg,no_hand_detected,1
train,/content/American-Language-1/train/images/S17_jpg.rf.6ebf6e2d73ec803019546c64b8e5380d.jpg,no_hand_detected,1
train,/content/American-Language-1/train/images/S17_jpg.rf.bdf5f0a7287914a9307fd783717c3256.jpg,no_hand_detected,1
train,/content/American-Language-1/train/images/S18_jpg.rf.0db4fdc90bca2fd539a94cd915705193.jpg,no_hand_detected,1
train,/content/American-Language-1/train/images/S18_jpg.rf.7849c59f5141dd477b198d2af651bfe2.jpg,no_hand_detected,1
train,/content/American-Language-1/train/images/S18_jpg.rf.888fd50267aeaadf1a31b0f497571798.jpg,no_hand_detected,1
train,/content/American-Language-1/train/images/S18_jpg.rf.8e9b3e6d69a3c3090e2b9f24d252a4ac.jpg,no_hand_detected,1
train,/content/American-Language-1/train/images/S18_jpg.rf.ba259f59a59c2c4d2d0c4e3fba5c636c.jpg,no_hand_detected,1
train,/content/American-Language-1/train/images/S18_jpg.rf.ca4c6d9c5688d583811caf1b4deae623.jpg,no_hand_detected,1
train,/content/American-Language-1/train/images/S1_jpg.rf.05b053be03083300a96728138de9ef6c.jpg,no_hand_detected,1
train,/content/American-Language-1/train/images/S1_jpg.rf.5575855157867cf547b05a4c2d6eda32.jpg,no_hand_detected,1
train,/content/American-Language-1/train/images/S1_jpg.rf.9c1ac7f5363ac59c678e623f31546776.jpg,no_hand_detected,1
train,/content/American-Language-1/train/images/S1_jpg.rf.9d5802561f3a1f2d33ea68077f88e7e8.jpg,no_hand_detected,1
train,/content/American-Language-1/train/images/S1_jpg.rf.c04f86d022a3e8704a5f4da1520dfe36.jpg,no_hand_detected,1
train,/content/American-Language-1/train/images/S1_jpg.rf.ec4e28f21dd0bf87778b6e9ebc1b35fc.jpg,no_hand_detected,1
train,/content/American-Language-1/train/images/S1_jpg.rf.f9a42ad1fa10a875ac2c8da646faff65.jpg,no_hand_detected,1
train,/content/American-Language-1/train/images/S20_jpg.rf.e5f52aeeb06e801343ea401cd15d1b13.jpg,no_hand_detected,1
train,/content/American-Language-1/train/images/S21_jpg.rf.3012b16cfb88c2f53138331af8f85526.jpg,no_hand_detected,1
train,/content/American-Language-1/train/images/S21_jpg.rf.af78de39c02a4687f4abaa18ca3ffd75.jpg,no_hand_detected,1
train,/content/American-Language-1/train/images/S21_jpg.rf.ecc904e2de4373d0bf90fb06c5d426f6.jpg,no_hand_detected,1
train,/content/American-Language-1/train/images/S26_jpg.rf.2924c0ddd6160da04ea1cc12111d8d9a.jpg,no_hand_detected,1
train,/content/American-Language-1/train/images/S26_jpg.rf.97d74009680418dcb7038e6f0ca197c1.jpg,no_hand_detected,1
train,/content/American-Language-1/train/images/S29_jpg.rf.2091522d2812a0bbe2d704772907badc.jpg,no_hand_detected,1
train,/content/American-Language-1/train/images/S29_jpg.rf.6e2cf2766e2af00be6f4d3a90defc8e8.jpg,no_hand_detected,1
train,/content/American-Language-1/train/images/S29_jpg.rf.7a96020633bd8508c151222243e70195.jpg,no_hand_detected,1
train,/content/American-Language-1/train/images/S29_jpg.rf.c16361e89b12ecca37099ec2b38ff2bb.jpg,no_hand_detected,1
train,/content/American-Language-1/train/images/S29_jpg.rf.d60341e001f5b7335c7ac62982ac9eee.jpg,no_hand_detected,1
train,/content/American-Language-1/train/images/S29_jpg.rf.e02ae7f6947a7ea6c3c418bf35095c62.jpg,no_hand_detected,1
train,/content/American-Language-1/train/images/S5_jpg.rf.7f19066a22314ba9eddb55f5faa54234.jpg,no_hand_detected,1
train,/content/American-Language-1/train/images/S7_jpg.rf.05bb2cbc659b94cbdb74dc36f40017b2.jpg,no_hand_detected,1
train,/content/American-Language-1/train/images/S7_jpg.rf.cc97e1bcdc717e85347a3753b581ac64.jpg,no_hand_detected,1
train,/content/American-Language-1/train/images/S7_jpg.rf.e21879471453f98c8de75c604334ce87.jpg,no_hand_detected,1
train,/content/American-Language-1/train/images/S7_jpg.rf.e219d8f784e42f53281f7c05628d5a37.jpg,no_hand_detected,1
train,/content/American-Language-1/train/images/S8_jpg.rf.5fb748360d55145338a332361a839421.jpg,no_hand_detected,1
train,/content/American-Language-1/train/images/S8_jpg.rf.dd4fc8ae439708e39a3a918c96b95c67.jpg,no_hand_detected,1
train,/content/American-Language-1/train/images/S8_jpg.rf.efe5ff046c49c763bc29232a4a2fb53e.jpg,no_hand_detected,1
train,/content/American-Language-1/train/images/S9_jpg.rf.73c3330cab68691aa9f8b66092027ffd.jpg,no_hand_detected,1
train,/content/American-Language-1/train/images/S9_jpg.rf.77e72e46f3c38266c9ff3cd0ae06cec7.jpg,no_hand_detected,1
train,/content/American-Language-1/train/images/S9_jpg.rf.7bb8fef48ffa3a04082879379dcd8f45.jpg,no_hand_detected,1
train,/content/American-Language-1/train/images/S9_jpg.rf.849e4a24a9e3b2c04c5786b4751740eb.jpg,no_hand_detected,1
train,/content/American-Language-1/train/images/S9_jpg.rf.bce5093c6887be5f861df5038e462c8e.jpg,no_hand_detected,1
train,/content/American-Language-1/train/images/S9_jpg.rf.eb1b1e511ed22b7157b78387f5f5e793.jpg,no_hand_detected,1
train,/content/American-Language-1/train/images/T-1-_jpeg.rf.041267cffd76507fa830bf2b03688dd3.jpg,no_hand_detected,1
train,/content/American-Language-1/train/images/T-1-_jpeg.rf.1e5aacd6d4b64a9ae0e0bd034eab4b8f.jpg,no_hand_detected,1
train,/content/American-Language-1/train/images/T-1-_jpeg.rf.b6ba53c54808c286a984249604d9d4ef.jpg,no_hand_detected,1
train,/content/American-Language-1/train/images/T-10-_jpeg.rf.3672d0ecbd2510566fb1c152a632b8c5.jpg,no_hand_detected,1
train,/content/American-Language-1/train/images/T-10-_jpeg.rf.5e5c5cfd734c7e7cda91090414b2816a.jpg,no_hand_detected,1
train,/content/American-Language-1/train/images/T-10-_jpeg.rf.9b465a175996c33e5a8ee39b1affda31.jpg,no_hand_detected,1
train,/content/American-Language-1/train/images/T-11-_jpeg.rf.208fc0c31a592283ddfb424103e083cb.jpg,no_hand_detected,1
train,/content/American-Language-1/train/images/T-11-_jpeg.rf.542c5bd3f9a784a5011a6656fc1a30f7.jpg,no_hand_detected,1
train,/content/American-Language-1/train/images/T-11-_jpeg.rf.a7adfcdc94053d8b0818b5bfd05448ca.jpg,no_hand_detected,1
train,/content/American-Language-1/train/images/T-12-_jpeg.rf.4b5e3dd30781c7fc2e244b37c871c573.jpg,no_hand_detected,1
train,/content/American-Language-1/train/images/T-12-_jpeg.rf.d6a721762b1182a223a70e79064229b4.jpg,no_hand_detected,1
train,/content/American-Language-1/train/images/T-12-_jpeg.rf.e2d11a47f130bf0ec88c9715a3a65ec1.jpg,no_hand_detected,1
train,/content/American-Language-1/train/images/T-15-_jpeg.rf.33d839416ec9cc0579f50421cd48d90f.jpg,no_hand_detected,1
train,/content/American-Language-1/train/images/T-15-_jpeg.rf.e84bc5f23b213fe5a4dd15c982ac828d.jpg,no_hand_detected,1
train,/content/American-Language-1/train/images/T-17-_jpeg.rf.4c924358f700827da43bc0389227c5b2.jpg,no_hand_detected,1
train,/content/American-Language-1/train/images/T-17-_jpeg.rf.9394eeb77fa0d023726e0d1258fb60d9.jpg,no_hand_detected,1
train,/content/American-Language-1/train/images/T-17-_jpeg.rf.f50e11fd2d2f65c63647d97f6ac7e236.jpg,no_hand_detected,1
train,/content/American-Language-1/train/images/T-18-_jpeg.rf.280908da7bc3fa2c4d32f0689679efec.jpg,no_hand_detected,1
train,/content/American-Language-1/train/images/T-18-_jpeg.rf.8a90a4e9b5447026156890298aeeb0e5.jpg,no_hand_detected,1
train,/content/American-Language-1/train/images/T-18-_jpeg.rf.d367d1fddad2663fbaec289212730a8e.jpg,no_hand_detected,1
train,/content/American-Language-1/train/images/T-19-_jpeg.rf.386249fd9435c53c6d95785ca2877fee.jpg,no_hand_detected,1
train,/content/American-Language-1/train/images/T-19-_jpeg.rf.49405e271619da198b7abfacff130b60.jpg,no_hand_detected,1
train,/content/American-Language-1/train/images/T-19-_jpeg.rf.6def1a2158d9e899761c90569b521da4.jpg,no_hand_detected,1
train,/content/American-Language-1/train/images/T-2-_jpeg.rf.312443d8ec5e49662bc5b17435bc43d6.jpg,no_hand_detected,1
train,/content/American-Language-1/train/images/T-2-_jpeg.rf.49c513c3e8c610b2b2262aed05abe24f.jpg,no_hand_detected,1
train,/content/American-Language-1/train/images/T-2-_jpeg.rf.b983d3ae7fa7dbae6ddb8e9e5b7d87c3.jpg,no_hand_detected,1
train,/content/American-Language-1/train/images/T-20-_jpeg.rf.1693811f4da1b05ddd6d1c0b5c8c166a.jpg,no_hand_detected,1
train,/content/American-Language-1/train/images/T-20-_jpeg.rf.8dba9543bfa7cc744f1981ec6637b9f7.jpg,no_hand_detected,1
train,/content/American-Language-1/train/images/T-20-_jpeg.rf.d4506d201d54fa6bf1c660e0df88cb78.jpg,no_hand_detected,1
train,/content/American-Language-1/train/images/T-21-_jpeg.rf.0d4ae75c6775e39377e8ef58b29b74aa.jpg,no_hand_detected,1
train,/content/American-Language-1/train/images/T-21-_jpeg.rf.550214e8c42db2dcc2749297700f4548.jpg,no_hand_detected,1
train,/content/American-Language-1/train/images/T-21-_jpeg.rf.c2d5e4b34e3c91ea62da2c8bf7755c55.jpg,no_hand_detected,1
train,/content/American-Language-1/train/images/T-22-_jpeg.rf.4a72fdd57aec6f63da3be41fe4874775.jpg,no_hand_detected,1
train,/content/American-Language-1/train/images/T-22-_jpeg.rf.b6a9fe862d2fe7b4766d75f2c150cd78.jpg,no_hand_detected,1
train,/content/American-Language-1/train/images/T-22-_jpeg.rf.ff126e5073a040ded2019044f3787361.jpg,no_hand_detected,1
train,/content/American-Language-1/train/images/T-23-_jpeg.rf.0fd05339bace034850698967996ad184.jpg,no_hand_detected,1
train,/content/American-Language-1/train/images/T-23-_jpeg.rf.4852fe81cbb05998914fefadf05bf606.jpg,no_hand_detected,1
train,/content/American-Language-1/train/images/T-24-_jpeg.rf.9ee259db2379aa0870dafef9e0441cc9.jpg,no_hand_detected,1
train,/content/American-Language-1/train/images/T-24-_jpeg.rf.bdb61025c30db469793ec7ab2cce5987.jpg,no_hand_detected,1
train,/content/American-Language-1/train/images/T-26-_jpeg.rf.3c0892d10004fbc447fef4461d18595e.jpg,no_hand_detected,1
train,/content/American-Language-1/train/images/T-26-_jpeg.rf.9a89c76650a1d3ae2e2b243ca457e497.jpg,no_hand_detected,1
train,/content/American-Language-1/train/images/T-27-_jpeg.rf.ce4f2c55d4054236405a015b8404a527.jpg,no_hand_detected,1
train,/content/American-Language-1/train/images/T-28-_jpeg.rf.00e675281d485553ebae9e54d2fafa7f.jpg,no_hand_detected,1
train,/content/American-Language-1/train/images/T-28-_jpeg.rf.5a9acfe39743991e1b05ef320529b62a.jpg,no_hand_detected,1
train,/content/American-Language-1/train/images/T-28-_jpeg.rf.ca6993767ca159e04505a5c121abfc2f.jpg,no_hand_detected,1
train,/content/American-Language-1/train/images/T-29-_jpeg.rf.5b60e33669ba693513ae5fd74e81365d.jpg,no_hand_detected,1
train,/content/American-Language-1/train/images/T-29-_jpeg.rf.dc2751ea6a6374dd788ffddd63545d3e.jpg,no_hand_detected,1
train,/content/American-Language-1/train/images/T-29-_jpeg.rf.e7614cc067fed2e15752b21cf6efc990.jpg,no_hand_detected,1
train,/content/American-Language-1/train/images/T-3-_jpeg.rf.20fcccd064005b5899f71bf151f5b0dd.jpg,no_hand_detected,1
train,/content/American-Language-1/train/images/T-3-_jpeg.rf.9948587a88853a613433e504e1d4c284.jpg,no_hand_detected,1
train,/content/American-Language-1/train/images/T-3-_jpeg.rf.bffe44b516dc48f5c448d1318760dfce.jpg,no_hand_detected,1
train,/content/American-Language-1/train/images/T-30-_jpeg.rf.153b333fc91d861f2c794942af0996eb.jpg,no_hand_detected,1
train,/content/American-Language-1/train/images/T-30-_jpeg.rf.36585effb1f93adfa8bead492693ae8d.jpg,no_hand_detected,1
train,/content/American-Language-1/train/images/T-30-_jpeg.rf.5687f826861b4438731d0e2455382ee6.jpg,no_hand_detected,1
train,/content/American-Language-1/train/images/T-32-_jpeg.rf.60918e72cb781b57f94896f99ad1f3da.jpg,no_hand_detected,1
train,/content/American-Language-1/train/images/T-32-_jpeg.rf.d3b6c649dc15ebcacd1f25d432b42ae9.jpg,no_hand_detected,1
train,/content/American-Language-1/train/images/T-32-_jpeg.rf.fd6b519090eb159092ebabaa3314fb89.jpg,no_hand_detected,1
train,/content/American-Language-1/train/images/T-34-_jpeg.rf.0dc03f9eb758695f9b07daf7978d5500.jpg,no_hand_detected,1
train,/content/American-Language-1/train/images/T-34-_jpeg.rf.1aa0444afadfb057971fb04f318532b4.jpg,no_hand_detected,1
train,/content/American-Language-1/train/images/T-34-_jpeg.rf.ea2ea1000ba155c8843bf04b15f3d520.jpg,no_hand_detected,1
train,/content/American-Language-1/train/images/T-35-_jpeg.rf.0905eadc49dcd210ba37fb239c31df92.jpg,no_hand_detected,1
train,/content/American-Language-1/train/images/T-35-_jpeg.rf.28767750e5a254fe39270f6cbf2b1aa8.jpg,no_hand_detected,1
train,/content/American-Language-1/train/images/T-35-_jpeg.rf.64d13e3e7268ed10f43673506feaa30e.jpg,no_hand_detected,1
train,/content/American-Language-1/train/images/T-36-_jpeg.rf.76123a698c9d8248bac5a80a116948e2.jpg,no_hand_detected,1
train,/content/American-Language-1/train/images/T-36-_jpeg.rf.dfe99a761b0b760c0986219ed3d02d7b.jpg,no_hand_detected,1
train,/content/American-Language-1/train/images/T-36-_jpeg.rf.eec78fe16a3cd7938f6d70d124d65092.jpg,no_hand_detected,1
train,/content/American-Language-1/train/images/T-37-_jpeg.rf.44a7c0c9a7fb64c19c9581c656f2eee8.jpg,no_hand_detected,1
train,/content/American-Language-1/train/images/T-37-_jpeg.rf.d2c7945f667410d1f42026c9bf88f4a4.jpg,no_hand_detected,1
train,/content/American-Language-1/train/images/T-38-_jpeg.rf.1b6437967040dac8755edf70e86514c9.jpg,no_hand_detected,1
train,/content/American-Language-1/train/images/T-38-_jpeg.rf.37cc6751fbcb665a72ce8004d9fd01e5.jpg,no_hand_detected,1
train,/content/American-Language-1/train/images/T-38-_jpeg.rf.8f9e00b6cf033b71fbcda66cd84836ef.jpg,no_hand_detected,1
train,/content/American-Language-1/train/images/T-39-_jpeg.rf.2523460769f747970b0a21afa73a7b84.jpg,no_hand_detected,1
train,/content/American-Language-1/train/images/T-39-_jpeg.rf.30a831d4ec00436ea8a5195017b5e024.jpg,no_hand_detected,1
train,/content/American-Language-1/train/images/T-39-_jpeg.rf.c45bf1508c7bd60a361ce6766e2254f7.jpg,no_hand_detected,1
train,/content/American-Language-1/train/images/T-41-_jpeg.rf.42c09fe9a1a218cc83c4afa0483c6b48.jpg,no_hand_detected,1
train,/content/American-Language-1/train/images/T-41-_jpeg.rf.e1be26d7703a9e72492d0faf1ce925d8.jpg,no_hand_detected,1
train,/content/American-Language-1/train/images/T-41-_jpeg.rf.f9520f70b95263ba0d5460fc7b7e1fb0.jpg,no_hand_detected,1
train,/content/American-Language-1/train/images/T-43-_jpeg.rf.45c545483a337b1e4bbb7815f7ba0f52.jpg,no_hand_detected,1
train,/content/American-Language-1/train/images/T-43-_jpeg.rf.cf91d1161766feab4de50dedb54817c6.jpg,no_hand_detected,1
train,/content/American-Language-1/train/images/T-43-_jpeg.rf.f94f53d1f4fa2d71ccfb630b8949d209.jpg,no_hand_detected,1
train,/content/American-Language-1/train/images/T-45-_jpeg.rf.444ee9593d3df1462181c3e98235b522.jpg,no_hand_detected,1
train,/content/American-Language-1/train/images/T-45-_jpeg.rf.470ad5326fac2dfb3f7585a16f14a1b5.jpg,no_hand_detected,1
train,/content/American-Language-1/train/images/T-45-_jpeg.rf.793f46cd4ebc777bbb5f09e86be9303b.jpg,no_hand_detected,1
train,/content/American-Language-1/train/images/T-46-_jpeg.rf.75cbb82d85d0b54434bbedc72865b66f.jpg,no_hand_detected,1
train,/content/American-Language-1/train/images/T-46-_jpeg.rf.cbfa69185c94a45b2812c654bb691193.jpg,no_hand_detected,1
train,/content/American-Language-1/train/images/T-46-_jpeg.rf.fe941908015b64d36fc97ddd62ce2428.jpg,no_hand_detected,1
train,/content/American-Language-1/train/images/T-47-_jpeg.rf.60475cafadaf97bedb3cddbf14999715.jpg,no_hand_detected,1
train,/content/American-Language-1/train/images/T-47-_jpeg.rf.74d9f77ad21c5e4e14a6288f5dbf0d98.jpg,no_hand_detected,1
train,/content/American-Language-1/train/images/T-47-_jpeg.rf.c57eb26f28f2d19b982587ae24ba4c91.jpg,no_hand_detected,1
train,/content/American-Language-1/train/images/T-48-_jpeg.rf.0784d0103b56cffbe40c6ef0dc120ef6.jpg,no_hand_detected,1
train,/content/American-Language-1/train/images/T-48-_jpeg.rf.4b48c28d48c31a24328dbc246abf42aa.jpg,no_hand_detected,1
train,/content/American-Language-1/train/images/T-48-_jpeg.rf.b7ba6989b102c6b4d30329f48567190c.jpg,no_hand_detected,1
train,/content/American-Language-1/train/images/T-49-_jpeg.rf.01dbd1c9054910d56f833df286ee48e0.jpg,no_hand_detected,1
train,/content/American-Language-1/train/images/T-49-_jpeg.rf.ea74990c93fd7b266ba38539f417ff0d.jpg,no_hand_detected,1
train,/content/American-Language-1/train/images/T-49-_jpeg.rf.fda3e43e131e235a3f524bde238c6910.jpg,no_hand_detected,1
train,/content/American-Language-1/train/images/T-50-_jpeg.rf.31f4b1bb9be0165ffed3d0d14ea98700.jpg,no_hand_detected,1
train,/content/American-Language-1/train/images/T-50-_jpeg.rf.9fc398a52bd0068fe33d9beca8098444.jpg,no_hand_detected,1
train,/content/American-Language-1/train/images/T-50-_jpeg.rf.a4c1db59f6108f1ae910097ca2205ad6.jpg,no_hand_detected,1
train,/content/American-Language-1/train/images/T-51-_jpeg.rf.616a56ba30baed5197af67cf58230782.jpg,no_hand_detected,1
train,/content/American-Language-1/train/images/T-51-_jpeg.rf.7b488eb0bc25922adf39ce9579707c43.jpg,no_hand_detected,1
train,/content/American-Language-1/train/images/T-51-_jpeg.rf.7f19632925eaecf7e474a2c97579de63.jpg,no_hand_detected,1
train,/content/American-Language-1/train/images/T-52-_jpeg.rf.3e0c72032ecab7adb6d6dfb8275f22e0.jpg,no_hand_detected,1
train,/content/American-Language-1/train/images/T-52-_jpeg.rf.76adcff5a90bcc4c6084414bf463ce7f.jpg,no_hand_detected,1
train,/content/American-Language-1/train/images/T-52-_jpeg.rf.cc870a39d8b8f52c01e95fa8ff919a1a.jpg,no_hand_detected,1
train,/content/American-Language-1/train/images/T-53-_jpeg.rf.2511dbe9e124fe4081f468b3f55bda63.jpg,no_hand_detected,1
train,/content/American-Language-1/train/images/T-53-_jpeg.rf.babe9163e44d56d2bad2b0e9d8e21c43.jpg,no_hand_detected,1
train,/content/American-Language-1/train/images/T-54-_jpeg.rf.5c3a5e25064a5b37df1224ca9aee4d7d.jpg,no_hand_detected,1
train,/content/American-Language-1/train/images/T-54-_jpeg.rf.9c110939ebf2740f4508d351f966569c.jpg,no_hand_detected,1
train,/content/American-Language-1/train/images/T-54-_jpeg.rf.d359957fde87bb94539d0b6c2addbc64.jpg,no_hand_detected,1
train,/content/American-Language-1/train/images/T-55-_jpeg.rf.10602be61b5a04814b3311a56860ffd7.jpg,no_hand_detected,1
train,/content/American-Language-1/train/images/T-55-_jpeg.rf.734421a1f0ad98229780f9239660b766.jpg,no_hand_detected,1
train,/content/American-Language-1/train/images/T-55-_jpeg.rf.7e1458cce3ad019110bd967d383b37d1.jpg,no_hand_detected,1
train,/content/American-Language-1/train/images/T-56-_jpeg.rf.2aa6c9eca6bec6cf31cfd413bff1b8be.jpg,no_hand_detected,1
train,/content/American-Language-1/train/images/T-56-_jpeg.rf.308dbaedea4229843f4898989bf4761b.jpg,no_hand_detected,1
train,/content/American-Language-1/train/images/T-57-_jpeg.rf.8dc0b17dd06a479f097c0d7676832055.jpg,no_hand_detected,1
train,/content/American-Language-1/train/images/T-57-_jpeg.rf.e94eeb0cdb264a285370c3a8d20ef30e.jpg,no_hand_detected,1
train,/content/American-Language-1/train/images/T-57-_jpeg.rf.f9cdee2f7ab4b668c1cc5aefc8abf0f7.jpg,no_hand_detected,1
train,/content/American-Language-1/train/images/T-59-_jpeg.rf.46cde09b69920ba52918b8bb5a3e6c77.jpg,no_hand_detected,1
train,/content/American-Language-1/train/images/T-59-_jpeg.rf.d4bf07dcc1e4c38f20d984dbdf451bb8.jpg,no_hand_detected,1
train,/content/American-Language-1/train/images/T-59-_jpeg.rf.f332c8ca73d0a3087651a913ccebb54d.jpg,no_hand_detected,1
train,/content/American-Language-1/train/images/T-6-_jpeg.rf.b39a0b0a3279c9141b1fd17b827c2d45.jpg,no_hand_detected,1
train,/content/American-Language-1/train/images/T-6-_jpeg.rf.bdf18cf3140b0ef4a9b2990558422c04.jpg,no_hand_detected,1
train,/content/American-Language-1/train/images/T-6-_jpeg.rf.cc480a30cc4a40ae942aea75198be28d.jpg,no_hand_detected,1
train,/content/American-Language-1/train/images/T-62-_jpeg.rf.0b7b4c0e9d208d60d5cdbed24a4d997c.jpg,no_hand_detected,1
train,/content/American-Language-1/train/images/T-62-_jpeg.rf.3087258aa5aa9307c80d287d91f992f6.jpg,no_hand_detected,1
train,/content/American-Language-1/train/images/T-62-_jpeg.rf.cf30f8b1af5881091dd35d83e5eb4e0b.jpg,no_hand_detected,1
train,/content/American-Language-1/train/images/T-64-_jpeg.rf.c97d7698669680f41d1bb66ef031a443.jpg,no_hand_detected,1
train,/content/American-Language-1/train/images/T-64-_jpeg.rf.ce22f99c51ae21376a50e0825e259dcd.jpg,no_hand_detected,1
train,/content/American-Language-1/train/images/T-64-_jpeg.rf.f975dc3966b90e448e23b147b6003406.jpg,no_hand_detected,1
train,/content/American-Language-1/train/images/T-65-_jpeg.rf.36e42aec3db9c64ea10d73fa41286706.jpg,no_hand_detected,1
train,/content/American-Language-1/train/images/T-65-_jpeg.rf.49f9278f59f2371b19222e7dea65d60e.jpg,no_hand_detected,1
train,/content/American-Language-1/train/images/T-65-_jpeg.rf.933d7be0d9c6453cf28d4edc826d1d9e.jpg,no_hand_detected,1
train,/content/American-Language-1/train/images/T-7-_jpeg.rf.438f02f7e1c12bd54e4477f0902628f5.jpg,no_hand_detected,1
train,/content/American-Language-1/train/images/T-7-_jpeg.rf.59ebeb769c313bb59586ce5763f29ae8.jpg,no_hand_detected,1
train,/content/American-Language-1/train/images/T-7-_jpeg.rf.7b07c70914e1d3bd7d06fedf5ae3d7a7.jpg,no_hand_detected,1
train,/content/American-Language-1/train/images/T-8-_jpeg.rf.b881e9ad66fee756e3763ad08de2db54.jpg,no_hand_detected,1
train,/content/American-Language-1/train/images/T-8-_jpeg.rf.b9920e96c5bd4afca6b455d9162e822f.jpg,no_hand_detected,1
train,/content/American-Language-1/train/images/T-8-_jpeg.rf.bde4eade119408319cd94d50797d9df8.jpg,no_hand_detected,1
train,/content/American-Language-1/train/images/T-9-_jpeg.rf.20421982dbb0ed00e408284d96627b90.jpg,no_hand_detected,1
train,/content/American-Language-1/train/images/T-9-_jpeg.rf.5b1309c4cf8d96b646eb088070b85c8d.jpg,no_hand_detected,1
train,/content/American-Language-1/train/images/T-9-_jpeg.rf.80511b88a11f2ce12fe0d9cfe4d9bc17.jpg,no_hand_detected,1
train,/content/American-Language-1/train/images/T0_jpg.rf.6df87bb9c86fe496d7ea51317b9e571e.jpg,no_hand_detected,1
train,/content/American-Language-1/train/images/T0_jpg.rf.d68fa335ba94ed63c69b868097f60498.jpg,no_hand_detected,1
train,/content/American-Language-1/train/images/T14_jpg.rf.8c62fb457e514e9eb59da9f809a046ef.jpg,no_hand_detected,1
train,/content/American-Language-1/train/images/T15_jpg.rf.86624b6b863bb328bbbbdd165d26535f.jpg,no_hand_detected,1
train,/content/American-Language-1/train/images/T15_jpg.rf.c369d34fb6ab4df6b3748424defc2b8d.jpg,no_hand_detected,1
train,/content/American-Language-1/train/images/T15_jpg.rf.dd7aee039802f691067dba52166dd0b2.jpg,no_hand_detected,1
train,/content/American-Language-1/train/images/T18_jpg.rf.7cd38008b688fca5c904950194e832b6.jpg,no_hand_detected,1
train,/content/American-Language-1/train/images/T19_jpg.rf.7761a3d793516a38820ae66240a21c63.jpg,no_hand_detected,1
train,/content/American-Language-1/train/images/T20_jpg.rf.61fab026c100792b1336c48f99290d29.jpg,no_hand_detected,1
train,/content/American-Language-1/train/images/T20_jpg.rf.62c3b96c8edd491a48e116358a36ea9d.jpg,no_hand_detected,1
train,/content/American-Language-1/train/images/T20_jpg.rf.746542c49fa30d24f323c98b224b991c.jpg,no_hand_detected,1
train,/content/American-Language-1/train/images/T20_jpg.rf.b96a023d1d399ebe405f5241bd0eff00.jpg,no_hand_detected,1
train,/content/American-Language-1/train/images/T20_jpg.rf.df527ae1f636ace84d0ff709541a5668.jpg,no_hand_detected,1
train,/content/American-Language-1/train/images/T20_jpg.rf.f93a0689aae6e52a52b0cf5a9e7adb22.jpg,no_hand_detected,1
train,/content/American-Language-1/train/images/T21_jpg.rf.10db4612dcd4f7db038e2642a8514362.jpg,no_hand_detected,1
train,/content/American-Language-1/train/images/T21_jpg.rf.57a198ec0dbeb854c0a8d37ed7e0325c.jpg,no_hand_detected,1
train,/content/American-Language-1/train/images/T21_jpg.rf.6f517c2e10dd51c1179fdfd5fc15a97e.jpg,no_hand_detected,1
train,/content/American-Language-1/train/images/T21_jpg.rf.7ebe98837fdcfd26c35c66d0b34b23ab.jpg,no_hand_detected,1
train,/content/American-Language-1/train/images/T21_jpg.rf.b12c7331fbb1acfae248062922f69aaa.jpg,no_hand_detected,1
train,/content/American-Language-1/train/images/T21_jpg.rf.e162827be7d437e325ad865480e8e5fa.jpg,no_hand_detected,1
train,/content/American-Language-1/train/images/T21_jpg.rf.f1b5d9daf68ccd4e55996776bcc0b1ed.jpg,no_hand_detected,1
train,/content/American-Language-1/train/images/T21_jpg.rf.fd250dd3df0656972715fc29c6c1de04.jpg,no_hand_detected,1
train,/content/American-Language-1/train/images/T22_jpg.rf.77a2658884615307e07db0c12516e8e4.jpg,no_hand_detected,1
train,/content/American-Language-1/train/images/T22_jpg.rf.efe676a9a3571021bc9b1110d4b46575.jpg,no_hand_detected,1
train,/content/American-Language-1/train/images/T3_jpg.rf.540f098cbbaf65e7891891bdccfa2a5e.jpg,no_hand_detected,1
train,/content/American-Language-1/train/images/T3_jpg.rf.9d532577a9ae0997773dc481280a5b76.jpg,no_hand_detected,1
train,/content/American-Language-1/train/images/T3_jpg.rf.bdfbbfdb3f19226f6a95d91cd17d0de6.jpg,no_hand_detected,1
train,/content/American-Language-1/train/images/T5_jpg.rf.dcf751995cda74880f9e2c9b6826a305.jpg,no_hand_detected,1
train,/content/American-Language-1/train/images/T5_jpg.rf.f18be36f7c3f5dfb229a7ae789fa93d7.jpg,no_hand_detected,1
train,/content/American-Language-1/train/images/T6_jpg.rf.0238ba0fb7a917b1554c2b4c0e591c08.jpg,no_hand_detected,1
train,/content/American-Language-1/train/images/T6_jpg.rf.06fddc103907b45caf3b1921e0860c3d.jpg,no_hand_detected,1
train,/content/American-Language-1/train/images/T6_jpg.rf.217cd922b375d4365b07edcf8e55ed64.jpg,no_hand_detected,1
train,/content/American-Language-1/train/images/T7_jpg.rf.76a30611fde3a170e3ccb4589698fa84.jpg,no_hand_detected,1
train,/content/American-Language-1/train/images/T7_jpg.rf.873026a91711f33f71743764b038679c.jpg,no_hand_detected,1
train,/content/American-Language-1/train/images/T7_jpg.rf.c73bc33490920463eae6f1463e6224ab.jpg,no_hand_detected,1
train,/content/American-Language-1/train/images/T7_jpg.rf.dc55df506d9f56fcfcb84d33b8d81f3b.jpg,no_hand_detected,1
train,/content/American-Language-1/train/images/T7_jpg.rf.e271d809224e5a1943dba74f84724922.jpg,no_hand_detected,1
train,/content/American-Language-1/train/images/U-15-_jpeg.rf.744dd7bb4cac232921e504c68506612c.jpg,no_hand_detected,1
train,/content/American-Language-1/train/images/U-15-_jpeg.rf.e2ad5f0a8b657c7f7c8b65b3c929d4db.jpg,no_hand_detected,1
train,/content/American-Language-1/train/images/U-15-_jpeg.rf.e598053bc7feb0414e9b73f545e44dad.jpg,no_hand_detected,1
train,/content/American-Language-1/train/images/U-16-_jpeg.rf.3a97d5ef0486475d4d60d2ff955600cb.jpg,no_hand_detected,1
train,/content/American-Language-1/train/images/U-16-_jpeg.rf.548f5228c6d3d03125cc7f26fd65cdb1.jpg,no_hand_detected,1
train,/content/American-Language-1/train/images/U-16-_jpeg.rf.f1ecdd83ca49ef3d3b94fb80c95df154.jpg,no_hand_detected,1
train,/content/American-Language-1/train/images/U-17-_jpeg.rf.935c9fe166ebe14d3e600e77a950f102.jpg,no_hand_detected,1
train,/content/American-Language-1/train/images/U-19-_jpeg.rf.0fc8f8863c8bfab4772bd42a371ad195.jpg,no_hand_detected,1
train,/content/American-Language-1/train/images/U-42-_jpeg.rf.20d8c0cb8f231469f1734f681b724239.jpg,no_hand_detected,1
train,/content/American-Language-1/train/images/U-44-_jpeg.rf.36dd169194c0db72b2a9e445562962f2.jpg,no_hand_detected,1
train,/content/American-Language-1/train/images/U-6-_jpeg.rf.18a15a5c77c08e6881d22c6db035d675.jpg,no_hand_detected,1
train,/content/American-Language-1/train/images/U-6-_jpeg.rf.bedd83b41a0a588517afad8b24692835.jpg,no_hand_detected,1
train,/content/American-Language-1/train/images/U-63-_jpeg.rf.6c9e5fea9eb1f6eddfa7f7b8fd40a9a3.jpg,no_hand_detected,1
train,/content/American-Language-1/train/images/U-67-_jpeg.rf.62acef77a730ea54cd946ab213fca222.jpg,no_hand_detected,1
train,/content/American-Language-1/train/images/U-69-_jpeg.rf.12f8ce0001f8209d3f1a8b75c5cf2a25.jpg,no_hand_detected,1
train,/content/American-Language-1/train/images/U-69-_jpeg.rf.b0050c8c537d2f545de7428e178f4d7b.jpg,no_hand_detected,1
train,/content/American-Language-1/train/images/U-70-_jpeg.rf.b1ff124fccd3128d37257def92f23710.jpg,no_hand_detected,1
train,/content/American-Language-1/train/images/U11_jpg.rf.6730cd8932cc95aa6dfe3b46ee4826ce.jpg,no_hand_detected,1
train,/content/American-Language-1/train/images/U11_jpg.rf.6b7922df1fab6bc539843d62f925775a.jpg,no_hand_detected,1
train,/content/American-Language-1/train/images/U11_jpg.rf.abb21c729972ec0a2c0a4994bea9f6b2.jpg,no_hand_detected,1
train,/content/American-Language-1/train/images/U12_jpg.rf.1280e716ca0a5b995963f2312dbadeac.jpg,no_hand_detected,1
train,/content/American-Language-1/train/images/U12_jpg.rf.857f5ee83e7a7da73992133da51048ca.jpg,no_hand_detected,1
train,/content/American-Language-1/train/images/U12_jpg.rf.c6eae77f7f8a38f9c67f009de1219030.jpg,no_hand_detected,1
train,/content/American-Language-1/train/images/U13_jpg.rf.8e94aedc06c648b0a41b8981eeb4254b.jpg,no_hand_detected,1
train,/content/American-Language-1/train/images/U4_jpg.rf.0570ab59e06803b78e4f63a301ff42ee.jpg,no_hand_detected,1
train,/content/American-Language-1/train/images/U4_jpg.rf.807394ea17eab58ba65f8be4a5b945f4.jpg,no_hand_detected,1
train,/content/American-Language-1/train/images/U4_jpg.rf.9fd054ebc86c7cf9a5708aef868686b9.jpg,no_hand_detected,1
train,/content/American-Language-1/train/images/V-11-_jpeg.rf.b33a8ca4000feffaa9ebe6a291a9786e.jpg,no_hand_detected,1
train,/content/American-Language-1/train/images/V-11-_jpeg.rf.e2a0004cb8e0b16323e9fb6b3edf86f1.jpg,no_hand_detected,1
train,/content/American-Language-1/train/images/V-15-_jpeg.rf.47c2a0c5ce686305f303b0926991bbc6.jpg,no_hand_detected,1
train,/content/American-Language-1/train/images/V-16-_jpeg.rf.16af74c0eb82a2f1cb9842b5079169cb.jpg,no_hand_detected,1
train,/content/American-Language-1/train/images/V-16-_jpeg.rf.4108b10183f11ad05e7e5c47384b7309.jpg,no_hand_detected,1
train,/content/American-Language-1/train/images/V-16-_jpeg.rf.aabebf1c1f6c70e056da1bc6aeba18ca.jpg,no_hand_detected,1
train,/content/American-Language-1/train/images/V-18-_jpeg.rf.299db75769bc0b557090028a06032220.jpg,no_hand_detected,1
train,/content/American-Language-1/train/images/V-18-_jpeg.rf.65eede2ff1b28172a23066c53d8cffbb.jpg,no_hand_detected,1
train,/content/American-Language-1/train/images/V-19-_jpeg.rf.d26a95de624cde1db3ddcf67fc4353a4.jpg,no_hand_detected,1
train,/content/American-Language-1/train/images/V-2-_jpeg.rf.75a49e7b92e4eb2d16944a6235e9c00a.jpg,no_hand_detected,1
train,/content/American-Language-1/train/images/V-22-_jpeg.rf.2ca041cf403e31a7c248f20fb7bfaa3e.jpg,no_hand_detected,1
train,/content/American-Language-1/train/images/V-24-_jpeg.rf.ca6380fcaa8ebcdb73f0637c8e553704.jpg,no_hand_detected,1
train,/content/American-Language-1/train/images/V-25-_jpeg.rf.7dbbaa6deb054999ce7806b0f0cc8890.jpg,no_hand_detected,1
train,/content/American-Language-1/train/images/V-25-_jpeg.rf.a7a3eeb571b2c2c220404ff6b345f47e.jpg,no_hand_detected,1
train,/content/American-Language-1/train/images/V-38-_jpeg.rf.4fe551a540d4588a6200a292f75121a3.jpg,no_hand_detected,1
train,/content/American-Language-1/train/images/V-4-_jpeg.rf.364b3c76e7e41727b6439cea0cf55b27.jpg,no_hand_detected,1
train,/content/American-Language-1/train/images/V-4-_jpeg.rf.acec36943e1bbca6fd0f1d58676a76c5.jpg,no_hand_detected,1
train,/content/American-Language-1/train/images/V-45-_jpeg.rf.8e3a446a0fb1a85dc1cedc800f4ec26d.jpg,no_hand_detected,1
train,/content/American-Language-1/train/images/V-5-_jpeg.rf.9150bc7a2d07eb53d3d0cf120b526ce5.jpg,no_hand_detected,1
train,/content/American-Language-1/train/images/V-5-_jpeg.rf.ca319a52593da651a6e1c9afb665d5a2.jpg,no_hand_detected,1
train,/content/American-Language-1/train/images/V-56-_jpeg.rf.389207e57ed3454efff5ed82f4bfd2ff.jpg,no_hand_detected,1
train,/content/American-Language-1/train/images/V-6-_jpeg.rf.7f8dba946b7c1a73f21a8a904391bc43.jpg,no_hand_detected,1
train,/content/American-Language-1/train/images/V-6-_jpeg.rf.cd321ec4e37be092a80ba7937521247b.jpg,no_hand_detected,1
train,/content/American-Language-1/train/images/V-61-_jpeg.rf.8c6b1d1f71bc47f193723e4931a4475b.jpg,no_hand_detected,1
train,/content/American-Language-1/train/images/V-61-_jpeg.rf.b7013d364c0b003f96d58b7b4632145a.jpg,no_hand_detected,1
train,/content/American-Language-1/train/images/V-61-_jpeg.rf.e57c5c394f35fdaea465e518c5d0aee4.jpg,no_hand_detected,1
train,/content/American-Language-1/train/images/V-62-_jpeg.rf.7b5a9655385330fef72e32e34ea73f60.jpg,no_hand_detected,1
train,/content/American-Language-1/train/images/V-62-_jpeg.rf.ab35379bd01a43447a3dd187bc1ae25f.jpg,no_hand_detected,1
train,/content/American-Language-1/train/images/V-66-_jpeg.rf.1c3bb3856c7c5ab3d3109713f3ade8bf.jpg,no_hand_detected,1
train,/content/American-Language-1/train/images/V-66-_jpeg.rf.75e45f42038246e7e1dd88d9bdbaa85e.jpg,no_hand_detected,1
train,/content/American-Language-1/train/images/V-68-_jpeg.rf.6a75ec029258436694722d95620d67e5.jpg,no_hand_detected,1
train,/content/American-Language-1/train/images/V-68-_jpeg.rf.e2890f1fe0436dbaf3ba8895ded0b213.jpg,no_hand_detected,1
train,/content/American-Language-1/train/images/V-69-_jpeg.rf.48d8d37586fdf71501f8bba0cb76a03f.jpg,no_hand_detected,1
train,/content/American-Language-1/train/images/V-7-_jpeg.rf.265bdc09f04c835e41f25941383b4fbb.jpg,no_hand_detected,1
train,/content/American-Language-1/train/images/V-70-_jpeg.rf.6ae4080f62aef6dd6391679f47f7ec0c.jpg,no_hand_detected,1
train,/content/American-Language-1/train/images/V-8-_jpeg.rf.ea5ea2a0822d527092025a95b7ac86ba.jpg,no_hand_detected,1
train,/content/American-Language-1/train/images/V-9-_jpeg.rf.924fa75fb301a5923ac76ad4a7354841.jpg,no_hand_detected,1
train,/content/American-Language-1/train/images/V13_jpg.rf.06125a7c84bee5568d229b68d9d79f91.jpg,no_hand_detected,1
train,/content/American-Language-1/train/images/V13_jpg.rf.35852d59dbd2ab45079c9aec4980db37.jpg,no_hand_detected,1
train,/content/American-Language-1/train/images/V13_jpg.rf.8c3801098b2a4103990e7a6c2ae70492.jpg,no_hand_detected,1
train,/content/American-Language-1/train/images/V13_jpg.rf.a8821932d0b38530fc6d96b8fbfe667e.jpg,no_hand_detected,1
train,/content/American-Language-1/train/images/V13_jpg.rf.b1f0fbbe01704a49e4653ba5c0fcf14a.jpg,no_hand_detected,1
train,/content/American-Language-1/train/images/V13_jpg.rf.d17d51e27b3300dc4eb13e55b107bbdb.jpg,no_hand_detected,1
train,/content/American-Language-1/train/images/V13_jpg.rf.fe3fae3e7050a0a569c7065b14fc7e52.jpg,no_hand_detected,1
train,/content/American-Language-1/train/images/V14_jpg.rf.114e473ba22231b07da268dfc27b6960.jpg,no_hand_detected,1
train,/content/American-Language-1/train/images/V14_jpg.rf.73c2cc738d6a1f0200cdd90a25e57221.jpg,no_hand_detected,1
train,/content/American-Language-1/train/images/V14_jpg.rf.a265f1586da9b7b1072495afbbb0ed02.jpg,no_hand_detected,1
train,/content/American-Language-1/train/images/V14_jpg.rf.b160f99e903ef888b6d79a66300fb836.jpg,no_hand_detected,1
train,/content/American-Language-1/train/images/V14_jpg.rf.b8576eae8a1e683916ed9093dd41cec2.jpg,no_hand_detected,1
train,/content/American-Language-1/train/images/V14_jpg.rf.bad1426c6b1985531ff57a2eafedeebb.jpg,no_hand_detected,1
train,/content/American-Language-1/train/images/V14_jpg.rf.ddb55ba01ca6db489d63bf66e463be37.jpg,no_hand_detected,1
train,/content/American-Language-1/train/images/V15_jpg.rf.2a8175b6c9134be39f9e3962c9e33895.jpg,no_hand_detected,1
train,/content/American-Language-1/train/images/V15_jpg.rf.9170d437619e41b888233dd46abc6378.jpg,no_hand_detected,1
train,/content/American-Language-1/train/images/V17_jpg.rf.0bb8a13e7c234af6f4a35cc7c8aa2db4.jpg,no_hand_detected,1
train,/content/American-Language-1/train/images/V17_jpg.rf.3cc86c493d1c953675b86682ed57e715.jpg,no_hand_detected,1
train,/content/American-Language-1/train/images/V17_jpg.rf.464d2f45d11680b863043faefe4fe579.jpg,no_hand_detected,1
train,/content/American-Language-1/train/images/V17_jpg.rf.5ed7df3c309fc8a70528fc1da8371807.jpg,no_hand_detected,1
train,/content/American-Language-1/train/images/V17_jpg.rf.7e98f5b14fe6f059ffb2b8d49e2f0bed.jpg,no_hand_detected,1
train,/content/American-Language-1/train/images/V17_jpg.rf.9978782ac251c78a94248e4e81576c95.jpg,no_hand_detected,1
train,/content/American-Language-1/train/images/V17_jpg.rf.aecb1932638428c73ad9036e2f10d7a3.jpg,no_hand_detected,1
train,/content/American-Language-1/train/images/V17_jpg.rf.c82ed26f520d84cf25bc6a7cf9061d64.jpg,no_hand_detected,1
train,/content/American-Language-1/train/images/V17_jpg.rf.fd019239b5fb94b65209b81e9e5e542e.jpg,no_hand_detected,1
train,/content/American-Language-1/train/images/V18_jpg.rf.01a21158bb75fc2fb89adaa19894d774.jpg,no_hand_detected,1
train,/content/American-Language-1/train/images/V18_jpg.rf.c80adeb8c35246269aeb7442f113770b.jpg,no_hand_detected,1
train,/content/American-Language-1/train/images/V1_jpg.rf.073782336a26857e73d4c7286e96bd6a.jpg,no_hand_detected,1
train,/content/American-Language-1/train/images/V1_jpg.rf.89693f28df867adde6fa6a9407eadfc3.jpg,no_hand_detected,1
train,/content/American-Language-1/train/images/V1_jpg.rf.d1948cfdfb9a1cab11b14512ef3ec6a5.jpg,no_hand_detected,1
train,/content/American-Language-1/train/images/V22_jpg.rf.14240ce2ae472f8d416ddab5d8d3f3f1.jpg,no_hand_detected,1
train,/content/American-Language-1/train/images/V22_jpg.rf.7d7c5ef196760724f01e9153e5b1354f.jpg,no_hand_detected,1
train,/content/American-Language-1/train/images/V4_jpg.rf.1b0316f2aed639af015ee41132c04a73.jpg,no_hand_detected,1
train,/content/American-Language-1/train/images/V6_jpg.rf.2f67b63ea9ccf39f90d833c2040c1d4b.jpg,no_hand_detected,1
train,/content/American-Language-1/train/images/V6_jpg.rf.3743661735eb1b07503d3840c48ee5b5.jpg,no_hand_detected,1
train,/content/American-Language-1/train/images/V6_jpg.rf.40d7f48a3bc29072fa6d49498193d6db.jpg,no_hand_detected,1
train,/content/American-Language-1/train/images/V6_jpg.rf.51447deee6c023ede88a7eed78958906.jpg,no_hand_detected,1
train,/content/American-Language-1/train/images/V6_jpg.rf.5799f36baf44b46dabac35d71c0e9a81.jpg,no_hand_detected,1
train,/content/American-Language-1/train/images/V6_jpg.rf.5ecb54ef46671155645435968c784f8a.jpg,no_hand_detected,1
train,/content/American-Language-1/train/images/V6_jpg.rf.876583ab1d5e444f8b685caf0b75e15e.jpg,no_hand_detected,1
train,/content/American-Language-1/train/images/V6_jpg.rf.b3ab1dfac89756482ef20323500f1920.jpg,no_hand_detected,1
train,/content/American-Language-1/train/images/V6_jpg.rf.f593205e062cb5b79a3902f57111ffee.jpg,no_hand_detected,1
train,/content/American-Language-1/train/images/V7_jpg.rf.1c1f9e44514bd072a8deb3df1399f9a7.jpg,no_hand_detected,1
train,/content/American-Language-1/train/images/V7_jpg.rf.854f1316e27f8b1642ce9a79537892dc.jpg,no_hand_detected,1
train,/content/American-Language-1/train/images/V7_jpg.rf.fc4049d714c7cb79a6938991da9d68fb.jpg,no_hand_detected,1
train,/content/American-Language-1/train/images/V8_jpg.rf.0925ce728a9b99738505e2c1e46b8838.jpg,no_hand_detected,1
train,/content/American-Language-1/train/images/V8_jpg.rf.1040a89c614325481f2661a2b557aa3e.jpg,no_hand_detected,1
train,/content/American-Language-1/train/images/V8_jpg.rf.3d496fd0dd6135131bd470acbe662567.jpg,no_hand_detected,1
train,/content/American-Language-1/train/images/V8_jpg.rf.6fbe39d044a1d492f943f26ce012d033.jpg,no_hand_detected,1
train,/content/American-Language-1/train/images/V8_jpg.rf.9cbdb04790f1fa71c40963790b9723cb.jpg,no_hand_detected,1
train,/content/American-Language-1/train/images/V9_jpg.rf.3f1bf146e4a9fca1414770995ef40677.jpg,no_hand_detected,1
train,/content/American-Language-1/train/images/V9_jpg.rf.5fdf9b51a3df297518a33f0b055c0271.jpg,no_hand_detected,1
train,/content/American-Language-1/train/images/W-10-_jpeg.rf.0b6c3a5712e4a258272fe0e11f294f37.jpg,no_hand_detected,1
train,/content/American-Language-1/train/images/W-14-_jpeg.rf.3011d1fae494198aea0fc28d4080a48a.jpg,no_hand_detected,1
train,/content/American-Language-1/train/images/W-15-_jpeg.rf.40e444dd4da3e7eca69c88a7572dfea3.jpg,no_hand_detected,1
train,/content/American-Language-1/train/images/W-15-_jpeg.rf.5c1affbb021580fd7e057ce0420db600.jpg,no_hand_detected,1
train,/content/American-Language-1/train/images/W-16-_jpeg.rf.f0c8b87c93696e5bb8fbca3c12f819f2.jpg,no_hand_detected,1
train,/content/American-Language-1/train/images/W-16-_jpeg.rf.f4dad826574a26ccd8cd4fcbe575b2fa.jpg,no_hand_detected,1
train,/content/American-Language-1/train/images/W-19-_jpeg.rf.10658a0a37d1db0cd0312b9240f225c5.jpg,no_hand_detected,1
train,/content/American-Language-1/train/images/W-19-_jpeg.rf.5fc0ab4e8dcb6e98317b507cf24af3dd.jpg,no_hand_detected,1
train,/content/American-Language-1/train/images/W-2-_jpeg.rf.43168f2327994109998b95310e2c29e8.jpg,no_hand_detected,1
train,/content/American-Language-1/train/images/W-20-_jpeg.rf.90d112e4a4316f1bd756c9b425732725.jpg,no_hand_detected,1
train,/content/American-Language-1/train/images/W-20-_jpeg.rf.e3f529cf70123742ef1593accd36f19e.jpg,no_hand_detected,1
train,/content/American-Language-1/train/images/W-20-_jpeg.rf.ed8bc385f44a8fc7697779dbefcf6686.jpg,no_hand_detected,1
train,/content/American-Language-1/train/images/W-21-_jpeg.rf.4c90c0ecb56f281f42b9a981630acf65.jpg,no_hand_detected,1
train,/content/American-Language-1/train/images/W-21-_jpeg.rf.a3ee2c9bb717821198a037bba4ed5b8f.jpg,no_hand_detected,1
train,/content/American-Language-1/train/images/W-23-_jpeg.rf.8eb0db0161ea39d68d7c9f579b2e6038.jpg,no_hand_detected,1
train,/content/American-Language-1/train/images/W-3-_jpeg.rf.2d52c1eb390f03d06a620e2baee89c0e.jpg,no_hand_detected,1
train,/content/American-Language-1/train/images/W-3-_jpeg.rf.68417735c3d5ee52ad56a8edce6a1744.jpg,no_hand_detected,1
train,/content/American-Language-1/train/images/W-31-_jpeg.rf.99cc246434844f4ce26f37744fe192ce.jpg,no_hand_detected,1
train,/content/American-Language-1/train/images/W-31-_jpeg.rf.cb125ee2dc498bfb95aca88e8d0242cd.jpg,no_hand_detected,1
train,/content/American-Language-1/train/images/W-38-_jpeg.rf.2e22aaddbb109d64a204f50558908e5c.jpg,no_hand_detected,1
train,/content/American-Language-1/train/images/W-4-_jpeg.rf.68e9b83e399ab724ec23c67c48e7ed7c.jpg,no_hand_detected,1
train,/content/American-Language-1/train/images/W-40-_jpeg.rf.9dbe0eed7bed57bf7075baf9895f648a.jpg,no_hand_detected,1
train,/content/American-Language-1/train/images/W-40-_jpeg.rf.c977776e7ed4702093dcca4cfd397f8c.jpg,no_hand_detected,1
train,/content/American-Language-1/train/images/W-41-_jpeg.rf.2adde89b546f5cfe034a2393651d84eb.jpg,no_hand_detected,1
train,/content/American-Language-1/train/images/W-41-_jpeg.rf.4d075bef7385313302cbd83b8cdae41e.jpg,no_hand_detected,1
train,/content/American-Language-1/train/images/W-41-_jpeg.rf.56e1810d62237e6a0e684ee60a70a436.jpg,no_hand_detected,1
train,/content/American-Language-1/train/images/W-42-_jpeg.rf.637f12564cf972d80d076c88cad50621.jpg,no_hand_detected,1
train,/content/American-Language-1/train/images/W-42-_jpeg.rf.9ffb5c5fa09b3306cf4c206dc110fbb0.jpg,no_hand_detected,1
train,/content/American-Language-1/train/images/W-44-_jpeg.rf.4a55236f4b13ef72c9f4c873b2b372d8.jpg,no_hand_detected,1
train,/content/American-Language-1/train/images/W-44-_jpeg.rf.77504a69a618a92e61d9f66a9a073224.jpg,no_hand_detected,1
train,/content/American-Language-1/train/images/W-44-_jpeg.rf.c8b3ebc11af3db27fee0010ac1e7da42.jpg,no_hand_detected,1
train,/content/American-Language-1/train/images/W-45-_jpeg.rf.551a3d0ec4ae4dab7a5be05c97724ee9.jpg,no_hand_detected,1
train,/content/American-Language-1/train/images/W-45-_jpeg.rf.86ea7dd223f2d738152c8edfa832183c.jpg,no_hand_detected,1
train,/content/American-Language-1/train/images/W-45-_jpeg.rf.a211abdec61c7a9feb1c4688b47f0231.jpg,no_hand_detected,1
train,/content/American-Language-1/train/images/W-46-_jpeg.rf.fc57124416b26737412b12496fdc0eac.jpg,no_hand_detected,1
train,/content/American-Language-1/train/images/W-5-_jpeg.rf.e650dff1f3e98fcda4b247d943635ecd.jpg,no_hand_detected,1
train,/content/American-Language-1/train/images/W-5-_jpeg.rf.f7107b7c2c154c3dfc52e60806a79540.jpg,no_hand_detected,1
train,/content/American-Language-1/train/images/W-50-_jpeg.rf.5159e530f5bed4da73031fb5bdb449e4.jpg,no_hand_detected,1
train,/content/American-Language-1/train/images/W-51-_jpeg.rf.8183d9cff908a78bc29c1740be335ad8.jpg,no_hand_detected,1
train,/content/American-Language-1/train/images/W-53-_jpeg.rf.2a6e3cb0c9e810be12d73e5e8fddd097.jpg,no_hand_detected,1
train,/content/American-Language-1/train/images/W-54-_jpeg.rf.590fc5e465f01c6c253bc951e5a87b07.jpg,no_hand_detected,1
train,/content/American-Language-1/train/images/W-6-_jpeg.rf.bfc89deb6654c8012cfc0035af4fcc42.jpg,no_hand_detected,1
train,/content/American-Language-1/train/images/W-61-_jpeg.rf.d964b6307b08978fd5b815da9a08b11e.jpg,no_hand_detected,1
train,/content/American-Language-1/train/images/W-62-_jpeg.rf.68059611d42641df50b2e26005c9af7d.jpg,no_hand_detected,1
train,/content/American-Language-1/train/images/W-65-_jpeg.rf.7418f8faa149617a6cdb48a9f55893b3.jpg,no_hand_detected,1
train,/content/American-Language-1/train/images/W-65-_jpeg.rf.adfa1f0db6ad2f186008aaf9904278e2.jpg,no_hand_detected,1
train,/content/American-Language-1/train/images/W-67-_jpeg.rf.9a23267250743c431cd3089cf2a1a919.jpg,no_hand_detected,1
train,/content/American-Language-1/train/images/W-69-_jpeg.rf.2d77d6919c67f78e9c7b5c38858477f4.jpg,no_hand_detected,1
train,/content/American-Language-1/train/images/W-69-_jpeg.rf.bffb77324451a13d191977a8b6c29f50.jpg,no_hand_detected,1
train,/content/American-Language-1/train/images/W-8-_jpeg.rf.add616163491df348428dad8634d6d00.jpg,no_hand_detected,1
train,/content/American-Language-1/train/images/W-8-_jpeg.rf.ee6175a57680e827340d98074d0ac559.jpg,no_hand_detected,1
train,/content/American-Language-1/train/images/W-9-_jpeg.rf.ca17e447f942c3d65a7aefbd475878e6.jpg,no_hand_detected,1
train,/content/American-Language-1/train/images/W11_jpg.rf.03ebe8b1a9d4a29123b23f2375eb958c.jpg,no_hand_detected,1
train,/content/American-Language-1/train/images/W11_jpg.rf.0a2d9826aa2fa8a75c1754624d7befe5.jpg,no_hand_detected,1
train,/content/American-Language-1/train/images/W11_jpg.rf.1039880e41c2427cad6353c2bf3120a4.jpg,no_hand_detected,1
train,/content/American-Language-1/train/images/W11_jpg.rf.66ddbf711fe9d6c988c8bdf8da993859.jpg,no_hand_detected,1
train,/content/American-Language-1/train/images/W11_jpg.rf.68b5d3c4f37d90a0983e5cd9376497c3.jpg,no_hand_detected,1
train,/content/American-Language-1/train/images/W11_jpg.rf.6faeeeaa26641548ffbd3d79b1226047.jpg,no_hand_detected,1
train,/content/American-Language-1/train/images/W11_jpg.rf.9be5bb0b98f9b37c6879ba45a01ca6d9.jpg,no_hand_detected,1
train,/content/American-Language-1/train/images/W11_jpg.rf.b10c6ae76cfa46d45b466b09de87d206.jpg,no_hand_detected,1
train,/content/American-Language-1/train/images/W12_jpg.rf.186db9b3255b86c17525bbb4184abf36.jpg,no_hand_detected,1
train,/content/American-Language-1/train/images/W12_jpg.rf.706ed22c3f15636518e667e02a161f50.jpg,no_hand_detected,1
train,/content/American-Language-1/train/images/W12_jpg.rf.f9d54b1cf556cbeef09ca49c141b2a69.jpg,no_hand_detected,1
train,/content/American-Language-1/train/images/W13_jpg.rf.3f53c41560de2e8aa644ca58a225595e.jpg,no_hand_detected,1
train,/content/American-Language-1/train/images/W13_jpg.rf.75b3b7a66ecebdca22aa07959f30a76a.jpg,no_hand_detected,1
train,/content/American-Language-1/train/images/W13_jpg.rf.8c36c221402cfd534947b6133a5aecfd.jpg,no_hand_detected,1
train,/content/American-Language-1/train/images/W14_jpg.rf.0f6119763519b3ea30849090cf6c2555.jpg,no_hand_detected,1
train,/content/American-Language-1/train/images/W14_jpg.rf.1380ba27b446ac00a2605a58fbb59487.jpg,no_hand_detected,1
train,/content/American-Language-1/train/images/W14_jpg.rf.1ae9c984738e5a2224ffc7db4de869f4.jpg,no_hand_detected,1
train,/content/American-Language-1/train/images/W14_jpg.rf.7ee89dcaeba358bc8ea7f1e33993340e.jpg,no_hand_detected,1
train,/content/American-Language-1/train/images/W14_jpg.rf.8a2f7bef7442616adf0d732418264133.jpg,no_hand_detected,1
train,/content/American-Language-1/train/images/W17_jpg.rf.04cf1358f7f405d80b25e74585ff777b.jpg,no_hand_detected,1
train,/content/American-Language-1/train/images/W17_jpg.rf.53dfe246bc1efc4e927961a8c889ddbf.jpg,no_hand_detected,1
train,/content/American-Language-1/train/images/W17_jpg.rf.5405b74e1bfc232fc7b8413c8158eac5.jpg,no_hand_detected,1
train,/content/American-Language-1/train/images/W17_jpg.rf.572808c2179757e39195b6145afc8f0c.jpg,no_hand_detected,1
train,/content/American-Language-1/train/images/W17_jpg.rf.5bdd65d2d0ba915e3aa7780e8f64f368.jpg,no_hand_detected,1
train,/content/American-Language-1/train/images/W17_jpg.rf.6f0dc01013c71911a604fec30e4d0aa9.jpg,no_hand_detected,1
train,/content/American-Language-1/train/images/W17_jpg.rf.7f32e99f3f4493f3407879568b48fd8a.jpg,no_hand_detected,1
train,/content/American-Language-1/train/images/W17_jpg.rf.e5bcc53540af71fc46b72093ed80c0af.jpg,no_hand_detected,1
train,/content/American-Language-1/train/images/W18_jpg.rf.1c460423eba18df744cfa5cd817b2cd9.jpg,no_hand_detected,1
train,/content/American-Language-1/train/images/W18_jpg.rf.35f1bc5e7318adf1a7d85a73ae1c937f.jpg,no_hand_detected,1
train,/content/American-Language-1/train/images/W18_jpg.rf.d7752e999369c1b4636317049355fb93.jpg,no_hand_detected,1
train,/content/American-Language-1/train/images/W19_jpg.rf.0c8b31b11a92baeb7fee9c9137b561a6.jpg,no_hand_detected,1
train,/content/American-Language-1/train/images/W1_jpg.rf.6d43f70ce50c4ea3ef017942049b12f9.jpg,no_hand_detected,1
train,/content/American-Language-1/train/images/W1_jpg.rf.93fcd82cfd236560ba4946958b9a5d9a.jpg,no_hand_detected,1
train,/content/American-Language-1/train/images/W1_jpg.rf.bd03150cd226bf131e3191951186384d.jpg,no_hand_detected,1
train,/content/American-Language-1/train/images/W21_jpg.rf.7e92cb86f9b213cbaca0e45c6bda3be0.jpg,no_hand_detected,1
train,/content/American-Language-1/train/images/W23_jpg.rf.0b4d9badc952ba25daee142ba1acbae1.jpg,no_hand_detected,1
train,/content/American-Language-1/train/images/W23_jpg.rf.4279629751bbf45fec8b879373de82d4.jpg,no_hand_detected,1
train,/content/American-Language-1/train/images/W23_jpg.rf.7e8888bbae946054e8b1f4872ba553ba.jpg,no_hand_detected,1
train,/content/American-Language-1/train/images/W2_jpg.rf.088fb061316bb4842a8b2a60c97f8b05.jpg,no_hand_detected,1
train,/content/American-Language-1/train/images/W2_jpg.rf.0c44db5968beaf7847eb2d6b0c634a50.jpg,no_hand_detected,1
train,/content/American-Language-1/train/images/W2_jpg.rf.393f4795d87989d389068f978fbedb19.jpg,no_hand_detected,1
train,/content/American-Language-1/train/images/W2_jpg.rf.480566a32bd3a84d40e4936d3544abe1.jpg,no_hand_detected,1
train,/content/American-Language-1/train/images/W2_jpg.rf.4efbb15051e1805cd0ce0ec1ec9bd77c.jpg,no_hand_detected,1
train,/content/American-Language-1/train/images/W2_jpg.rf.73553d0b7ab955d37046f35c6da240a9.jpg,no_hand_detected,1
train,/content/American-Language-1/train/images/W2_jpg.rf.a46b022bd6ea82ff9cf690e0c87462fe.jpg,no_hand_detected,1
train,/content/American-Language-1/train/images/W2_jpg.rf.b620e6af48d4c211d8fc09f93e201293.jpg,no_hand_detected,1
train,/content/American-Language-1/train/images/W2_jpg.rf.f20dc97c3bec63e007dba52b06190dbf.jpg,no_hand_detected,1
train,/content/American-Language-1/train/images/W4_jpg.rf.069a7abac52d0da22319e0551e89d8f3.jpg,no_hand_detected,1
train,/content/American-Language-1/train/images/W4_jpg.rf.2f7d93443f14a15078a573dd531e7197.jpg,no_hand_detected,1
train,/content/American-Language-1/train/images/W4_jpg.rf.9003d94c49a2e98711d1e5247a109638.jpg,no_hand_detected,1
train,/content/American-Language-1/train/images/W6_jpg.rf.02aa1494a98bd712f0032da27665d09f.jpg,no_hand_detected,1
train,/content/American-Language-1/train/images/W6_jpg.rf.e62098613f9c2a9e584c4f4f957804d6.jpg,no_hand_detected,1
train,/content/American-Language-1/train/images/W7_jpg.rf.fe622bc94985fd839849ca8b0055a0d4.jpg,no_hand_detected,1
train,/content/American-Language-1/train/images/W8_jpg.rf.39431e1b2f43114e5e67e6226ca2b488.jpg,no_hand_detected,1
train,/content/American-Language-1/train/images/W9_jpg.rf.0bb29aed2899183ee2034430122aedf2.jpg,no_hand_detected,1
train,/content/American-Language-1/train/images/W9_jpg.rf.4510271eb8cb9645c964566cfaa11283.jpg,no_hand_detected,1
train,/content/American-Language-1/train/images/W9_jpg.rf.5d322736690fc4270223eb024663e338.jpg,no_hand_detected,1
train,/content/American-Language-1/train/images/W9_jpg.rf.8bedef77b82c8010d027db8957fb5e1f.jpg,no_hand_detected,1
train,/content/American-Language-1/train/images/W9_jpg.rf.8edf404422813195deef59655d07b125.jpg,no_hand_detected,1
train,/content/American-Language-1/train/images/W9_jpg.rf.b1eba8932b68d4453bb5602d1abbc3f5.jpg,no_hand_detected,1
train,/content/American-Language-1/train/images/W9_jpg.rf.e47b93d40ce7e750faeaee456b65c174.jpg,no_hand_detected,1
train,/content/American-Language-1/train/images/W9_jpg.rf.e84605a7542a4854d70a7aeeca2bae92.jpg,no_hand_detected,1
train,/content/American-Language-1/train/images/X-12-_jpeg.rf.3abf06a288a70bc8fbdb00da32f53419.jpg,no_hand_detected,1
train,/content/American-Language-1/train/images/X-12-_jpeg.rf.8006c44e105e680b567d85475e878759.jpg,no_hand_detected,1
train,/content/American-Language-1/train/images/X-12-_jpeg.rf.9ffdf44fea3829b8796434f6233ea133.jpg,no_hand_detected,1
train,/content/American-Language-1/train/images/X-14-_jpeg.rf.06ea69c680f7b87780c7df3d0e237c73.jpg,no_hand_detected,1
train,/content/American-Language-1/train/images/X-14-_jpeg.rf.5abc04e290853ac9c6569da48149ccf5.jpg,no_hand_detected,1
train,/content/American-Language-1/train/images/X-14-_jpeg.rf.943f99d03903dcd7007ee3a8e3ce28ca.jpg,no_hand_detected,1
train,/content/American-Language-1/train/images/X-15-_jpeg.rf.4987be36e27573ab60a1350802d33f27.jpg,no_hand_detected,1
train,/content/American-Language-1/train/images/X-15-_jpeg.rf.7daa8c5848f161b71c1bcd6b794b0ce3.jpg,no_hand_detected,1
train,/content/American-Language-1/train/images/X-15-_jpeg.rf.ba7afc2b8bad823586da2d16c7c2feb2.jpg,no_hand_detected,1
train,/content/American-Language-1/train/images/X-18-_jpeg.rf.30b82f69cdef8e545c5ed1f5878237aa.jpg,no_hand_detected,1
train,/content/American-Language-1/train/images/X-18-_jpeg.rf.38c50650458e29e91a21d81665e8d625.jpg,no_hand_detected,1
train,/content/American-Language-1/train/images/X-18-_jpeg.rf.5d40a71ae53fd2da90004f6342a1b739.jpg,no_hand_detected,1
train,/content/American-Language-1/train/images/X-19-_jpeg.rf.52202134974a23d9b003eaa98dd50a94.jpg,no_hand_detected,1
train,/content/American-Language-1/train/images/X-19-_jpeg.rf.6a3a22c9304a6ca7fa657fc084fe7a7f.jpg,no_hand_detected,1
train,/content/American-Language-1/train/images/X-19-_jpeg.rf.bafc09e531fa9c487cedfc6102798f98.jpg,no_hand_detected,1
train,/content/American-Language-1/train/images/X-20-_jpeg.rf.14f5f4515f26c38291153d51fbcd87ec.jpg,no_hand_detected,1
train,/content/American-Language-1/train/images/X-20-_jpeg.rf.1d98d8cbebf2918e855fc895eed4e77c.jpg,no_hand_detected,1
train,/content/American-Language-1/train/images/X-20-_jpeg.rf.ef00fa0d4e1d60a835ffbb3764ce223e.jpg,no_hand_detected,1
train,/content/American-Language-1/train/images/X-21-_jpeg.rf.08f1aadf8b77a94630f5c89d8a4f3c0e.jpg,no_hand_detected,1
train,/content/American-Language-1/train/images/X-21-_jpeg.rf.ba83d83b1ce799cbe869966428855d48.jpg,no_hand_detected,1
train,/content/American-Language-1/train/images/X-21-_jpeg.rf.dc390a81559aa7bd412d62ef9a7e7e87.jpg,no_hand_detected,1
train,/content/American-Language-1/train/images/X-22-_jpeg.rf.3210581703c7b1379404d57f6df67ef5.jpg,no_hand_detected,1
train,/content/American-Language-1/train/images/X-22-_jpeg.rf.84b91055a266c883caf8b2f12d889e63.jpg,no_hand_detected,1
train,/content/American-Language-1/train/images/X-22-_jpeg.rf.93882ab105cb4cab198c3e47e8b22053.jpg,no_hand_detected,1
train,/content/American-Language-1/train/images/X-23-_jpeg.rf.773a6dddb98f68162b0bdb6a688d1147.jpg,no_hand_detected,1
train,/content/American-Language-1/train/images/X-23-_jpeg.rf.8f7523a297c08109ee84b9d17daa6901.jpg,no_hand_detected,1
train,/content/American-Language-1/train/images/X-23-_jpeg.rf.946bd41676dfdd4e8b97354562a81bfa.jpg,no_hand_detected,1
train,/content/American-Language-1/train/images/X-40-_jpeg.rf.081bc50dd41f5b15dbc1c8caea3b2628.jpg,no_hand_detected,1
train,/content/American-Language-1/train/images/X-41-_jpeg.rf.2efbbbb5da85fbf7eed826e8b6e28adc.jpg,no_hand_detected,1
train,/content/American-Language-1/train/images/X-41-_jpeg.rf.d7e48f3f211ce9f92b7778ec9a249fb2.jpg,no_hand_detected,1
train,/content/American-Language-1/train/images/X-42-_jpeg.rf.1b86949d499e865dc624033a40f4c238.jpg,no_hand_detected,1
train,/content/American-Language-1/train/images/X-44-_jpeg.rf.15efb137874429ba8d2cedc9bfc09eb5.jpg,no_hand_detected,1
train,/content/American-Language-1/train/images/X-44-_jpeg.rf.1c2edd28a2206a566f878d919f80df01.jpg,no_hand_detected,1
train,/content/American-Language-1/train/images/X-46-_jpeg.rf.51f09a8f0949bbb2de401651addfb443.jpg,no_hand_detected,1
train,/content/American-Language-1/train/images/X-46-_jpeg.rf.79147a08ed934d27586b01ce420ea902.jpg,no_hand_detected,1
train,/content/American-Language-1/train/images/X-47-_jpeg.rf.05ad0ad4e033750ede60f5668fe01bbc.jpg,no_hand_detected,1
train,/content/American-Language-1/train/images/X-47-_jpeg.rf.17ded3ce9e5e4d8d0605a791f4653c44.jpg,no_hand_detected,1
train,/content/American-Language-1/train/images/X-47-_jpeg.rf.bad64c7325e009e6c8b167b05d7f4a5c.jpg,no_hand_detected,1
train,/content/American-Language-1/train/images/X-48-_jpeg.rf.224fa8f7a5544cc08679148de1ceeb42.jpg,no_hand_detected,1
train,/content/American-Language-1/train/images/X-48-_jpeg.rf.3abad11d0cf1f8c6bf5b79ef22034497.jpg,no_hand_detected,1
train,/content/American-Language-1/train/images/X-48-_jpeg.rf.798cfca871e1860580c334f7fa0ef21e.jpg,no_hand_detected,1
train,/content/American-Language-1/train/images/X-5-_jpeg.rf.1f3742a4671c0bc03b42799d131040ec.jpg,no_hand_detected,1
train,/content/American-Language-1/train/images/X-5-_jpeg.rf.e4aa3449713374583f7e8b0a194c33ad.jpg,no_hand_detected,1
train,/content/American-Language-1/train/images/X-50-_jpeg.rf.53f9ad3408e3579e0b51dff4aae626b2.jpg,no_hand_detected,1
train,/content/American-Language-1/train/images/X-50-_jpeg.rf.bedae932c835a1261561cdc26405894d.jpg,no_hand_detected,1
train,/content/American-Language-1/train/images/X-60-_jpeg.rf.03937f07c7783c8824c3c44cb9a160d4.jpg,no_hand_detected,1
train,/content/American-Language-1/train/images/X-67-_jpeg.rf.8809ed3f5fded7232fa9a8d5365ad01c.jpg,no_hand_detected,1
train,/content/American-Language-1/train/images/X-68-_jpeg.rf.ae8d7676fb1b6a4a61798063939b47b4.jpg,no_hand_detected,1
train,/content/American-Language-1/train/images/X-68-_jpeg.rf.b2c91e96e592ddc198e079bef49c008f.jpg,no_hand_detected,1
train,/content/American-Language-1/train/images/X-68-_jpeg.rf.c080b024354eab4e38f7001562f869e9.jpg,no_hand_detected,1
train,/content/American-Language-1/train/images/X0_jpg.rf.b641083ca34737d91de9e0899f5263b8.jpg,no_hand_detected,1
train,/content/American-Language-1/train/images/X0_jpg.rf.d9874eabfdc780a639a99e48e5bf1c1b.jpg,no_hand_detected,1
train,/content/American-Language-1/train/images/X0_jpg.rf.ff9386c4656666dbf3024b75b476c96e.jpg,no_hand_detected,1
train,/content/American-Language-1/train/images/X11_jpg.rf.73941db1e4160ad10b059c0726520db8.jpg,no_hand_detected,1
train,/content/American-Language-1/train/images/X11_jpg.rf.ebe1763790e286aec9f3ef6b6d7d079d.jpg,no_hand_detected,1
train,/content/American-Language-1/train/images/X16_jpg.rf.1b63081368a21cd6e82407ab883822af.jpg,no_hand_detected,1
train,/content/American-Language-1/train/images/X16_jpg.rf.8321393a1bb3a239104cc322981c7bbe.jpg,no_hand_detected,1
train,/content/American-Language-1/train/images/X16_jpg.rf.b0c1d054547f66f50fe66d008234cec9.jpg,no_hand_detected,1
train,/content/American-Language-1/train/images/X16_jpg.rf.c8860ea9e2a27ed110f035a864ea5365.jpg,no_hand_detected,1
train,/content/American-Language-1/train/images/X18_jpg.rf.1549a52ab1429b2fe71b5c1605d73cb3.jpg,no_hand_detected,1
train,/content/American-Language-1/train/images/X18_jpg.rf.6380f80c8d5347db1a38ac92799f6e54.jpg,no_hand_detected,1
train,/content/American-Language-1/train/images/X18_jpg.rf.f0ee6c6d0c1e406d32f164266b2cc76d.jpg,no_hand_detected,1
train,/content/American-Language-1/train/images/X1_jpg.rf.2df03d044067238525307083a8f09265.jpg,no_hand_detected,1
train,/content/American-Language-1/train/images/X1_jpg.rf.7311bbcff87ac7edced4db5148f81520.jpg,no_hand_detected,1
train,/content/American-Language-1/train/images/X1_jpg.rf.ed403bad6319e191a71eba64c6181d4a.jpg,no_hand_detected,1
train,/content/American-Language-1/train/images/X22_jpg.rf.0467347817ef57b16d2066bd7864d93b.jpg,no_hand_detected,1
train,/content/American-Language-1/train/images/X22_jpg.rf.192f9415d0321084112b9009d10e614a.jpg,no_hand_detected,1
train,/content/American-Language-1/train/images/X22_jpg.rf.4cb3664efca8a92dfa0d7386f4e366a4.jpg,no_hand_detected,1
train,/content/American-Language-1/train/images/X3_jpg.rf.174035a443d883f3de63ea9f746fb487.jpg,no_hand_detected,1
train,/content/American-Language-1/train/images/X3_jpg.rf.96b5265075d9d66f6988e75527ba939f.jpg,no_hand_detected,1
train,/content/American-Language-1/train/images/X3_jpg.rf.b4b4009674e689403b2f77a9eed04648.jpg,no_hand_detected,1
train,/content/American-Language-1/train/images/X4_jpg.rf.06dd9e59785df9ab2d16a08852dbb416.jpg,no_hand_detected,1
train,/content/American-Language-1/train/images/X5_jpg.rf.03a6211d0780af8754f574dda2f53043.jpg,no_hand_detected,1
train,/content/American-Language-1/train/images/X5_jpg.rf.17e4c77cfe383d42c7663cf6b7af6a6a.jpg,no_hand_detected,1
train,/content/American-Language-1/train/images/X5_jpg.rf.586a9551faeab5e3b23978d1b9cf2d7a.jpg,no_hand_detected,1
train,/content/American-Language-1/train/images/X5_jpg.rf.7f9c63f7b2fffb26eeb5d72a47ec2f88.jpg,no_hand_detected,1
train,/content/American-Language-1/train/images/X5_jpg.rf.aadcce1fb7691e272710a24d8385542a.jpg,no_hand_detected,1
train,/content/American-Language-1/train/images/X5_jpg.rf.f951c3f0249cd99fba0e3a7244abee40.jpg,no_hand_detected,1
train,/content/American-Language-1/train/images/X9_jpg.rf.2d6fd8dbbe2f6c32880efc3df1322040.jpg,no_hand_detected,1
train,/content/American-Language-1/train/images/Y-13-_jpeg.rf.40b48d65c8a58e66d12c693e81cf5a19.jpg,no_hand_detected,1
train,/content/American-Language-1/train/images/Y-13-_jpeg.rf.8318e6988b0558f36285d15854cafa4d.jpg,no_hand_detected,1
train,/content/American-Language-1/train/images/Y-13-_jpeg.rf.99b39143cc623681d5882c38ebd653dd.jpg,no_hand_detected,1
train,/content/American-Language-1/train/images/Y-14-_jpeg.rf.855a8800bc1a9f05f0f16080baa36585.jpg,no_hand_detected,1
train,/content/American-Language-1/train/images/Y-14-_jpeg.rf.c31e3fa9316e5a0f30859129a6dacea4.jpg,no_hand_detected,1
train,/content/American-Language-1/train/images/Y-14-_jpeg.rf.e738a3ea83c2c53962dfa0196816eed6.jpg,no_hand_detected,1
train,/content/American-Language-1/train/images/Y-15-_jpeg.rf.4cc674897a65f077b7ba8688cbb53198.jpg,no_hand_detected,1
train,/content/American-Language-1/train/images/Y-15-_jpeg.rf.72cd3797179477f6b0f6858ccadc4fd7.jpg,no_hand_detected,1
train,/content/American-Language-1/train/images/Y-15-_jpeg.rf.e3899422094fcf82ddb9186081cb0b06.jpg,no_hand_detected,1
train,/content/American-Language-1/train/images/Y-16-_jpeg.rf.d8fb88e0f1c9e65a726a127eb30714f9.jpg,no_hand_detected,1
train,/content/American-Language-1/train/images/Y-16-_jpeg.rf.f772b3f1238646ec449d6c2cb00d5946.jpg,no_hand_detected,1
train,/content/American-Language-1/train/images/Y-17-_jpeg.rf.d8d6bb34c482a72f74e610b24d074e5b.jpg,no_hand_detected,1
train,/content/American-Language-1/train/images/Y-17-_jpeg.rf.dbc94bbca0eab1726d7922a19be42f89.jpg,no_hand_detected,1
train,/content/American-Language-1/train/images/Y-18-_jpeg.rf.6b56256f240be666b26a2df7e67a2a04.jpg,no_hand_detected,1
train,/content/American-Language-1/train/images/Y-2-_jpeg.rf.d3e1ee61411e233c3bac5f32ecee26b6.jpg,no_hand_detected,1
train,/content/American-Language-1/train/images/Y-2-_jpeg.rf.eb8bdb2485e7eeefe3b99b8dae63bca4.jpg,no_hand_detected,1
train,/content/American-Language-1/train/images/Y-20-_jpeg.rf.df15c301028861e73e238110e5aa4ad4.jpg,no_hand_detected,1
train,/content/American-Language-1/train/images/Y-22-_jpeg.rf.90b7820a390b006fb3574573c2b3608c.jpg,no_hand_detected,1
train,/content/American-Language-1/train/images/Y-22-_jpeg.rf.dd08e4d4bafdfd2071d2bc189eb49859.jpg,no_hand_detected,1
train,/content/American-Language-1/train/images/Y-23-_jpeg.rf.7c4432cdb5cc7c5d6cec6f33a4dd8c74.jpg,no_hand_detected,1
train,/content/American-Language-1/train/images/Y-23-_jpeg.rf.eee556591c2134fc91b4bf6f3c9be36a.jpg,no_hand_detected,1
train,/content/American-Language-1/train/images/Y-24-_jpeg.rf.04fda286130f048fdd934bfdf44fd00f.jpg,no_hand_detected,1
train,/content/American-Language-1/train/images/Y-24-_jpeg.rf.8b73abc1df3e6a4f9b7d528a142f999b.jpg,no_hand_detected,1
train,/content/American-Language-1/train/images/Y-27-_jpeg.rf.52124a7ca9d4e94d63bffc98eb2e5736.jpg,no_hand_detected,1
train,/content/American-Language-1/train/images/Y-28-_jpeg.rf.44a11fb4808b5448dc0b7631f6e1c864.jpg,no_hand_detected,1
train,/content/American-Language-1/train/images/Y-28-_jpeg.rf.feeff23f868e5332804f9464e5c00fa1.jpg,no_hand_detected,1
train,/content/American-Language-1/train/images/Y-3-_jpeg.rf.143af38405e0fe5824f987d85c07a3de.jpg,no_hand_detected,1
train,/content/American-Language-1/train/images/Y-33-_jpeg.rf.6c0f75f995a98fae250c66350ccd4059.jpg,no_hand_detected,1
train,/content/American-Language-1/train/images/Y-36-_jpeg.rf.1d400b94eaac3f973a642f6ffabb28a5.jpg,no_hand_detected,1
train,/content/American-Language-1/train/images/Y-36-_jpeg.rf.d34fe46bafba39dbd97207e719f756ed.jpg,no_hand_detected,1
train,/content/American-Language-1/train/images/Y-36-_jpeg.rf.fde0872f90f572aba5abe7ba637fb533.jpg,no_hand_detected,1
train,/content/American-Language-1/train/images/Y-37-_jpeg.rf.254c2717c6673a7779f3faca5f79a337.jpg,no_hand_detected,1
train,/content/American-Language-1/train/images/Y-37-_jpeg.rf.f6b4da0bc4d6486636a51937c0dade4b.jpg,no_hand_detected,1
train,/content/American-Language-1/train/images/Y-37-_jpeg.rf.fc3b072359fe10bb41e63dd3faed7c07.jpg,no_hand_detected,1
train,/content/American-Language-1/train/images/Y-38-_jpeg.rf.1ca4bf899b36c4259f82607e9f46fe63.jpg,no_hand_detected,1
train,/content/American-Language-1/train/images/Y-38-_jpeg.rf.938b92a6c5ee6569763a86c9c930ab5e.jpg,no_hand_detected,1
train,/content/American-Language-1/train/images/Y-38-_jpeg.rf.cabd214814097953b62f94dc5dd21562.jpg,no_hand_detected,1
train,/content/American-Language-1/train/images/Y-40-_jpeg.rf.34df1d523e899c81518ad1f108ba451f.jpg,no_hand_detected,1
train,/content/American-Language-1/train/images/Y-40-_jpeg.rf.65e3ca6d7d6e78b76f5793350b480f99.jpg,no_hand_detected,1
train,/content/American-Language-1/train/images/Y-40-_jpeg.rf.8f23b55e89dc49fa1b1c60a71c495d3b.jpg,no_hand_detected,1
train,/content/American-Language-1/train/images/Y-41-_jpeg.rf.11bdcc45b5975a1f500cb9b12fae8765.jpg,no_hand_detected,1
train,/content/American-Language-1/train/images/Y-41-_jpeg.rf.548b6aef95cb0f8cd2311883884fad99.jpg,no_hand_detected,1
train,/content/American-Language-1/train/images/Y-41-_jpeg.rf.91e0eb17fca27fda38abe93e3d042adc.jpg,no_hand_detected,1
train,/content/American-Language-1/train/images/Y-43-_jpeg.rf.7f17f344072c01cbb9a2698b5c489f8a.jpg,no_hand_detected,1
train,/content/American-Language-1/train/images/Y-43-_jpeg.rf.8333418bcd63bd91368c7c72e2c9ed00.jpg,no_hand_detected,1
train,/content/American-Language-1/train/images/Y-43-_jpeg.rf.bedd1336dcdf48a70476647c7c98ff25.jpg,no_hand_detected,1
train,/content/American-Language-1/train/images/Y-44-_jpeg.rf.4bf03f542f4a712f0dc5c6ff791c4056.jpg,no_hand_detected,1
train,/content/American-Language-1/train/images/Y-44-_jpeg.rf.79ef8ef1fbf50330ad20b50117336336.jpg,no_hand_detected,1
train,/content/American-Language-1/train/images/Y-44-_jpeg.rf.8a3064c3e236001dccb8f0a872108f68.jpg,no_hand_detected,1
train,/content/American-Language-1/train/images/Y-45-_jpeg.rf.738a53fa712397dc3311f5b75ac9b567.jpg,no_hand_detected,1
train,/content/American-Language-1/train/images/Y-5-_jpeg.rf.cf419738c0c6d3b5b609e59af409b1b1.jpg,no_hand_detected,1
train,/content/American-Language-1/train/images/Y-5-_jpeg.rf.d9bbcd35ec80da94d56239b9b48eb5c8.jpg,no_hand_detected,1
train,/content/American-Language-1/train/images/Y-50-_jpeg.rf.84e5a3246da668a6b26556166a76e2c1.jpg,no_hand_detected,1
train,/content/American-Language-1/train/images/Y-50-_jpeg.rf.887b83a3d22cb1ab1d25e6af000dc172.jpg,no_hand_detected,1
train,/content/American-Language-1/train/images/Y-59-_jpeg.rf.87b0f543ac1585f3e862f93729bcd856.jpg,no_hand_detected,1
train,/content/American-Language-1/train/images/Y-59-_jpeg.rf.ea45d0fec719fb74afbb5859aa05df58.jpg,no_hand_detected,1
train,/content/American-Language-1/train/images/Y-59-_jpeg.rf.ebf1ec7356fe3aba2e9c827cd356044d.jpg,no_hand_detected,1
train,/content/American-Language-1/train/images/Y-6-_jpeg.rf.211963188c9edf0cb5a4641b3ee4d8f5.jpg,no_hand_detected,1
train,/content/American-Language-1/train/images/Y-61-_jpeg.rf.10d3dcd17e9b1e443343514799382244.jpg,no_hand_detected,1
train,/content/American-Language-1/train/images/Y-61-_jpeg.rf.4274786e644de3a85d458bad32d0d19b.jpg,no_hand_detected,1
train,/content/American-Language-1/train/images/Y-61-_jpeg.rf.ba33f0d972afedeb5d52da1fa6aa0b4c.jpg,no_hand_detected,1
train,/content/American-Language-1/train/images/Y-64-_jpeg.rf.2176374309609fc453dcf4c8fb69c2bd.jpg,no_hand_detected,1
train,/content/American-Language-1/train/images/Y-64-_jpeg.rf.31c639cbec75e797b238cb7a664bdf22.jpg,no_hand_detected,1
train,/content/American-Language-1/train/images/Y-64-_jpeg.rf.e5c516ca229762371f96d00d88ea98b3.jpg,no_hand_detected,1
train,/content/American-Language-1/train/images/Y-66-_jpeg.rf.35b26aae455a0b8774c50a06ccd6bb08.jpg,no_hand_detected,1
train,/content/American-Language-1/train/images/Y-67-_jpeg.rf.07875e1b094a6b7679623a1bab3f59f3.jpg,no_hand_detected,1
train,/content/American-Language-1/train/images/Y-67-_jpeg.rf.2284c23bdc42a6470d6222737c62b52f.jpg,no_hand_detected,1
train,/content/American-Language-1/train/images/Y-69-_jpeg.rf.348a978bb55e329cf98f048b31935de2.jpg,no_hand_detected,1
train,/content/American-Language-1/train/images/Y-69-_jpeg.rf.458399145bf7e3a841f41e0f8db2bae5.jpg,no_hand_detected,1
train,/content/American-Language-1/train/images/Y-8-_jpeg.rf.5b8ea00ad622f88e9e577b66d1dd67aa.jpg,no_hand_detected,1
train,/content/American-Language-1/train/images/Y-8-_jpeg.rf.799bd655ce22631534a2cf40a1b0751a.jpg,no_hand_detected,1
train,/content/American-Language-1/train/images/Y-8-_jpeg.rf.e9a2f37badc625c2ee4ed9c2d7d68731.jpg,no_hand_detected,1
train,/content/American-Language-1/train/images/Y14_jpg.rf.c32a4693a2f21a0500b59119e4da8bfe.jpg,no_hand_detected,1
train,/content/American-Language-1/train/images/Y15_jpg.rf.69aceee4fc56ce33497ce9cad5606736.jpg,no_hand_detected,1
train,/content/American-Language-1/train/images/Y15_jpg.rf.78b0a43229844ffcfc6cabb94a02c177.jpg,no_hand_detected,1
train,/content/American-Language-1/train/images/Y18_jpg.rf.1473ce45d6dcc453fe2a80e5c392452b.jpg,no_hand_detected,1
train,/content/American-Language-1/train/images/Y18_jpg.rf.949335fdab2c95852dd8c5ca4a01ab2d.jpg,no_hand_detected,1
train,/content/American-Language-1/train/images/Y18_jpg.rf.c9614111a8e863eb9a31beea6cdfe853.jpg,no_hand_detected,1
train,/content/American-Language-1/train/images/Y19_jpg.rf.86bd6aee48fc8039294a33953045ac42.jpg,no_hand_detected,1
train,/content/American-Language-1/train/images/Y19_jpg.rf.ad6943417beba600d2e0439f6995fcb1.jpg,no_hand_detected,1
train,/content/American-Language-1/train/images/Y19_jpg.rf.ecd2b761e91e1e6f9416aaba0fd12afa.jpg,no_hand_detected,1
train,/content/American-Language-1/train/images/Y19_jpg.rf.f7118316590454a5fdd33ed4297e00de.jpg,no_hand_detected,1
train,/content/American-Language-1/train/images/Y1_jpg.rf.156906732268d148ee9f7e2b7ca2e581.jpg,no_hand_detected,1
train,/content/American-Language-1/train/images/Y1_jpg.rf.2e376927ca5c4d9e354076ab1f6d4b31.jpg,no_hand_detected,1
train,/content/American-Language-1/train/images/Y1_jpg.rf.5315b5a7645fad566d7e1bd63c26d612.jpg,no_hand_detected,1
train,/content/American-Language-1/train/images/Y1_jpg.rf.5ccb1ef010d3bf1996ee83345cfb701a.jpg,no_hand_detected,1
train,/content/American-Language-1/train/images/Y1_jpg.rf.634b5be8ccbfb2a695869a3dcefb193f.jpg,no_hand_detected,1
train,/content/American-Language-1/train/images/Y1_jpg.rf.8cf82605b8f4cbbdfa0e405d1307cd0c.jpg,no_hand_detected,1
train,/content/American-Language-1/train/images/Y4_jpg.rf.4a768a2b25f6c680882861e00aaacab4.jpg,no_hand_detected,1
train,/content/American-Language-1/train/images/Y4_jpg.rf.678201d528b10f1bd7f1bb5d598844f4.jpg,no_hand_detected,1
train,/content/American-Language-1/train/images/Y4_jpg.rf.c1e876013c84ea2e4c7685b0822f040b.jpg,no_hand_detected,1
train,/content/American-Language-1/train/images/Y4_jpg.rf.c7935602bb545ae2fa008d3093cf5c58.jpg,no_hand_detected,1
train,/content/American-Language-1/train/images/Y4_jpg.rf.d28180674ec5f4b82ca795f2381087b5.jpg,no_hand_detected,1
train,/content/American-Language-1/train/images/Z-1-_jpeg.rf.2abe97e420a145a37d2230cbfb3a7a10.jpg,no_hand_detected,1
train,/content/American-Language-1/train/images/Z-11-_jpeg.rf.19ba6150f61a8ae160265b81e8c66886.jpg,no_hand_detected,1
train,/content/American-Language-1/train/images/Z-11-_jpeg.rf.49c42a2e3bc1d34a4c018f17a7b68b80.jpg,no_hand_detected,1
train,/content/American-Language-1/train/images/Z-12-_jpeg.rf.fd2b9bc49f53f99edef7d913ddd53094.jpg,no_hand_detected,1
train,/content/American-Language-1/train/images/Z-15-_jpeg.rf.5e7f62cf9ffe96f7b79f8d5b3702e5c2.jpg,no_hand_detected,1
train,/content/American-Language-1/train/images/Z-15-_jpeg.rf.79cda9ca878a6140cdef5698f058b63b.jpg,no_hand_detected,1
train,/content/American-Language-1/train/images/Z-16-_jpeg.rf.63d70b7d1c939b0aa42390f60bd076ef.jpg,no_hand_detected,1
train,/content/American-Language-1/train/images/Z-16-_jpeg.rf.eaf3f600dc8d525453913a285681d668.jpg,no_hand_detected,1
train,/content/American-Language-1/train/images/Z-18-_jpeg.rf.2242297b82f4bcd840bc47ba3bbb2cc0.jpg,no_hand_detected,1
train,/content/American-Language-1/train/images/Z-19-_jpeg.rf.6ff88f5ea16bc6b6a4b970cc93636ed4.jpg,no_hand_detected,1
train,/content/American-Language-1/train/images/Z-19-_jpeg.rf.988705293df2ea78b658d519511fbe77.jpg,no_hand_detected,1
train,/content/American-Language-1/train/images/Z-2-_jpeg.rf.2e4c382071faf5b0e8d69a167c823e13.jpg,no_hand_detected,1
train,/content/American-Language-1/train/images/Z-2-_jpeg.rf.3d7321d23a6ca850b346b0637a443ca0.jpg,no_hand_detected,1
train,/content/American-Language-1/train/images/Z-22-_jpeg.rf.c11c1bb03d05fe5ee648d2846da76956.jpg,no_hand_detected,1
train,/content/American-Language-1/train/images/Z-25-_jpeg.rf.c678972d0dc85631e57a9a5fe7ff9d28.jpg,no_hand_detected,1
train,/content/American-Language-1/train/images/Z-27-_jpeg.rf.296ba16cada7a0aace5171212c98f73d.jpg,no_hand_detected,1
train,/content/American-Language-1/train/images/Z-29-_jpeg.rf.0ac591d50ca2f7dcbdc70c1a6acab179.jpg,no_hand_detected,1
train,/content/American-Language-1/train/images/Z-29-_jpeg.rf.ef13c6068a627b7893beb1105a580676.jpg,no_hand_detected,1
train,/content/American-Language-1/train/images/Z-3-_jpeg.rf.679b81664f172d07c0e86ef412c93f55.jpg,no_hand_detected,1
train,/content/American-Language-1/train/images/Z-37-_jpeg.rf.7f555b096fd15b58e1a432f26ddc47c5.jpg,no_hand_detected,1
train,/content/American-Language-1/train/images/Z-4-_jpeg.rf.3976e3a38f89a8d003c28bffc0ea1eda.jpg,no_hand_detected,1
train,/content/American-Language-1/train/images/Z-42-_jpeg.rf.dd059ee4e2f5bf228e46ce8b30cb2c14.jpg,no_hand_detected,1
train,/content/American-Language-1/train/images/Z-44-_jpeg.rf.bb6bac6a3353b0c7ac5a70a9b4ec5089.jpg,no_hand_detected,1
train,/content/American-Language-1/train/images/Z-5-_jpeg.rf.f5c3fa7a54e40278bc6d23c4509d2036.jpg,no_hand_detected,1
train,/content/American-Language-1/train/images/Z-56-_jpeg.rf.4291851a62d3a9883b4ed9da811bd4f0.jpg,no_hand_detected,1
train,/content/American-Language-1/train/images/Z-56-_jpeg.rf.ec18c6b3b5c684596d98bc35e0535787.jpg,no_hand_detected,1
train,/content/American-Language-1/train/images/Z-59-_jpeg.rf.07382e63c24e808ef195e84f37f17161.jpg,no_hand_detected,1
train,/content/American-Language-1/train/images/Z-59-_jpeg.rf.b837dddc02dd6db988ba4e2bd46a5896.jpg,no_hand_detected,1
train,/content/American-Language-1/train/images/Z-61-_jpeg.rf.0e253b601a11f6cc66d65df12a84d3bb.jpg,no_hand_detected,1
train,/content/American-Language-1/train/images/Z-61-_jpeg.rf.1cec1bb8c85be3625fa31d9f516810af.jpg,no_hand_detected,1
train,/content/American-Language-1/train/images/Z-61-_jpeg.rf.de57fd3eb748c81dfbcecd5867a826ac.jpg,no_hand_detected,1
train,/content/American-Language-1/train/images/Z-62-_jpeg.rf.79fcaa2af58125f66a6528ed2dad1d06.jpg,no_hand_detected,1
train,/content/American-Language-1/train/images/Z-63-_jpeg.rf.1a197236cae07db895019b5a67d5362e.jpg,no_hand_detected,1
train,/content/American-Language-1/train/images/Z-65-_jpeg.rf.2df277eb35e1b599e7e58e16361fa38e.jpg,no_hand_detected,1
train,/content/American-Language-1/train/images/Z-65-_jpeg.rf.853a0823235246b7e11bbd9aa3bdaf6e.jpg,no_hand_detected,1
train,/content/American-Language-1/train/images/Z-65-_jpeg.rf.f749a32a5a63c74b5074f5cabfaf35ea.jpg,no_hand_detected,1
train,/content/American-Language-1/train/images/Z0_jpg.rf.0c648151e8c80e6369fc729fe0840cc8.jpg,no_hand_detected,1
train,/content/American-Language-1/train/images/Z0_jpg.rf.198704d2d553963ce412ba054ba37d88.jpg,no_hand_detected,1
train,/content/American-Language-1/train/images/Z0_jpg.rf.2cb455c82fe571d7acdd3faae9377e20.jpg,no_hand_detected,1
train,/content/American-Language-1/train/images/Z0_jpg.rf.48c97c367cfb8065278afe570b2e0d0a.jpg,no_hand_detected,1
train,/content/American-Language-1/train/images/Z0_jpg.rf.6e1d23c3d67d805492364b55aedead1c.jpg,no_hand_detected,1
train,/content/American-Language-1/train/images/Z0_jpg.rf.78de02de52647ddd8699cf33ecfc9e42.jpg,no_hand_detected,1
train,/content/American-Language-1/train/images/Z0_jpg.rf.943e517eb6d44c2da587f6503f606cea.jpg,no_hand_detected,1
train,/content/American-Language-1/train/images/Z0_jpg.rf.b19c51cb05a3c148ff988f8f7282dc94.jpg,no_hand_detected,1
train,/content/American-Language-1/train/images/Z0_jpg.rf.cc12595922bb7f45a8818fad3af3f8ee.jpg,no_hand_detected,1
train,/content/American-Language-1/train/images/Z12_jpg.rf.2101df9e64b799b53e00d680e7195106.jpg,no_hand_detected,1
train,/content/American-Language-1/train/images/Z12_jpg.rf.2f2990d8ffd9bd53f6c158c9054ea780.jpg,no_hand_detected,1
train,/content/American-Language-1/train/images/Z12_jpg.rf.5defa80d35ab6615dd147241bffb25ed.jpg,no_hand_detected,1
train,/content/American-Language-1/train/images/Z12_jpg.rf.9d6567b2871b0cf401c545a6cda4d247.jpg,no_hand_detected,1
train,/content/American-Language-1/train/images/Z12_jpg.rf.b9ddf1cf87fe79a521630e129615db3c.jpg,no_hand_detected,1
train,/content/American-Language-1/train/images/Z13_jpg.rf.013e0d3b978708c5b3b45193667a9013.jpg,no_hand_detected,1
train,/content/American-Language-1/train/images/Z13_jpg.rf.06fd87b82cc40097b2c4fd8fcf1f406a.jpg,no_hand_detected,1
train,/content/American-Language-1/train/images/Z13_jpg.rf.730999ea9b05d24aaa05a9e590a78adc.jpg,no_hand_detected,1
train,/content/American-Language-1/train/images/Z13_jpg.rf.b70705a9be245eca7e969ec84232ef4d.jpg,no_hand_detected,1
train,/content/American-Language-1/train/images/Z13_jpg.rf.f33c936e52de8d15d212268388d1fead.jpg,no_hand_detected,1
train,/content/American-Language-1/train/images/Z13_jpg.rf.f7beadc6c277badfbf7a39dae6e6e0b0.jpg,no_hand_detected,1
train,/content/American-Language-1/train/images/Z16_jpg.rf.1093c02e441662d579d55652e01cb5b7.jpg,no_hand_detected,1
train,/content/American-Language-1/train/images/Z17_jpg.rf.0eab6f66861eca291a4a4886ae94fab2.jpg,no_hand_detected,1
train,/content/American-Language-1/train/images/Z17_jpg.rf.5a6a0f20f9f16d652a80db6f32af2f5e.jpg,no_hand_detected,1
train,/content/American-Language-1/train/images/Z19_jpg.rf.3e2d553a3cc76c27865b6fef2cff85a7.jpg,no_hand_detected,1
train,/content/American-Language-1/train/images/Z19_jpg.rf.aaddb9e843ad04f966e6b6ee1727235a.jpg,no_hand_detected,1
train,/content/American-Language-1/train/images/Z19_jpg.rf.e9a3e3f32c864a09381724a8b84f0bcd.jpg,no_hand_detected,1
train,/content/American-Language-1/train/images/Z21_jpg.rf.62777a1e905d359f7056f8dcc02ad8b5.jpg,no_hand_detected,1
train,/content/American-Language-1/train/images/Z23_jpg.rf.38385229162d10238b16bcf1b350714a.jpg,no_hand_detected,1
train,/content/American-Language-1/train/images/Z23_jpg.rf.392e4ad0b8084ebc8d6dde5fb1423724.jpg,no_hand_detected,1
train,/content/American-Language-1/train/images/Z23_jpg.rf.67080668ec0dfff5e3142e84f610ca30.jpg,no_hand_detected,1
train,/content/American-Language-1/train/images/Z23_jpg.rf.9d5020201ca66df00809626aa126155d.jpg,no_hand_detected,1
train,/content/American-Language-1/train/images/Z23_jpg.rf.d7736495ce3dd3b6fb9b2312d181493e.jpg,no_hand_detected,1
train,/content/American-Language-1/train/images/Z23_jpg.rf.de47a2bb6bdb29587748fdd27e2ecee6.jpg,no_hand_detected,1
train,/content/American-Language-1/train/images/Z23_jpg.rf.f8633c4bb2b836e935fb8828368732e9.jpg,no_hand_detected,1
train,/content/American-Language-1/train/images/Z25_jpg.rf.9aba1780fdbcaf555c43a794d9e94f5f.jpg,no_hand_detected,1
train,/content/American-Language-1/train/images/Z26_jpg.rf.64f78a927c3bb123197d9ac60d688d1d.jpg,no_hand_detected,1
train,/content/American-Language-1/train/images/Z26_jpg.rf.b2f9d597750c620827dca60bbb9eac1a.jpg,no_hand_detected,1
train,/content/American-Language-1/train/images/Z26_jpg.rf.bcce7fb3e22c2800569fc4e32c9a757b.jpg,no_hand_detected,1
train,/content/American-Language-1/train/images/Z28_jpg.rf.3b6fb1296a9842a02037d561f1d40216.jpg,no_hand_detected,1
train,/content/American-Language-1/train/images/Z28_jpg.rf.5d4a724271fe7a9c2fe632ec36b058f7.jpg,no_hand_detected,1
train,/content/American-Language-1/train/images/Z28_jpg.rf.7007d4e9c83a7cc0b3b8e3140712468b.jpg,no_hand_detected,1
train,/content/American-Language-1/train/images/Z28_jpg.rf.8406e87315d94e647db095f53ec846bd.jpg,no_hand_detected,1
train,/content/American-Language-1/train/images/Z28_jpg.rf.a8f7b85ac59b31841751dc4ff881c031.jpg,no_hand_detected,1
train,/content/American-Language-1/train/images/Z28_jpg.rf.d96009c938c7f16dc5d07d838b8e56d5.jpg,no_hand_detected,1
train,/content/American-Language-1/train/images/Z28_jpg.rf.ee43373b5311c9de449d0cc983a2b4b0.jpg,no_hand_detected,1
train,/content/American-Language-1/train/images/Z28_jpg.rf.f269a3643f0af8d94dd31c0f2bf54086.jpg,no_hand_detected,1
train,/content/American-Language-1/train/images/Z28_jpg.rf.f9697a8a67fce9b16525d0d3fbc5fcc3.jpg,no_hand_detected,1
train,/content/American-Language-1/train/images/Z29_jpg.rf.0b170fb0ec8bdcf01b82ce21622871eb.jpg,no_hand_detected,1
train,/content/American-Language-1/train/images/Z29_jpg.rf.1631b2a159235629db221edd638a37db.jpg,no_hand_detected,1
train,/content/American-Language-1/train/images/Z29_jpg.rf.26c65101309bac0f649e8c01f2c1b3d4.jpg,no_hand_detected,1
train,/content/American-Language-1/train/images/Z29_jpg.rf.ae738701190b26acf49376cea52762e4.jpg,no_hand_detected,1
train,/content/American-Language-1/train/images/Z29_jpg.rf.c76f751f018fca68010e485a4fd978ef.jpg,no_hand_detected,1
train,/content/American-Language-1/train/images/Z29_jpg.rf.c89e50abda0c838f426463c3704d4ed8.jpg,no_hand_detected,1
train,/content/American-Language-1/train/images/Z3_jpg.rf.f21e7bdae76fea984c6eaa9ce32f15f5.jpg,no_hand_detected,1
train,/content/American-Language-1/train/images/Z5_jpg.rf.0f92245b295b4c216a77db555ad21fc8.jpg,no_hand_detected,1
train,/content/American-Language-1/train/images/Z5_jpg.rf.9f02d14cde3de9183b6c11c40d0e290d.jpg,no_hand_detected,1
train,/content/American-Language-1/train/images/Z5_jpg.rf.ae08f1360db3c731119bd49ed1dbfeaa.jpg,no_hand_detected,1
train,/content/American-Language-1/train/images/Z5_jpg.rf.cc7eac3b1df0b734c9ddd20f880aeed1.jpg,no_hand_detected,1
train,/content/American-Language-1/train/images/Z5_jpg.rf.d8c3df82af10d0010287a3730a480db2.jpg,no_hand_detected,1
train,/content/American-Language-1/train/images/Z6_jpg.rf.0d941ba991d9105292c0d3cac60592fe.jpg,no_hand_detected,1
train,/content/American-Language-1/train/images/Z6_jpg.rf.1304eafb55e21ab56b3efa5a1f423162.jpg,no_hand_detected,1
train,/content/American-Language-1/train/images/Z6_jpg.rf.25ed4a8a0b8bda078c0c53bed5f8cab9.jpg,no_hand_detected,1
train,/content/American-Language-1/train/images/Z6_jpg.rf.4a3bfa28b2ae625d96750b580de8c00a.jpg,no_hand_detected,1
train,/content/American-Language-1/train/images/Z6_jpg.rf.60ee9a5ff936c6c5fa34e3c2dad63141.jpg,no_hand_detected,1
train,/content/American-Language-1/train/images/Z6_jpg.rf.e70bc9a0c7ca650a765c12d766c088d2.jpg,no_hand_detected,1
train,/content/American-Language-1/train/images/Z7_jpg.rf.2799e76dcf343f720882f70d8c79beb5.jpg,no_hand_detected,1
train,/content/American-Language-1/train/images/Z7_jpg.rf.5874bed42ee6129f2c777cdab4d08117.jpg,no_hand_detected,1
train,/content/American-Language-1/train/images/Z7_jpg.rf.f94cb56098ae3016a2afe8395d44d914.jpg,no_hand_detected,1
train,/content/American-Language-1/train/images/Z7_jpg.rf.fe3e71e0933469cb0a77fc3f34892650.jpg,no_hand_detected,1
train,/content/American-Language-1/train/images/Z8_jpg.rf.7f2a40e93410c523f532126f8a722318.jpg,no_hand_detected,1
train,/content/American-Language-1/train/images/Z8_jpg.rf.acc55ff8eef986aa7e2890f0599cc18e.jpg,no_hand_detected,1
train,/content/American-Language-1/train/images/Z8_jpg.rf.b91ef7083b86d12dd8fe438128700183.jpg,no_hand_detected,1
train,/content/American-Language-1/train/images/Z8_jpg.rf.e61640e8e55ba0d1a934152e403809ce.jpg,no_hand_detected,1
train,/content/American-Language-1/train/images/Z9_jpg.rf.0527adc4dca08d343ec235e58482a733.jpg,no_hand_detected,1
train,/content/American-Language-1/train/images/Z9_jpg.rf.cbcbe0f236805216f6936501667ebc38.jpg,no_hand_detected,1
valid,/content/American-Language-1/valid/images/A-1-_jpeg.rf.68d39825fdd4b1bfaf6afad2f762833c.jpg,no_hand_detected,1
valid,/content/American-Language-1/valid/images/A-16-_jpeg.rf.72383fbc055cf11cbebc2b510c0a713a.jpg,no_hand_detected,1
valid,/content/American-Language-1/valid/images/A-23-_jpeg.rf.e43e33ea49e39018c70735a9b95e12e0.jpg,no_hand_detected,1
valid,/content/American-Language-1/valid/images/A-27-_jpeg.rf.d5ac8591fddaabc4bf5e2d0cd0c58c54.jpg,no_hand_detected,1
valid,/content/American-Language-1/valid/images/A-35-_jpeg.rf.55a4dc54224f93c371a771f6abfcdc36.jpg,no_hand_detected,1
valid,/content/American-Language-1/valid/images/A-40-_jpeg.rf.7795dcbce3da6ad752211c700ea7fb4b.jpg,no_hand_detected,1
valid,/content/American-Language-1/valid/images/A-42-_jpeg.rf.da97e771f25a47e85e3660b726787abb.jpg,no_hand_detected,1
valid,/content/American-Language-1/valid/images/A-43-_jpeg.rf.97f96c1a86a947ba27e77cefc2249899.jpg,no_hand_detected,1
valid,/content/American-Language-1/valid/images/A-46-_jpeg.rf.5ceb0c5affa9b0c0af3934c48f89d472.jpg,no_hand_detected,1
valid,/content/American-Language-1/valid/images/A-59-_jpeg.rf.037bd35f214b994c1224f48deb7abc2a.jpg,no_hand_detected,1
valid,/content/American-Language-1/valid/images/A-65-_jpeg.rf.ac1bd289b03675ad28529330f2140672.jpg,no_hand_detected,1
valid,/content/American-Language-1/valid/images/A1_jpg.rf.c0821b10ef8591f720f0093fa6424bbb.jpg,no_hand_detected,1
valid,/content/American-Language-1/valid/images/A1_jpg.rf.d0cd10726b009cb2e42aa068e6cc454b.jpg,no_hand_detected,1
valid,/content/American-Language-1/valid/images/A21_jpg.rf.08ef74f8d26a38a3036fafdea698140e.jpg,no_hand_detected,1
valid,/content/American-Language-1/valid/images/A7_jpg.rf.6ad2b11a51d8c74d7ece339fd9bcf229.jpg,no_hand_detected,1
valid,/content/American-Language-1/valid/images/A8_jpg.rf.1f7e1c556d982d4fb4731a11db651ee6.jpg,no_hand_detected,1
valid,/content/American-Language-1/valid/images/B22_jpg.rf.7444eaa521d11cd6188849fba86e2afe.jpg,no_hand_detected,1
valid,/content/American-Language-1/valid/images/B3_jpg.rf.872e0ea79ee520384f41071744a1fb29.jpg,no_hand_detected,1
valid,/content/American-Language-1/valid/images/C-27-_jpeg.rf.516560df7ecdc1f9ced74996641e3334.jpg,no_hand_detected,1
valid,/content/American-Language-1/valid/images/C-3-_jpeg.rf.17f9d3bfa9980c61f46bb49403e5806e.jpg,no_hand_detected,1
valid,/content/American-Language-1/valid/images/C-36-_jpeg.rf.8d5ff05b3056fd635d382c82ac0bce4b.jpg,no_hand_detected,1
valid,/content/American-Language-1/valid/images/C-51-_jpeg.rf.f56a70fb28c09071fd6db77612702f3c.jpg,no_hand_detected,1
valid,/content/American-Language-1/valid/images/C-52-_jpeg.rf.4d4cca28eb009f853593512b71b18bbc.jpg,no_hand_detected,1
valid,/content/American-Language-1/valid/images/C-54-_jpeg.rf.4141f7de587f5d8ef9deddfcf5897926.jpg,no_hand_detected,1
valid,/content/American-Language-1/valid/images/C-55-_jpeg.rf.1f6867e52288abbd68b05c1fbe80633a.jpg,no_hand_detected,1
valid,/content/American-Language-1/valid/images/C-59-_jpeg.rf.1abe5341aaef635c6e467e541ed74542.jpg,no_hand_detected,1
valid,/content/American-Language-1/valid/images/C-69-_jpeg.rf.35d9ad9f0b3bf92766c23f44b1ff766c.jpg,no_hand_detected,1
valid,/content/American-Language-1/valid/images/C13_jpg.rf.bb1977b90f7a16a0a77e9c6ddad8516d.jpg,no_hand_detected,1
valid,/content/American-Language-1/valid/images/C20_jpg.rf.8d6392fbdb07d35b3c722777d58dcaf5.jpg,no_hand_detected,1
valid,/content/American-Language-1/valid/images/C4_jpg.rf.44dd4b67701b651732a19e8323786db4.jpg,no_hand_detected,1
valid,/content/American-Language-1/valid/images/C4_jpg.rf.c40d1d015408a625c5fe59252c24a02b.jpg,no_hand_detected,1
valid,/content/American-Language-1/valid/images/C5_jpg.rf.7c34d5b9a84c0f76d4dd989e5746a6ed.jpg,no_hand_detected,1
valid,/content/American-Language-1/valid/images/C6_jpg.rf.a960351cf6251fd8295a6246d531e4b3.jpg,no_hand_detected,1
valid,/content/American-Language-1/valid/images/D10_jpg.rf.7661979d2c2e5e2af4d5eb46fe6eda17.jpg,no_hand_detected,1
valid,/content/American-Language-1/valid/images/D2_jpg.rf.9a346c7ba6e43ec17d0adc18a5ddebe7.jpg,no_hand_detected,1
valid,/content/American-Language-1/valid/images/D6_jpg.rf.9782912d2281b7f579be574636784c03.jpg,no_hand_detected,1
valid,/content/American-Language-1/valid/images/D9_jpg.rf.65ef37dc140168c72ba9718e73f7a41f.jpg,no_hand_detected,1
valid,/content/American-Language-1/valid/images/E-11-_jpeg.rf.85bd4fac430572ed5a6d5cd4d0e783d6.jpg,no_hand_detected,1
valid,/content/American-Language-1/valid/images/E-15-_jpeg.rf.93ac2e45b7b768d863246bca66903a7d.jpg,no_hand_detected,1
valid,/content/American-Language-1/valid/images/E-4-_jpeg.rf.190d343a8d7fed74dcfe14afe9fcc7f4.jpg,no_hand_detected,1
valid,/content/American-Language-1/valid/images/E-57-_jpeg.rf.c0cd80ab5256e531cae0a589c7dcb927.jpg,no_hand_detected,1
valid,/content/American-Language-1/valid/images/E-59-_jpeg.rf.1fed1f4a098046f6c06e6125b8d72321.jpg,no_hand_detected,1
valid,/content/American-Language-1/valid/images/E-61-_jpeg.rf.d8a2821664b809ae30d1c04b1cc5eaa7.jpg,no_hand_detected,1
valid,/content/American-Language-1/valid/images/E-63-_jpeg.rf.9a02e06e9fb4115fa02c44093917dd21.jpg,no_hand_detected,1
valid,/content/American-Language-1/valid/images/E0_jpg.rf.92c9f2c7596f5feae3df5d358cf486ae.jpg,no_hand_detected,1
valid,/content/American-Language-1/valid/images/E11_jpg.rf.06881fee09a07e7f9fd3cbe2288b0c55.jpg,no_hand_detected,1
valid,/content/American-Language-1/valid/images/E15_jpg.rf.3ba9ed9001540ab5caee9b757e90ade7.jpg,no_hand_detected,1
valid,/content/American-Language-1/valid/images/E15_jpg.rf.7bdb772b8f977f38004cc19a00a523c1.jpg,no_hand_detected,1
valid,/content/American-Language-1/valid/images/E19_jpg.rf.6c9eca671fd7827618db9777c55c5471.jpg,no_hand_detected,1
valid,/content/American-Language-1/valid/images/E22_jpg.rf.36ae66f3f2fee7816e509ca185c5720a.jpg,no_hand_detected,1
valid,/content/American-Language-1/valid/images/E23_jpg.rf.bdac5eab79096d3af7d40a6c4578aa73.jpg,no_hand_detected,1
valid,/content/American-Language-1/valid/images/E24_jpg.rf.557bc8817193b605bb2ceb4649e382db.jpg,no_hand_detected,1
valid,/content/American-Language-1/valid/images/E2_jpg.rf.c7402f93a701d8fac855e8f1337fe8d4.jpg,no_hand_detected,1
valid,/content/American-Language-1/valid/images/E5_jpg.rf.2632f78eb7c27d67834494debe06fcfa.jpg,no_hand_detected,1
valid,/content/American-Language-1/valid/images/E6_jpg.rf.e0df8880fdfd15915655f9cda9825b1c.jpg,no_hand_detected,1
valid,/content/American-Language-1/valid/images/E9_jpg.rf.e05e0edaaa5e3b273db70ad8d049cdb1.jpg,no_hand_detected,1
valid,/content/American-Language-1/valid/images/F-18-_jpeg.rf.a245d2d8a2366ae64c98acc359801568.jpg,no_hand_detected,1
valid,/content/American-Language-1/valid/images/F6_jpg.rf.af55b42210e8d4aa9c1a53f4f9c0f0ac.jpg,no_hand_detected,1
valid,/content/American-Language-1/valid/images/F7_jpg.rf.d04a5a1b5dfa7746ff8d33ed01695f9c.jpg,no_hand_detected,1
valid,/content/American-Language-1/valid/images/G-19-_jpeg.rf.24d5982d2dd70bc6af36d11ac482f3fb.jpg,no_hand_detected,1
valid,/content/American-Language-1/valid/images/G-44-_jpeg.rf.10135c94928d1b29a2691f8730e4cd8d.jpg,no_hand_detected,1
valid,/content/American-Language-1/valid/images/G-45-_jpeg.rf.c3a430f7f7d19aa79a0f745c3bff3522.jpg,no_hand_detected,1
valid,/content/American-Language-1/valid/images/G-55-_jpeg.rf.237a2ee1253bef5ee8234477a986fbd8.jpg,no_hand_detected,1
valid,/content/American-Language-1/valid/images/G10_jpg.rf.172cd7234353a9cd3206d5c80ed0afcf.jpg,no_hand_detected,1
valid,/content/American-Language-1/valid/images/G15_jpg.rf.619b612cc8ea9b40e934d980e98baaa3.jpg,no_hand_detected,1
valid,/content/American-Language-1/valid/images/G19_jpg.rf.70212600b533ab921a3059636799d1bb.jpg,no_hand_detected,1
valid,/content/American-Language-1/valid/images/G24_jpg.rf.ed112dcb0b2f77ad8fab510e47d25e1c.jpg,no_hand_detected,1
valid,/content/American-Language-1/valid/images/G26_jpg.rf.2969dcc91946459956ab629d34d90b54.jpg,no_hand_detected,1
valid,/content/American-Language-1/valid/images/H-15-_jpeg.rf.48b8de236a45d03817dc86bcdba4bf8f.jpg,no_hand_detected,1
valid,/content/American-Language-1/valid/images/H-16-_jpeg.rf.043cf207a4b289c2bb9c0c7031ffabb8.jpg,no_hand_detected,1
valid,/content/American-Language-1/valid/images/H-19-_jpeg.rf.9b6ba08d4b87e1927320af91c94808b8.jpg,no_hand_detected,1
valid,/content/American-Language-1/valid/images/H-20-_jpeg.rf.945557662b4c757cb0e308988edee0fa.jpg,no_hand_detected,1
valid,/content/American-Language-1/valid/images/H16_jpg.rf.93862d64feef45a1860c2d75f10793ed.jpg,no_hand_detected,1
valid,/content/American-Language-1/valid/images/H7_jpg.rf.efa78287e05ed5626571c0ffa0df8b67.jpg,no_hand_detected,1
valid,/content/American-Language-1/valid/images/H8_jpg.rf.20b2d74bbc2998ef6d2d1e29025d78af.jpg,no_hand_detected,1
valid,/content/American-Language-1/valid/images/I-11-_jpeg.rf.8cd45fb993452fdc82444ebc3f1519f7.jpg,no_hand_detected,1
valid,/content/American-Language-1/valid/images/I-14-_jpeg.rf.d5b30489dc8ff1c8a337563f8ca51464.jpg,no_hand_detected,1
valid,/content/American-Language-1/valid/images/I-17-_jpeg.rf.a8cd73cb327d25dc575793729362163a.jpg,no_hand_detected,1
valid,/content/American-Language-1/valid/images/I-18-_jpeg.rf.eae29c857a035b1e5863956007bdd1c2.jpg,no_hand_detected,1
valid,/content/American-Language-1/valid/images/I-19-_jpeg.rf.f9ad1c37744f61e7d4d79f7babbf9bd9.jpg,no_hand_detected,1
valid,/content/American-Language-1/valid/images/I-63-_jpeg.rf.e3718c03a5035130f2e6107b8ca65463.jpg,no_hand_detected,1
valid,/content/American-Language-1/valid/images/I23_jpg.rf.8fc365f130a864e1d29b29ac9b89911f.jpg,no_hand_detected,1
valid,/content/American-Language-1/valid/images/I26_jpg.rf.3f702d34a7672c86f5c00ad0719382a3.jpg,no_hand_detected,1
valid,/content/American-Language-1/valid/images/I4_jpg.rf.8d70e0f4a6627ce823294a63fb87446e.jpg,no_hand_detected,1
valid,/content/American-Language-1/valid/images/I4_jpg.rf.9f792035a95832960f7e970e5445a5e0.jpg,no_hand_detected,1
valid,/content/American-Language-1/valid/images/I8_jpg.rf.44bfe849bcb4b25295b945f9730d4107.jpg,no_hand_detected,1
valid,/content/American-Language-1/valid/images/J-1-_jpeg.rf.dfe56adb88de931d95f91039ae23388b.jpg,no_hand_detected,1
valid,/content/American-Language-1/valid/images/J-16-_jpeg.rf.5b9a44721f18aecd3f9c4b5d7762f237.jpg,no_hand_detected,1
valid,/content/American-Language-1/valid/images/J-19-_jpeg.rf.69b91f1250e5076e33d3d2de48ebc7db.jpg,no_hand_detected,1
valid,/content/American-Language-1/valid/images/J-23-_jpeg.rf.c823841c7f3fd355c56ee438388ddd8f.jpg,no_hand_detected,1
valid,/content/American-Language-1/valid/images/J-26-_jpeg.rf.a16b8f11ef908b3e6181b9d3bf28b7b0.jpg,no_hand_detected,1
valid,/content/American-Language-1/valid/images/J-27-_jpeg.rf.22cd0defb605bf3899dfaebe1268ffd6.jpg,no_hand_detected,1
valid,/content/American-Language-1/valid/images/J-28-_jpeg.rf.ac83ac557cb0b71bf6c60c0ceffddfa9.jpg,no_hand_detected,1
valid,/content/American-Language-1/valid/images/J-53-_jpeg.rf.017238774e6171e13c77143d4e24948f.jpg,no_hand_detected,1
valid,/content/American-Language-1/valid/images/J-61-_jpeg.rf.cc61b6c8004228a586d6aac13a97d7fe.jpg,no_hand_detected,1
valid,/content/American-Language-1/valid/images/J15_jpg.rf.3fe382d9a7473a8a20f20349b2f91084.jpg,no_hand_detected,1
valid,/content/American-Language-1/valid/images/J20_jpg.rf.2d65952e7312dfb045a56ba5cebcbc2c.jpg,no_hand_detected,1
valid,/content/American-Language-1/valid/images/J20_jpg.rf.f21c2195befe0cca59dafc6a43e425c6.jpg,no_hand_detected,1
valid,/content/American-Language-1/valid/images/J23_jpg.rf.d470219d9388f7483ce6b3eddbb40f01.jpg,no_hand_detected,1
valid,/content/American-Language-1/valid/images/J27_jpg.rf.ade7a800faf48b7d9d2d96fd1bfe8919.jpg,no_hand_detected,1
valid,/content/American-Language-1/valid/images/J2_jpg.rf.1656abc262c0e04e266709d2393a2724.jpg,no_hand_detected,1
valid,/content/American-Language-1/valid/images/J30_jpg.rf.3869bae53a4d9f611879982807a2cdd7.jpg,no_hand_detected,1
valid,/content/American-Language-1/valid/images/J32_jpg.rf.9eafaa66a92f5a9a0c1fb980aa88db3e.jpg,no_hand_detected,1
valid,/content/American-Language-1/valid/images/K21_jpg.rf.f11fec30a611f6f132071750cb9cf237.jpg,no_hand_detected,1
valid,/content/American-Language-1/valid/images/K25_jpg.rf.bdd66362880e75b0b817eb509031cf9c.jpg,no_hand_detected,1
valid,/content/American-Language-1/valid/images/L0_jpg.rf.5e98a635a1bf9dd88cffe07065a7e35c.jpg,no_hand_detected,1
valid,/content/American-Language-1/valid/images/L21_jpg.rf.fdc5fd0cdb4d5c3118f524f8c52a7eb8.jpg,no_hand_detected,1
valid,/content/American-Language-1/valid/images/L3_jpg.rf.44711a4b3b8552ac066f7e5673e94055.jpg,no_hand_detected,1
valid,/content/American-Language-1/valid/images/L9_jpg.rf.d71456934f47ffd7ca3a486daca862eb.jpg,no_hand_detected,1
valid,/content/American-Language-1/valid/images/M-12-_jpeg.rf.0ce294f325794213bcaf0f68a3f9ec7f.jpg,no_hand_detected,1
valid,/content/American-Language-1/valid/images/M-13-_jpeg.rf.ec5fdaca798c35c8d0c92c3b5a91c14c.jpg,no_hand_detected,1
valid,/content/American-Language-1/valid/images/M-16-_jpeg.rf.fc47801572a7e20921105164dcb892c8.jpg,no_hand_detected,1
valid,/content/American-Language-1/valid/images/M-40-_jpeg.rf.96ceee543cee3c4d07044e07dfa92c51.jpg,no_hand_detected,1
valid,/content/American-Language-1/valid/images/M-43-_jpeg.rf.a57427f6dd803df3f475e02fa5b24730.jpg,no_hand_detected,1
valid,/content/American-Language-1/valid/images/M-47-_jpeg.rf.7afeb09acd974b53207ef7f80a215816.jpg,no_hand_detected,1
valid,/content/American-Language-1/valid/images/M-5-_jpeg.rf.00c6322c51c5d654aee72a10e5186bbc.jpg,no_hand_detected,1
valid,/content/American-Language-1/valid/images/M-50-_jpeg.rf.e6f7d1a1ba715bbe5dcda96470fc33af.jpg,no_hand_detected,1
valid,/content/American-Language-1/valid/images/M-57-_jpeg.rf.f46398ec8946a366d49df55e18b877c1.jpg,no_hand_detected,1
valid,/content/American-Language-1/valid/images/M-58-_jpeg.rf.f28192004ceafe84dc813b726b4df221.jpg,no_hand_detected,1
valid,/content/American-Language-1/valid/images/M-59-_jpeg.rf.a31bb83a29556cf69b9225d418194635.jpg,no_hand_detected,1
valid,/content/American-Language-1/valid/images/M0_jpg.rf.8937a1451b86e2d291f2f5c1f48cb319.jpg,no_hand_detected,1
valid,/content/American-Language-1/valid/images/M0_jpg.rf.f173822dd6991a76be4c1c995eea1446.jpg,no_hand_detected,1
valid,/content/American-Language-1/valid/images/M11_jpg.rf.8946739f6375b9aa4209ad2ee8a0f2da.jpg,no_hand_detected,1
valid,/content/American-Language-1/valid/images/M18_jpg.rf.f047dc135641b1e681543c314b24d0a2.jpg,no_hand_detected,1
valid,/content/American-Language-1/valid/images/M18_jpg.rf.f9daf4ac7de2201e0e86ecf71fa5ecd2.jpg,no_hand_detected,1
valid,/content/American-Language-1/valid/images/M1_jpg.rf.daef8f2161d359fdf8fc11a0f101c651.jpg,no_hand_detected,1
valid,/content/American-Language-1/valid/images/M27_jpg.rf.9b139b43765a9bf48b75bc3e7f18ac39.jpg,no_hand_detected,1
valid,/content/American-Language-1/valid/images/M2_jpg.rf.2fcd50ac7cf08fb099bbe64ac3384d88.jpg,no_hand_detected,1
valid,/content/American-Language-1/valid/images/M3_jpg.rf.4f5150f6bdc988e3594f19684627851c.jpg,no_hand_detected,1
valid,/content/American-Language-1/valid/images/M4_jpg.rf.5f8f5dfcd6cfc1113d8ffea19c58ec51.jpg,no_hand_detected,1
valid,/content/American-Language-1/valid/images/M8_jpg.rf.b0fae1c71ea361c436a40b7012176b07.jpg,no_hand_detected,1
valid,/content/American-Language-1/valid/images/N-16-_jpeg.rf.40f4d5a1dc399087382b47baba1c6d41.jpg,no_hand_detected,1
valid,/content/American-Language-1/valid/images/N-33-_jpeg.rf.793cd83432d1ea624025e18e42e4fd5d.jpg,no_hand_detected,1
valid,/content/American-Language-1/valid/images/N-42-_jpeg.rf.72da025d804a2381abfcb6006ef4538b.jpg,no_hand_detected,1
valid,/content/American-Language-1/valid/images/N-5-_jpeg.rf.71d224c8f82eb391cdd9826adfb62880.jpg,no_hand_detected,1
valid,/content/American-Language-1/valid/images/N-53-_jpeg.rf.02e3cd7214467c517500f29f0a06d469.jpg,no_hand_detected,1
valid,/content/American-Language-1/valid/images/N-54-_jpeg.rf.cd0525149c997cbfe94ba6e1e91d08e2.jpg,no_hand_detected,1
valid,/content/American-Language-1/valid/images/N-55-_jpeg.rf.8e3b2e23d2945ad5a367ddbeeb6668ca.jpg,no_hand_detected,1
valid,/content/American-Language-1/valid/images/N-58-_jpeg.rf.5f0cefcc08be05e5278839832f4c8f0e.jpg,no_hand_detected,1
valid,/content/American-Language-1/valid/images/N-6-_jpeg.rf.7e09ffb853a5b24fba2cbfbbde8d0128.jpg,no_hand_detected,1
valid,/content/American-Language-1/valid/images/N-7-_jpeg.rf.d8f4172ea0cf1d9a0db2ba18ce3996c6.jpg,no_hand_detected,1
valid,/content/American-Language-1/valid/images/N-9-_jpeg.rf.a9e3ecfb3b86b803004402c80a9efae8.jpg,no_hand_detected,1
valid,/content/American-Language-1/valid/images/N11_jpg.rf.9cf76fb784cfe43bd2a1384655c317a4.jpg,no_hand_detected,1
valid,/content/American-Language-1/valid/images/N14_jpg.rf.06e9b9d8b9d901b8afdef8690f301ab6.jpg,no_hand_detected,1
valid,/content/American-Language-1/valid/images/N17_jpg.rf.6c53de67826eb114f011ba3412e7610e.jpg,no_hand_detected,1
valid,/content/American-Language-1/valid/images/N20_jpg.rf.2e8c069434f576e44ee7d71602500f28.jpg,no_hand_detected,1
valid,/content/American-Language-1/valid/images/N6_jpg.rf.52fca0638b4e51d63852c33f1b60a2bd.jpg,no_hand_detected,1
valid,/content/American-Language-1/valid/images/N7_jpg.rf.874ebf04ee0efe2e6924bb00bca6097a.jpg,no_hand_detected,1
valid,/content/American-Language-1/valid/images/N8_jpg.rf.28f0a9c11d240582d6a350bcc1ee6294.jpg,no_hand_detected,1
valid,/content/American-Language-1/valid/images/O-11-_jpeg.rf.d5d351c5bff342e832b6f5dcc9e06eed.jpg,no_hand_detected,1
valid,/content/American-Language-1/valid/images/O-24-_jpeg.rf.c4846ab57cb64935700781243f226c6e.jpg,no_hand_detected,1
valid,/content/American-Language-1/valid/images/O-30-_jpeg.rf.f22666c450e24801d3015880eee84e87.jpg,no_hand_detected,1
valid,/content/American-Language-1/valid/images/O-32-_jpeg.rf.ba0cbd2282f9d0bc3d2a8e04722581ef.jpg,no_hand_detected,1
valid,/content/American-Language-1/valid/images/O-44-_jpeg.rf.89122adc04278fda347c66f89f4bf5f7.jpg,no_hand_detected,1
valid,/content/American-Language-1/valid/images/O-53-_jpeg.rf.cdbd915b2ed3a7cd13041e076a90b4d8.jpg,no_hand_detected,1
valid,/content/American-Language-1/valid/images/O-56-_jpeg.rf.06cad598902a962f483a4b70890c8b85.jpg,no_hand_detected,1
valid,/content/American-Language-1/valid/images/O-67-_jpeg.rf.e35076e0cf139abb111c756910db6cde.jpg,no_hand_detected,1
valid,/content/American-Language-1/valid/images/O-68-_jpeg.rf.1793aa7982acf0dd5d78a133765a6425.jpg,no_hand_detected,1
valid,/content/American-Language-1/valid/images/O-8-_jpeg.rf.4a7464aed984b4590ab8ae6329af9daa.jpg,no_hand_detected,1
valid,/content/American-Language-1/valid/images/O10_jpg.rf.b270ddb71696e202c81804d2c25540bc.jpg,no_hand_detected,1
valid,/content/American-Language-1/valid/images/O12_jpg.rf.1a761dbad22195cae59dc49c923c50a4.jpg,no_hand_detected,1
valid,/content/American-Language-1/valid/images/O1_jpg.rf.dbcce2224351c127dc12fef93105dc9c.jpg,no_hand_detected,1
valid,/content/American-Language-1/valid/images/O24_jpg.rf.cfa6ff4f4961b1edb398c51534cc1dc8.jpg,no_hand_detected,1
valid,/content/American-Language-1/valid/images/O2_jpg.rf.40c3303c2cd3bdb2a0b5bb6c718a61b2.jpg,no_hand_detected,1
valid,/content/American-Language-1/valid/images/P-17-_jpeg.rf.4b06dff81e4d7adc3c137e6493a62748.jpg,no_hand_detected,1
valid,/content/American-Language-1/valid/images/P-19-_jpeg.rf.0c45346dc8f7da70ce075235e4050463.jpg,no_hand_detected,1
valid,/content/American-Language-1/valid/images/P-30-_jpeg.rf.bb905a4eaec306529a497373f61a4d0d.jpg,no_hand_detected,1
valid,/content/American-Language-1/valid/images/P-56-_jpeg.rf.1a30e6809f86eb3b2adec44ccc58cc65.jpg,no_hand_detected,1
valid,/content/American-Language-1/valid/images/P-63-_jpeg.rf.775d2f1bd46e182016c79edb3ce3f3be.jpg,no_hand_detected,1
valid,/content/American-Language-1/valid/images/P14_jpg.rf.e1b0ab943da73dde568410dced12a472.jpg,no_hand_detected,1
valid,/content/American-Language-1/valid/images/P3_jpg.rf.16c2a3bc0334c479919ec0797b9d6217.jpg,no_hand_detected,1
valid,/content/American-Language-1/valid/images/P3_jpg.rf.6d4530234f5bde3157ead74974a08b9f.jpg,no_hand_detected,1
valid,/content/American-Language-1/valid/images/Q-15-_jpeg.rf.fd91455285d2005ddd6c9495c8df9297.jpg,no_hand_detected,1
valid,/content/American-Language-1/valid/images/Q-3-_jpeg.rf.033497e49310a0c0bb686a816f93e16b.jpg,no_hand_detected,1
valid,/content/American-Language-1/valid/images/Q-40-_jpeg.rf.ba58366733bb39a6a333069ecfa0291f.jpg,no_hand_detected,1
valid,/content/American-Language-1/valid/images/Q-42-_jpeg.rf.22d6acbd6611c9ee90eee00681946083.jpg,no_hand_detected,1
valid,/content/American-Language-1/valid/images/Q-43-_jpeg.rf.43afb27389c28e6bb0d20bc400a54c55.jpg,no_hand_detected,1
valid,/content/American-Language-1/valid/images/Q-44-_jpeg.rf.1e9049b39093a114c94752dfadcb4182.jpg,no_hand_detected,1
valid,/content/American-Language-1/valid/images/Q-46-_jpeg.rf.317c0c805d8b47705c484423415efa8b.jpg,no_hand_detected,1
valid,/content/American-Language-1/valid/images/Q-50-_jpeg.rf.edd6a5a1f93a5c92952ce095b02ed4f0.jpg,no_hand_detected,1
valid,/content/American-Language-1/valid/images/Q-52-_jpeg.rf.31e08fbb04ee1f133f1adaeb9bbf6dfb.jpg,no_hand_detected,1
valid,/content/American-Language-1/valid/images/Q-53-_jpeg.rf.ebb51a658acd3dcc73733c468d8ccc7d.jpg,no_hand_detected,1
valid,/content/American-Language-1/valid/images/Q-66-_jpeg.rf.46103e4d9b2da36a01ed2f59e0cc9cae.jpg,no_hand_detected,1
valid,/content/American-Language-1/valid/images/Q-7-_jpeg.rf.e74736be30cf5a3bec800eb40319fad7.jpg,no_hand_detected,1
valid,/content/American-Language-1/valid/images/Q-70-_jpeg.rf.b7cbb70bb627dbde7daa5720321c0b08.jpg,no_hand_detected,1
valid,/content/American-Language-1/valid/images/Q10_jpg.rf.fb57cb400ce31ff7a4b8e57b7ffe2607.jpg,no_hand_detected,1
valid,/content/American-Language-1/valid/images/Q12_jpg.rf.dcbf3668058ac7df0a27c436bf735a70.jpg,no_hand_detected,1
valid,/content/American-Language-1/valid/images/Q24_jpg.rf.3d3342ab3137f8de482f03c557a58b49.jpg,no_hand_detected,1
valid,/content/American-Language-1/valid/images/Q24_jpg.rf.fb1e254e8b77ab25bcb3a1a819c9d807.jpg,no_hand_detected,1
valid,/content/American-Language-1/valid/images/Q4_jpg.rf.fb55374cd293934ffa1f8b4d50fe57ac.jpg,no_hand_detected,1
valid,/content/American-Language-1/valid/images/R-16-_jpeg.rf.3abf11228f36b7eb7c0c1e690ea260c4.jpg,no_hand_detected,1
valid,/content/American-Language-1/valid/images/R-18-_jpeg.rf.4d4d2b1c613bd7fb48e1805fa5578ec2.jpg,no_hand_detected,1
valid,/content/American-Language-1/valid/images/R-19-_jpeg.rf.0e5d66a965f6706b6fd7a306a0eb3fd6.jpg,no_hand_detected,1
valid,/content/American-Language-1/valid/images/R-20-_jpeg.rf.d31cd390a3dbec0c0113b80d367d2ee9.jpg,no_hand_detected,1
valid,/content/American-Language-1/valid/images/R-42-_jpeg.rf.cfa5cd8b9f31e2cfc23d2702a585520c.jpg,no_hand_detected,1
valid,/content/American-Language-1/valid/images/R-64-_jpeg.rf.f7fa6401363e1415c790454de040ea44.jpg,no_hand_detected,1
valid,/content/American-Language-1/valid/images/R-70-_jpeg.rf.67fdcb6d929e7539dfbe3a24e22b3b12.jpg,no_hand_detected,1
valid,/content/American-Language-1/valid/images/R22_jpg.rf.e1792a6ff389d96b0ebc2bccb960aceb.jpg,no_hand_detected,1
valid,/content/American-Language-1/valid/images/S-10-_jpeg.rf.2eb175bfb74cdca8f8e0d55bcb980de8.jpg,no_hand_detected,1
valid,/content/American-Language-1/valid/images/S-15-_jpeg.rf.17ac5dfd934b1128cfbe34d7858a0135.jpg,no_hand_detected,1
valid,/content/American-Language-1/valid/images/S-20-_jpeg.rf.8d21208a9aeac69bc0b4a71de6b43a04.jpg,no_hand_detected,1
valid,/content/American-Language-1/valid/images/S-37-_jpeg.rf.28aa14077ea72acc0add57c70bedf022.jpg,no_hand_detected,1
valid,/content/American-Language-1/valid/images/S-41-_jpeg.rf.208ff63a308d3ff93018537b91106098.jpg,no_hand_detected,1
valid,/content/American-Language-1/valid/images/S-45-_jpeg.rf.ad18138093d8c0deade8757128e10ab2.jpg,no_hand_detected,1
valid,/content/American-Language-1/valid/images/S-46-_jpeg.rf.b0a723d050e50567ac16d341a3c63429.jpg,no_hand_detected,1
valid,/content/American-Language-1/valid/images/S-47-_jpeg.rf.4399c39052077d1ca9799c5e1194808f.jpg,no_hand_detected,1
valid,/content/American-Language-1/valid/images/S-48-_jpeg.rf.dab89e93d841030a0b9ed99b19b1b7e6.jpg,no_hand_detected,1
valid,/content/American-Language-1/valid/images/S-54-_jpeg.rf.045ccb409f5a8a733634f5501ba6f311.jpg,no_hand_detected,1
valid,/content/American-Language-1/valid/images/S-62-_jpeg.rf.b22ee54aa2df071d11199366952df3ca.jpg,no_hand_detected,1
valid,/content/American-Language-1/valid/images/S-9-_jpeg.rf.d0f7ad46366b305e79852ef25e4b7fee.jpg,no_hand_detected,1
valid,/content/American-Language-1/valid/images/S11_jpg.rf.c071322eec5daf808c31f7c86ad2301a.jpg,no_hand_detected,1
valid,/content/American-Language-1/valid/images/S14_jpg.rf.b9bfd5b004f58cf1559b9377f214900e.jpg,no_hand_detected,1
valid,/content/American-Language-1/valid/images/S26_jpg.rf.f7a2e08b17c08ffdfa6d661775b0cbaa.jpg,no_hand_detected,1
valid,/content/American-Language-1/valid/images/T-13-_jpeg.rf.65167f88e6544b00a7ff46182466c9aa.jpg,no_hand_detected,1
valid,/content/American-Language-1/valid/images/T-14-_jpeg.rf.409705dfd227476730bca87ff0e842c5.jpg,no_hand_detected,1
valid,/content/American-Language-1/valid/images/T-31-_jpeg.rf.5eaeaea888d986dce8360e65fe3b6c00.jpg,no_hand_detected,1
valid,/content/American-Language-1/valid/images/T-4-_jpeg.rf.0fbc2db376ad533369033d785165e6ae.jpg,no_hand_detected,1
valid,/content/American-Language-1/valid/images/T-42-_jpeg.rf.c5e14aadb48172ead14106ebae54b167.jpg,no_hand_detected,1
valid,/content/American-Language-1/valid/images/T-44-_jpeg.rf.f05908371c0bb03f8e4d1d522e007f76.jpg,no_hand_detected,1
valid,/content/American-Language-1/valid/images/T-5-_jpeg.rf.4c78d0a7e88dd87bfb6c637a01864df7.jpg,no_hand_detected,1
valid,/content/American-Language-1/valid/images/T-58-_jpeg.rf.020888b06573ed77453081ac760473a8.jpg,no_hand_detected,1
valid,/content/American-Language-1/valid/images/T-60-_jpeg.rf.8f8d75a0cca3df5e6cee4e7f7ecae7fa.jpg,no_hand_detected,1
valid,/content/American-Language-1/valid/images/T13_jpg.rf.14065e6d9e37500a3c9de57e2788719c.jpg,no_hand_detected,1
valid,/content/American-Language-1/valid/images/U-18-_jpeg.rf.4b00eab61e8a8dcd022cec8e3c3a609c.jpg,no_hand_detected,1
valid,/content/American-Language-1/valid/images/U-20-_jpeg.rf.9e29ffe61e68ef0e64df36a07c24afe8.jpg,no_hand_detected,1
valid,/content/American-Language-1/valid/images/U22_jpg.rf.805553cee1024cfa4f6a97efb0071016.jpg,no_hand_detected,1
valid,/content/American-Language-1/valid/images/U7_jpg.rf.1fdd976ee49e1ee91d7d9c7e9814adf7.jpg,no_hand_detected,1
valid,/content/American-Language-1/valid/images/U7_jpg.rf.d1c4da70486b97b40e7196693c4fa92a.jpg,no_hand_detected,1
valid,/content/American-Language-1/valid/images/V-17-_jpeg.rf.b881d5cd12d9fdafc11972d3a55c7b15.jpg,no_hand_detected,1
valid,/content/American-Language-1/valid/images/V-20-_jpeg.rf.624f5aa17fa911483e045dc932aa1920.jpg,no_hand_detected,1
valid,/content/American-Language-1/valid/images/V-64-_jpeg.rf.5e5b680ad3eb042a8ec23e52acb1e372.jpg,no_hand_detected,1
valid,/content/American-Language-1/valid/images/V1_jpg.rf.08d5bd0876be153e0ec9a5cacdefd2a8.jpg,no_hand_detected,1
valid,/content/American-Language-1/valid/images/V24_jpg.rf.b83b3f16464858d6f393dae580806d96.jpg,no_hand_detected,1
valid,/content/American-Language-1/valid/images/V5_jpg.rf.a95b57b02b71e45efd7fcfd3fab570bd.jpg,no_hand_detected,1
valid,/content/American-Language-1/valid/images/W-18-_jpeg.rf.c9288272ee190664f87d22eaed2069fc.jpg,no_hand_detected,1
valid,/content/American-Language-1/valid/images/W-29-_jpeg.rf.9116487c07895239f8195b66df54a208.jpg,no_hand_detected,1
valid,/content/American-Language-1/valid/images/W-36-_jpeg.rf.75cb81b38a3879440ec1117fc2907bbe.jpg,no_hand_detected,1
valid,/content/American-Language-1/valid/images/W-43-_jpeg.rf.2eba93387063039997caf02c798050fd.jpg,no_hand_detected,1
valid,/content/American-Language-1/valid/images/W-64-_jpeg.rf.4f947e61325c56495c1e606ae2d229cf.jpg,no_hand_detected,1
valid,/content/American-Language-1/valid/images/W14_jpg.rf.2fbf3ad07e623714bbf4abdac2b0988c.jpg,no_hand_detected,1
valid,/content/American-Language-1/valid/images/X-11-_jpeg.rf.45f591ee341b75fa3f778e3b15dcfbe4.jpg,no_hand_detected,1
valid,/content/American-Language-1/valid/images/X-16-_jpeg.rf.a879c4355995e6ff9315d005fc4d9082.jpg,no_hand_detected,1
valid,/content/American-Language-1/valid/images/X-24-_jpeg.rf.bee0c042f7c6796c944c30f6c54830a0.jpg,no_hand_detected,1
valid,/content/American-Language-1/valid/images/X-25-_jpeg.rf.5282d952f641a096f279f8e107aa4f87.jpg,no_hand_detected,1
valid,/content/American-Language-1/valid/images/X-49-_jpeg.rf.584db09cb92c782d16bb9564f9233881.jpg,no_hand_detected,1
valid,/content/American-Language-1/valid/images/X-65-_jpeg.rf.3d5c541f2152cdeb641b1eebd8958804.jpg,no_hand_detected,1
valid,/content/American-Language-1/valid/images/X1_jpg.rf.5105ce22cac3cbc38838d58aeccda8f8.jpg,no_hand_detected,1
valid,/content/American-Language-1/valid/images/X25_jpg.rf.06e14e09fda2c269e17e00b874497e72.jpg,no_hand_detected,1
valid,/content/American-Language-1/valid/images/X7_jpg.rf.a0c95ef2be9cd7f06b8db9e2fc92f3e9.jpg,no_hand_detected,1
valid,/content/American-Language-1/valid/images/Y-10-_jpeg.rf.7ceb3b61a5d9715f9a88ef26b6965e8b.jpg,no_hand_detected,1
valid,/content/American-Language-1/valid/images/Y-11-_jpeg.rf.465a103724558e6a2e344b7d129969d5.jpg,no_hand_detected,1
valid,/content/American-Language-1/valid/images/Y-12-_jpeg.rf.f363c4625b55e46e2a2c637474ff5a5b.jpg,no_hand_detected,1
valid,/content/American-Language-1/valid/images/Y-21-_jpeg.rf.d1f981f3b1308c96c8bc09e67aff3a91.jpg,no_hand_detected,1
valid,/content/American-Language-1/valid/images/Y-30-_jpeg.rf.ceb901aeaaa4c4854e1019e7faa41533.jpg,no_hand_detected,1
valid,/content/American-Language-1/valid/images/Y-62-_jpeg.rf.31033d65333f0c7514175da304485bc8.jpg,no_hand_detected,1
valid,/content/American-Language-1/valid/images/Y-63-_jpeg.rf.974bbb5e0f8b85829b4ee7cba3dd0a61.jpg,no_hand_detected,1
valid,/content/American-Language-1/valid/images/Y-65-_jpeg.rf.4480896d47493b9dae4686c3353228d4.jpg,no_hand_detected,1
valid,/content/American-Language-1/valid/images/Y-68-_jpeg.rf.e04f04ff18d3a785f3d6fb2b7347aa58.jpg,no_hand_detected,1
valid,/content/American-Language-1/valid/images/Y-70-_jpeg.rf.33bc1cf13fad555ed13dcb7197229e2e.jpg,no_hand_detected,1
valid,/content/American-Language-1/valid/images/Y12_jpg.rf.4a6e9c2f329074c0fe3b8760927979e1.jpg,no_hand_detected,1
valid,/content/American-Language-1/valid/images/Y3_jpg.rf.f02da6a973e9d764ce69137e0164d238.jpg,no_hand_detected,1
valid,/content/American-Language-1/valid/images/Y8_jpg.rf.ae01066cc69169eb5a075604c2b24c42.jpg,no_hand_detected,1
valid,/content/American-Language-1/valid/images/Y9_jpg.rf.726bbcb082dbd0621921416a886aa26d.jpg,no_hand_detected,1
valid,/content/American-Language-1/valid/images/Z-20-_jpeg.rf.04f5a062b33988d9747cf0cf1a544131.jpg,no_hand_detected,1
valid,/content/American-Language-1/valid/images/Z-64-_jpeg.rf.62a561b94b170b829a4d8c54ccd90938.jpg,no_hand_detected,1
valid,/content/American-Language-1/valid/images/Z17_jpg.rf.1e901f3af57f9d8653bc01f662f630ce.jpg,no_hand_detected,1
valid,/content/American-Language-1/valid/images/Z26_jpg.rf.721e3338b20c520a0857ab4cdf68c2db.jpg,no_hand_detected,1
valid,/content/American-Language-1/valid/images/Z26_jpg.rf.e255ad7c5f285a9469d7ba0639e2a1b9.jpg,no_hand_detected,1
valid,/content/American-Language-1/valid/images/Z29_jpg.rf.6d8a484028231ecb9a67bd325d93199b.jpg,no_hand_detected,1
valid,/content/American-Language-1/valid/images/Z5_jpg.rf.c32b691a4733dcda0cc4c6412b688116.jpg,no_hand_detected,1
valid,/content/American-Language-1/valid/images/Z6_jpg.rf.ba0aa5185755b062ede247b0d9d2e407.jpg,no_hand_detected,1
valid,/content/American-Language-1/valid/images/Z8_jpg.rf.901a2336efab11d33ee90f3f61541ebc.jpg,no_hand_detected,1
test,/content/American-Language-1/test/images/A-2-_jpeg.rf.450e5359755be366f11814bfbcc3122d.jpg,no_hand_detected,1
test,/content/American-Language-1/test/images/A-68-_jpeg.rf.3fb532294210e314d2aff53925bb67d2.jpg,no_hand_detected,1
test,/content/American-Language-1/test/images/A5_jpg.rf.992a98b3eb4783aa74cc43a3c2bf6140.jpg,no_hand_detected,1
test,/content/American-Language-1/test/images/B-43-_jpeg.rf.038c2e87c46a71f1192d5c87cd252e97.jpg,no_hand_detected,1
test,/content/American-Language-1/test/images/C-28-_jpeg.rf.e1ddb840c6469ecc30110de64bb31aa9.jpg,no_hand_detected,1
test,/content/American-Language-1/test/images/C-5-_jpeg.rf.74d35df1040ce72bb4cb68cd853b7cdc.jpg,no_hand_detected,1
test,/content/American-Language-1/test/images/C-70-_jpeg.rf.6c60a375997964903db987266e9ad387.jpg,no_hand_detected,1
test,/content/American-Language-1/test/images/C-9-_jpeg.rf.3d4452e9c5ce4e3e3bf002575038184f.jpg,no_hand_detected,1
test,/content/American-Language-1/test/images/C13_jpg.rf.90a57e5ab76879a87b2a7d44639f9dce.jpg,no_hand_detected,1
test,/content/American-Language-1/test/images/C3_jpg.rf.1acd02adece52c97acd931bd64e2ef7f.jpg,no_hand_detected,1
test,/content/American-Language-1/test/images/D6_jpg.rf.02b5646e910e85ec58ba2c5ccac8a08a.jpg,no_hand_detected,1
test,/content/American-Language-1/test/images/E-16-_jpeg.rf.ea64ebd815ef37c9bff00b044f9f3c6d.jpg,no_hand_detected,1
test,/content/American-Language-1/test/images/E-18-_jpeg.rf.36a08dc8b939ea1fc2ff9708d657ce8b.jpg,no_hand_detected,1
test,/content/American-Language-1/test/images/E-21-_jpeg.rf.2deadac58b5b3470e9fc0458688aae10.jpg,no_hand_detected,1
test,/content/American-Language-1/test/images/E-22-_jpeg.rf.6e8961c6d574a3364520dadc126ffdee.jpg,no_hand_detected,1
test,/content/American-Language-1/test/images/E-26-_jpeg.rf.d8254a8ed0adc1faf0c0f8166b7afd9a.jpg,no_hand_detected,1
test,/content/American-Language-1/test/images/E-54-_jpeg.rf.e2601fd9f83c3c6e6a286f5542240b36.jpg,no_hand_detected,1
test,/content/American-Language-1/test/images/E-67-_jpeg.rf.0132d2759bfc658e12b4fa2cb069baf3.jpg,no_hand_detected,1
test,/content/American-Language-1/test/images/E19_jpg.rf.38d712d1547f66c5710b2308f7a2b717.jpg,no_hand_detected,1
test,/content/American-Language-1/test/images/E22_jpg.rf.71f97183d54bf885af39b09c74ff58a3.jpg,no_hand_detected,1
test,/content/American-Language-1/test/images/E23_jpg.rf.b0909ef0b6680b804d311d7583621671.jpg,no_hand_detected,1
test,/content/American-Language-1/test/images/F28_jpg.rf.49bd71aa5937525a3002a8e61b00d7ba.jpg,no_hand_detected,1
test,/content/American-Language-1/test/images/G-64-_jpeg.rf.200abcfa8be8b4000fcdfe2a4233a2c9.jpg,no_hand_detected,1
test,/content/American-Language-1/test/images/G-7-_jpeg.rf.39b5353b756ebb97014fff2550bd1294.jpg,no_hand_detected,1
test,/content/American-Language-1/test/images/G0_jpg.rf.6fb3c64ba2d8aacd614ab8f2661a8dc9.jpg,no_hand_detected,1
test,/content/American-Language-1/test/images/G24_jpg.rf.3f67c4bfbedfa9a641fbbe3e0397185a.jpg,no_hand_detected,1
test,/content/American-Language-1/test/images/H-11-_jpeg.rf.37860ce78d93ec516d02ff34084e7ac9.jpg,no_hand_detected,1
test,/content/American-Language-1/test/images/H-52-_jpeg.rf.d23c728852b9392aaebfd330335619b1.jpg,no_hand_detected,1
test,/content/American-Language-1/test/images/I21_jpg.rf.e1a3b6b2a6bfeef8aa0cf6e68e17f35e.jpg,no_hand_detected,1
test,/content/American-Language-1/test/images/I22_jpg.rf.485da58cb371d1024fb9692fc82ede88.jpg,no_hand_detected,1
test,/content/American-Language-1/test/images/I29_jpg.rf.7cd1c8d519635c7ebc70c532842ed0c7.jpg,no_hand_detected,1
test,/content/American-Language-1/test/images/J-11-_jpeg.rf.867a6ac02fe0a8a07995c528ca5c9803.jpg,no_hand_detected,1
test,/content/American-Language-1/test/images/J-21-_jpeg.rf.25bde61e88d4cd64c34f8b298faf8df5.jpg,no_hand_detected,1
test,/content/American-Language-1/test/images/J-25-_jpeg.rf.ecdc8356e2003182687436232b3dc5e8.jpg,no_hand_detected,1
test,/content/American-Language-1/test/images/J-3-_jpeg.rf.09795c92a5498af3c270482a2d01844c.jpg,no_hand_detected,1
test,/content/American-Language-1/test/images/J-4-_jpeg.rf.faf7b103bf2770212afcd7978a455c18.jpg,no_hand_detected,1
test,/content/American-Language-1/test/images/J-43-_jpeg.rf.fca4dc596bb5441217283bd4f8ad6de6.jpg,no_hand_detected,1
test,/content/American-Language-1/test/images/J-52-_jpeg.rf.71a265e93b46f0d8ce394b3d18be1ac1.jpg,no_hand_detected,1
test,/content/American-Language-1/test/images/J-55-_jpeg.rf.7c6f5cee0d12291b3ee9860b547de304.jpg,no_hand_detected,1
test,/content/American-Language-1/test/images/J-63-_jpeg.rf.71adc0bfe577064a0fb1a15cedbca63a.jpg,no_hand_detected,1
test,/content/American-Language-1/test/images/J-64-_jpeg.rf.494263e96650be1b0ef7034e13a9e1d6.jpg,no_hand_detected,1
test,/content/American-Language-1/test/images/J19_jpg.rf.223e8e34a71eb263e945a8726d95fa66.jpg,no_hand_detected,1
test,/content/American-Language-1/test/images/J20_jpg.rf.5235ecb614af0b3a46c90bcc4c53d614.jpg,no_hand_detected,1
test,/content/American-Language-1/test/images/J7_jpg.rf.2d688f56acc19a6daf2c21a25101a4c2.jpg,no_hand_detected,1
test,/content/American-Language-1/test/images/M-14-_jpeg.rf.5feb87453f6e30d92f7c8a7f57cd2cec.jpg,no_hand_detected,1
test,/content/American-Language-1/test/images/M-18-_jpeg.rf.b50eb7410c6f77bf478003a4d4b304e6.jpg,no_hand_detected,1
test,/content/American-Language-1/test/images/M-44-_jpeg.rf.50631434de02e076a04c09839b91d2ad.jpg,no_hand_detected,1
test,/content/American-Language-1/test/images/M-65-_jpeg.rf.a793886d6f2d3fe9fd59cf695f3979fe.jpg,no_hand_detected,1
test,/content/American-Language-1/test/images/M-66-_jpeg.rf.bcb44bdabb81d82e0fd8f6e79ef5c37c.jpg,no_hand_detected,1
test,/content/American-Language-1/test/images/M-7-_jpeg.rf.e3e80a7b296777373d45b478a1aab3db.jpg,no_hand_detected,1
test,/content/American-Language-1/test/images/M15_jpg.rf.d0793e5318846f1ae5e65e2f6ee5f2c0.jpg,no_hand_detected,1
test,/content/American-Language-1/test/images/M22_jpg.rf.43f1ca7d9b7ac09a4a4c36bed14e2148.jpg,no_hand_detected,1
test,/content/American-Language-1/test/images/M22_jpg.rf.9931cbeebf28f381891717f31337426a.jpg,no_hand_detected,1
test,/content/American-Language-1/test/images/N-60-_jpeg.rf.ba05dc2c39f6e6b01c3387f4fd8e8897.jpg,no_hand_detected,1
test,/content/American-Language-1/test/images/N-63-_jpeg.rf.da93d4d4f75afd76a0a26e8688a0de1d.jpg,no_hand_detected,1
test,/content/American-Language-1/test/images/N-66-_jpeg.rf.356db1a1756450721e7767364ef60a55.jpg,no_hand_detected,1
test,/content/American-Language-1/test/images/N-68-_jpeg.rf.5b0e49ec52f3b050d54beeb2602bc584.jpg,no_hand_detected,1
test,/content/American-Language-1/test/images/N0_jpg.rf.c0b93d1170ba4072c9be75e926b98a32.jpg,no_hand_detected,1
test,/content/American-Language-1/test/images/N12_jpg.rf.5b9be744f52ebd3edbd196453f3b4b7f.jpg,no_hand_detected,1
test,/content/American-Language-1/test/images/N13_jpg.rf.1a3a88a48980f02f2ce58b25ad159be2.jpg,no_hand_detected,1
test,/content/American-Language-1/test/images/N13_jpg.rf.1eceb27a10d50a74503f036f3d4be61c.jpg,no_hand_detected,1
test,/content/American-Language-1/test/images/N17_jpg.rf.b5c1ec1f3295a53f0fb930e300daa33d.jpg,no_hand_detected,1
test,/content/American-Language-1/test/images/N24_jpg.rf.1db791d6c69be093f8f6fc348576dc2e.jpg,no_hand_detected,1
test,/content/American-Language-1/test/images/N3_jpg.rf.46bf32808f56718f0a4b3990aa28d2c6.jpg,no_hand_detected,1
test,/content/American-Language-1/test/images/O-10-_jpeg.rf.179cd8d71b6c50654194b393f939de36.jpg,no_hand_detected,1
test,/content/American-Language-1/test/images/O-16-_jpeg.rf.0eb86bd0079f7944d2a2093d938b0c4c.jpg,no_hand_detected,1
test,/content/American-Language-1/test/images/O-21-_jpeg.rf.bac9bea719100e69c24aaa18d081e3f0.jpg,no_hand_detected,1
test,/content/American-Language-1/test/images/O-57-_jpeg.rf.1d53ae53a8fe55e2c7783db86e0a93a3.jpg,no_hand_detected,1
test,/content/American-Language-1/test/images/O-65-_jpeg.rf.3d1f15e8ecbe694050375790d5cb71a3.jpg,no_hand_detected,1
test,/content/American-Language-1/test/images/O-7-_jpeg.rf.f601885eb4091b8777b75d84f0096454.jpg,no_hand_detected,1
test,/content/American-Language-1/test/images/O18_jpg.rf.be4de0520d511b95a24b2d93db30cf61.jpg,no_hand_detected,1
test,/content/American-Language-1/test/images/O26_jpg.rf.7736935f90e764c3fb13dbe69651906c.jpg,no_hand_detected,1
test,/content/American-Language-1/test/images/O7_jpg.rf.9f162645b0ec48fe771f922504620713.jpg,no_hand_detected,1
test,/content/American-Language-1/test/images/P-1-_jpeg.rf.fad9c44cb556db4c86814407e7ed0ce3.jpg,no_hand_detected,1
test,/content/American-Language-1/test/images/P-60-_jpeg.rf.13392b62399e25946d84a4bdc1b5036e.jpg,no_hand_detected,1
test,/content/American-Language-1/test/images/P-68-_jpeg.rf.8a8142363479a246f016aa19165b9223.jpg,no_hand_detected,1
test,/content/American-Language-1/test/images/P0_jpg.rf.0adb5e656aa11cafbebf62494041dbd4.jpg,no_hand_detected,1
test,/content/American-Language-1/test/images/Q-64-_jpeg.rf.c017e731309f0119f3580d37e0957652.jpg,no_hand_detected,1
test,/content/American-Language-1/test/images/Q13_jpg.rf.e600771de26568c3cf953a1999f5570c.jpg,no_hand_detected,1
test,/content/American-Language-1/test/images/Q15_jpg.rf.655c984da14cc21b830a8dac7ce519a4.jpg,no_hand_detected,1
test,/content/American-Language-1/test/images/Q24_jpg.rf.4402bf283c3cf5f9a1cdd0146e00a2a8.jpg,no_hand_detected,1
test,/content/American-Language-1/test/images/R-43-_jpeg.rf.86f0f8f7d936036ecef5ef1e3173058b.jpg,no_hand_detected,1
test,/content/American-Language-1/test/images/S-16-_jpeg.rf.39b157f0c3876b0a9eeb1b4fcf4a7055.jpg,no_hand_detected,1
test,/content/American-Language-1/test/images/S-51-_jpeg.rf.8d06ccfca2ee06f2ca83775b42ff476b.jpg,no_hand_detected,1
test,/content/American-Language-1/test/images/S-64-_jpeg.rf.be33c625877bbd77c7ac5197e5a1c334.jpg,no_hand_detected,1
test,/content/American-Language-1/test/images/S13_jpg.rf.937ea95043ae3ca6f54a7e57ef024334.jpg,no_hand_detected,1
test,/content/American-Language-1/test/images/S26_jpg.rf.fba6d8f44c116aae6f2464abafaac4c8.jpg,no_hand_detected,1
test,/content/American-Language-1/test/images/T-25-_jpeg.rf.5789270a00a923d601a2c770cd86bfeb.jpg,no_hand_detected,1
test,/content/American-Language-1/test/images/T-33-_jpeg.rf.2f0d5cfbe2d99f735e9bbeac18169785.jpg,no_hand_detected,1
test,/content/American-Language-1/test/images/T-40-_jpeg.rf.b52773c2d4018f8aeb4805a3558327fc.jpg,no_hand_detected,1
test,/content/American-Language-1/test/images/T-61-_jpeg.rf.a7b40431188ee447ece36bfdea2e3d68.jpg,no_hand_detected,1
test,/content/American-Language-1/test/images/T-63-_jpeg.rf.2e6d6cbc335908e8046f1ec12a7ad37d.jpg,no_hand_detected,1
test,/content/American-Language-1/test/images/T3_jpg.rf.30c8d9756a22314d2f9b31fd2dd1ab02.jpg,no_hand_detected,1
test,/content/American-Language-1/test/images/U16_jpg.rf.ab73aad9821ae93adf5aa0d3990ab2ca.jpg,no_hand_detected,1
test,/content/American-Language-1/test/images/U1_jpg.rf.9341b4af0d72b24bbc339f27fc91ade2.jpg,no_hand_detected,1
test,/content/American-Language-1/test/images/U1_jpg.rf.98b32e007ff3456d35bc3698f177e414.jpg,no_hand_detected,1
test,/content/American-Language-1/test/images/V-12-_jpeg.rf.49296ec561091a0d45e329e64b889b00.jpg,no_hand_detected,1
test,/content/American-Language-1/test/images/V7_jpg.rf.78f52e63650e853c746e73568893c6f0.jpg,no_hand_detected,1
test,/content/American-Language-1/test/images/W-17-_jpeg.rf.04b326e169fa332ee231726891d66826.jpg,no_hand_detected,1
test,/content/American-Language-1/test/images/X-13-_jpeg.rf.401ff78e38f6723cd84adc4f17d1f11d.jpg,no_hand_detected,1
test,/content/American-Language-1/test/images/X-17-_jpeg.rf.6edb724c67a43cc3b8d375e1f048c9c9.jpg,no_hand_detected,1
test,/content/American-Language-1/test/images/X18_jpg.rf.0d7b1fa57a105ca23ca8dab8808ba389.jpg,no_hand_detected,1
test,/content/American-Language-1/test/images/X25_jpg.rf.18b69875a76adc19fb9353108ede3c27.jpg,no_hand_detected,1
test,/content/American-Language-1/test/images/X6_jpg.rf.cbda0a22dfd10b02fbf9b6507a92d27b.jpg,no_hand_detected,1
test,/content/American-Language-1/test/images/Y-29-_jpeg.rf.3e88d7cf4ffa73485451e64cac6079c0.jpg,no_hand_detected,1
test,/content/American-Language-1/test/images/Y-39-_jpeg.rf.9b4bd0480732ae59d018eb608a39cca5.jpg,no_hand_detected,1
test,/content/American-Language-1/test/images/Y-42-_jpeg.rf.4bd00ba5a0a96ddf1785962932d522c3.jpg,no_hand_detected,1
test,/content/American-Language-1/test/images/Z-13-_jpeg.rf.ed175e553a350f614b6e8c7885936397.jpg,no_hand_detected,1
test,/content/American-Language-1/test/images/Z-14-_jpeg.rf.664e0e4c41c87f181af0999aa76abbe2.jpg,no_hand_detected,1
test,/content/American-Language-1/test/images/Z-17-_jpeg.rf.18067fe26cd76fd3b36c8b4d75baf206.jpg,no_hand_detected,1
test,/content/American-Language-1/test/images/Z12_jpg.rf.97eb46e9268920e6057f3c59026d0b84.jpg,no_hand_detected,1
test,/content/American-Language-1/test/images/Z13_jpg.rf.44f9223afb14ab08eaf9875e8903281c.jpg,no_hand_detected,1
test,/content/American-Language-1/test/images/Z19_jpg.rf.a2f5b5af7a1f52d62af94d95cd4e3047.jpg,no_hand_detected,1
test,/content/American-Language-1/test/images/Z21_jpg.rf.e1403118e5faaf17366e9a5558a5b19c.jpg,no_hand_detected,1
test,/content/American-Language-1/test/images/Z7_jpg.rf.ed6a51be1a00be7d95cee71b1aedc287.jpg,no_hand_detected,1
